budget_m_adj,marketing_budget_m,release_month,genre_encoded,is_franchise,sequel_number,director_score,cast_score,screen_count,mpaa_rating_encoded,runtime,trailer_views_m,social_sentiment,rt_score,competition_level,release_year,worldwide_gross_m
341.28,170.6,12,0,1.0,1.0,1844.4,105.1696224,4500.0,2,162.0,60.24,0.55,69.9,9.5,2009.0,4014.66972528
447.0,223.5,5,0,1.0,3.0,755.0,585.3,4500.0,2,169.0,59.31,0.475,67.8,5.4,2007.0,1431.89
318.5,159.2,10,0,1.0,4.0,416.1,724.7,4500.0,2,148.0,56.23,0.325,63.6,7.1,2015.0,1144.8769917000002
335.0,167.5,7,0,1.0,3.0,715.7,486.3,4500.0,2,165.0,56.76,0.65,72.7,9.4,2012.0,1453.81839266
348.40000000000003,174.2,3,0,0.0,1.0,1006.9,105.1696224,4001.0,2,132.0,45.66,0.275,62.2,2.1,2012.0,380.746394
384.42,192.2,5,8,1.0,3.0,912.1,900.0,4500.0,2,139.0,57.12,0.225,60.8,5.0,2007.0,1327.39872274
369.2,184.6,11,5,0.0,1.0,105.1696224,638.1,4500.0,2,100.0,46.87,0.6,71.3,7.2,2010.0,840.3488091199999
364.0,182.0,4,0,1.0,11.0,1049.0,1057.1,4500.0,2,141.0,58.89,0.575,70.6,4.5,2015.0,1827.0248022
360.0,180.0,7,0,1.0,6.0,1397.9,1466.9,4500.0,2,153.0,55.25,0.6,71.3,8.0,2009.0,1344.9012436799999
320.0,160.0,3,0,1.0,2.0,422.9,269.6,4101.0,2,151.0,60.66,0.175,59.4,3.7,2016.0,1117.77304832
415.8,207.9,6,0,1.0,2.0,421.9,105.1696224,4500.0,2,154.0,48.92,0.1,57.3,9.3,2006.0,602.26503568
288.0,144.0,10,0,1.0,2.0,115.5,314.9,4352.0,2,106.0,56.29,0.275,62.2,7.2,2008.0,843.97064688
308.0,154.0,6,0,1.0,2.0,459.7,477.2,4303.0,2,151.0,59.87,0.5,68.5,8.1,2006.0,1641.11611048
336.6,168.3,7,0,0.0,1.0,906.0,785.2,4500.0,2,149.0,46.96,0.225,60.8,9.7,2013.0,117.86268120000001
297.0,148.5,6,0,1.0,1.0,281.5,22.6,4334.0,2,143.0,55.31,0.375,65.0,8.7,2013.0,874.95608376
324.0,162.0,5,0,0.0,1.0,1182.3,105.1696224,4139.0,2,150.0,48.08,0.325,63.6,5.7,2008.0,604.2980347199999
294.8,147.4,4,4,1.0,6.0,61.8,489.1,4277.0,2,143.0,59.76,0.6,71.3,5.6,2012.0,2036.2075994000002
520.6,260.3,5,0,1.0,4.0,287.7,798.4,4500.0,2,136.0,58.99,0.35,64.3,5.6,2011.0,1432.62790874
301.5,150.8,5,0,0.0,3.0,511.8,614.2,4500.0,2,106.0,47.65,0.3,62.9,8.3,2012.0,836.1958798400001
325.0,162.5,12,0,1.0,6.0,1104.5,715.6,4433.0,2,144.0,57.64,0.525,69.2,8.9,2014.0,1242.8257244
288.1,144.0,6,0,1.0,1.0,87.4,105.1696224,4016.0,2,136.0,54.11,0.375,65.0,7.7,2012.0,1007.9692483800001
284.0,142.0,5,0,0.0,1.0,252.8,164.9,3802.0,2,140.0,43.86,0.3,62.9,6.0,2010.0,441.1507468
330.0,165.0,12,0,1.0,5.0,1170.1,166.1,4500.0,2,161.0,54.69,0.65,72.7,10.0,2013.0,1265.088
268.2,134.1,12,0,0.0,1.0,329.9,105.1696224,3828.0,2,113.0,45.41,0.2,60.1,8.8,2007.0,554.6299473600001
329.13,164.6,12,0,1.0,1.0,1251.1,146.0,4341.0,2,187.0,49.57,0.4,65.7,8.4,2005.0,874.5
386.0,193.0,11,2,0.0,1.0,986.1,274.0,4500.0,2,194.0,55.38,0.625,72.0,6.5,1997.0,3560.91598284
320.0,160.0,4,0,1.0,13.0,565.0,347.1,4500.0,2,147.0,63.54,0.525,69.2,5.8,2016.0,1476.2297536
280.06,140.0,4,7,0.0,1.0,295.6,380.7,4129.0,2,131.0,50.26,0.125,58.0,5.5,2012.0,406.0541499
195.0,97.5,6,0,1.0,4.0,5.4,807.6,3294.0,2,124.0,72.47,0.375,65.0,8.6,2015.0,1967.587453
268.0,134.0,10,0,1.0,3.0,251.6,428.2,4031.0,2,143.0,54.52,0.475,67.8,6.6,2012.0,1485.4717574200001
328.0,164.0,6,0,1.0,2.0,725.5,707.3,4500.0,2,127.0,43.05,0.425,66.4,10.0,2004.0,1285.3767992399999
264.0,132.0,4,0,1.0,7.0,25.1,887.2,3698.0,2,130.0,52.38,0.45,67.1,4.4,2013.0,1604.3807920800002
284.0,142.0,3,5,0.0,1.0,396.3,105.1696224,3861.0,2,108.0,52.51,0.35,64.3,4.2,2010.0,1456.1973761999998
323.40000000000003,161.7,5,0,1.0,3.0,356.1,105.1696224,4149.0,2,104.0,18.97,0.325,63.6,5.8,2006.0,707.4137147
264.0,132.0,6,5,1.0,2.0,105.1696224,160.5,4056.0,2,104.0,54.02,0.5,68.5,8.9,2013.0,981.4986812400001
216.0,108.0,6,4,1.0,2.0,722.8,347.2,3755.0,2,150.0,37.59,0.25,61.5,9.7,2009.0,1204.26800832
273.0,136.5,6,4,1.0,4.0,834.8,231.5,3890.0,2,165.0,57.23,0.2,60.1,7.8,2014.0,1418.8266261
264.0,132.0,3,8,0.0,1.0,838.9,195.4,3546.0,2,130.0,46.45,0.175,59.4,3.7,2013.0,649.26648336
260.0,130.0,4,0,1.0,2.0,547.7,1008.0,3511.0,2,142.0,54.03,0.375,65.0,3.8,2014.0,917.4326616000001
241.39999999999998,120.7,12,0,0.0,1.0,105.1696224,105.1696224,3842.0,2,125.0,51.78,0.325,63.6,10.0,2010.0,568.08912346
274.0,137.0,6,5,1.0,2.0,798.3,300.6,4200.0,2,106.0,47.18,0.2,60.1,9.1,2011.0,766.9977825200001
274.0,137.0,6,0,0.0,1.0,423.8,76.5,4130.0,2,114.0,47.61,0.05,55.2,8.8,2011.0,301.19610564
284.0,142.0,6,5,1.0,3.0,105.1696224,547.0,3807.0,2,103.0,49.33,0.65,72.7,7.0,2010.0,1515.0969782599998
288.0,144.0,5,0,1.0,4.0,326.0,415.1,4161.0,2,115.0,51.46,0.225,60.8,7.3,2009.0,534.74832144
247.0,123.5,4,0,1.0,7.0,188.3,255.0,3711.0,2,137.0,55.65,0.575,70.6,5.2,2015.0,1958.124168
264.0,132.0,6,0,0.0,1.0,246.1,151.6,3917.0,2,116.0,53.0,0.425,66.4,8.3,2013.0,702.0618000000001
325.0,162.5,5,0,1.0,7.0,474.0,449.8,4500.0,2,131.0,57.36,0.625,72.0,8.3,2014.0,972.2216075000001
250.8,125.4,5,0,1.0,2.0,508.1,483.3,3786.0,2,132.0,52.48,0.6,71.3,7.3,2013.0,616.92212472
257.40000000000003,128.7,2,0,0.0,1.0,431.3,154.4,4012.0,2,114.0,45.51,0.125,58.0,4.0,2013.0,260.94763596
138.6,69.3,5,2,0.0,1.0,225.1,395.6,2610.0,2,143.0,49.56,0.575,70.6,7.1,2013.0,463.37335308
213.0,106.5,5,0,0.0,1.0,511.2,48.6,3431.0,2,116.0,49.75,0.3,62.9,7.4,2010.0,475.91959306
237.60000000000002,118.8,7,0,0.0,1.0,197.2,105.1696224,3797.0,2,131.0,48.63,0.425,66.4,8.9,2013.0,538.0358359200001
267.15000000000003,133.6,6,0,1.0,3.0,753.2,583.1,3361.0,2,154.0,40.62,0.275,62.2,5.8,2011.0,1539.5333845200003
266.4,133.2,5,0,1.0,4.0,546.0,138.5,3752.0,2,122.0,52.07,0.175,59.4,6.5,2008.0,1132.75588752
227.5,113.8,11,0,0.0,1.0,105.1696224,105.1696224,3310.0,2,93.0,47.57,0.4,65.7,6.3,2015.0,431.5039911
247.9,124.0,6,5,0.0,1.0,105.1696224,105.1696224,3455.0,2,93.0,58.05,0.425,66.4,7.0,2012.0,722.23749738
236.8,118.4,7,0,1.0,2.0,550.9,343.2,3472.0,2,122.0,50.34,0.4,65.7,7.6,2016.0,439.64392448
259.2,129.6,6,5,0.0,1.0,1135.0,105.1696224,4315.0,2,98.0,50.53,0.7,74.1,10.0,2008.0,750.6890784
208.6,104.3,8,0,0.0,3.0,443.9,607.8,2983.0,2,91.0,37.92,0.275,62.2,4.7,2007.0,384.45312717
288.0,144.0,10,0,0.0,1.0,963.2,103.0,4419.0,2,158.0,46.02,0.15,58.7,7.5,2009.0,1108.3011768
288.0,144.0,11,5,0.0,1.0,435.3,246.9,3491.0,2,96.0,44.49,0.4,65.7,4.5,2009.0,468.33676271999997
228.8000039,114.4,2,4,0.0,1.0,593.2,105.1696224,3371.0,2,124.0,53.5,0.05,55.9,2.5,2015.0,239.1840399
230.4,115.2,6,0,0.0,1.0,1371.4,105.1696224,3561.0,2,109.0,45.34,0.125,58.0,8.2,2016.0,456.63111808
286.2,143.1,12,0,0.0,1.0,1178.1,105.1696224,4267.0,2,143.0,50.7,0.425,66.4,9.9,2005.0,1190.6030616300002
227.84,113.9,5,4,1.0,8.0,561.8,187.0,3727.0,2,144.0,59.32,0.35,64.3,8.1,2016.0,696.2365273600001
266.4,133.2,7,2,1.0,2.0,257.8,127.6,4142.0,2,152.0,62.86,0.8,76.9,9.2,2008.0,1446.5641593599998
252.0,126.0,5,5,0.0,1.0,984.9,105.1696224,3598.0,2,96.0,54.42,0.675,73.4,6.5,2009.0,1058.5426780799999
252.0,126.0,3,5,1.0,1.0,105.1696224,177.8,3558.0,2,94.0,43.39,0.25,61.5,4.3,2009.0,549.3742127999999
201.6,100.8,4,0,1.0,1.0,134.4,14.5,3516.0,2,126.0,57.62,0.6,71.3,6.3,2008.0,842.65087968
232.9,116.4,11,0,0.0,1.0,275.3,3.9,3462.0,2,126.0,42.07,0.5,68.5,6.7,2011.0,254.50511920000002
316.2,158.1,6,0,0.0,1.0,602.0,790.9,3916.0,2,106.0,44.78,0.05,55.2,6.1,1999.0,413.11470666
208.79999999999998,104.4,7,0,0.0,1.0,267.8,239.3,2891.0,2,112.0,49.34,0.05,55.9,6.3,2008.0,577.62524016
224.0,112.0,8,0,1.0,3.0,93.3,448.5,3118.0,2,123.0,54.16,0.225,60.8,4.6,2016.0,953.6
260.75,130.4,6,8,0.0,1.0,378.3,174.0,3982.0,2,96.0,40.02,0.075,56.6,8.7,2007.0,257.77
231.4,115.7,5,0,0.0,1.0,307.2,456.5,3564.0,2,113.0,52.65,0.65,72.7,7.2,2014.0,481.7036328
355.24999999999994,177.6,7,0,0.0,1.0,886.4,602.6,4500.0,2,135.0,45.85,0.225,60.8,9.0,1995.0,536.3629865999999
252.0,126.0,8,0,0.0,1.0,389.5,263.4,3570.0,2,118.0,42.26,0.15,58.7,5.4,2009.0,435.55538448
227.5,113.8,6,2,1.0,1.0,1021.7,105.1696224,3530.0,2,94.0,58.38,0.75,75.5,8.2,2015.0,1114.8945262
224.0,112.0,4,5,0.0,1.0,426.4,105.1696224,3659.0,2,106.0,54.67,0.425,66.4,5.9,2016.0,1237.184768
284.0,142.0,4,0,1.0,3.0,311.5,334.4,3932.0,2,124.0,52.33,0.4,65.7,4.5,2010.0,885.9853300199999
227.8,113.9,5,0,0.0,1.0,105.1696224,651.7,3638.0,2,127.0,52.31,0.2,60.1,7.7,2012.0,531.4440000000001
234.0,117.0,5,8,0.0,1.0,105.1696224,347.9,3308.0,2,97.0,56.58,0.5,68.5,6.0,2014.0,986.1017205
221.0,110.5,6,4,1.0,2.0,140.1,105.1696224,3283.0,2,130.0,66.0,0.575,70.6,7.5,2014.0,923.8379358000001
231.0,115.5,12,2,0.0,1.0,105.1696224,266.5,3376.0,2,119.0,45.08,0.225,60.8,8.4,2013.0,199.27046700000002
221.0,110.5,3,0,1.0,9.0,200.9,179.8,2991.0,2,136.0,51.52,0.65,72.7,3.2,2014.0,929.1965436
234.29999999999998,117.2,5,1,1.0,4.0,129.6,823.4,3713.0,2,93.0,45.69,0.25,61.5,7.7,2010.0,1068.6932311399999
247.0,123.5,5,0,0.0,1.0,676.8,105.1696224,3506.0,2,130.0,58.53,0.3,62.9,6.3,2015.0,271.90061860000003
214.5,107.2,10,0,0.0,1.0,446.4,105.1696224,3349.0,2,102.0,63.86,0.7,74.1,6.0,2014.0,847.7370759
221.10000000000002,110.6,11,5,0.0,1.0,105.1696224,25.4,3579.0,2,108.0,49.78,0.525,69.2,7.7,2012.0,631.4386712600001
270.59999999999997,135.3,11,0,0.0,1.0,625.6,579.8,4062.0,2,100.0,46.53,0.35,64.3,7.7,2004.0,501.6361971999999
211.20000000000002,105.6,6,0,0.0,1.0,536.1,105.1696224,3545.0,2,120.0,46.89,0.05,53.8,9.0,2016.0,498.79287680000004
234.29999999999998,117.2,3,8,1.0,1.0,250.7,105.1696224,3509.0,2,98.0,50.68,0.625,72.0,4.9,2010.0,702.72783778
336.0,168.0,7,0,1.0,3.0,163.3,287.0,4412.0,2,109.0,51.05,0.225,60.8,7.4,2003.0,730.8
221.0,110.5,7,0,1.0,10.0,105.1696224,609.9,3382.0,2,121.0,74.14,0.725,74.8,7.9,2014.0,1005.3272177
214.5,107.2,11,0,0.0,1.0,967.3,76.7,2754.0,2,169.0,79.04,0.775,76.2,4.5,2014.0,877.6560221
227.2,113.6,7,0,0.0,1.0,495.5,279.9,2966.0,2,148.0,61.53,0.775,76.2,5.8,2010.0,1172.25652488
19.2,9.6,7,0,0.0,1.0,105.1696224,105.1696224,929.0,2,120.0,28.19,0.375,65.0,6.0,2016.0,98.56
335.0,167.5,11,0,1.0,4.0,1201.4,12.3,4201.0,2,169.0,56.39,0.5,68.5,5.5,2012.0,1368.27878112
66.5,33.2,6,0,1.0,1.0,201.2,8.7,2005.0,2,106.0,24.82,0.4,65.7,8.6,2001.0,362.74686875000003
216.0,108.0,11,8,0.0,1.0,305.5,62.0,3043.0,2,166.0,49.38,0.575,70.6,5.6,2008.0,480.86219951999993
219.20000000000002,109.6,5,0,1.0,5.0,119.3,105.1696224,3260.0,2,132.0,17.21,0.525,69.2,6.4,2011.0,484.46504988000004
208.0,104.0,11,0,1.0,4.0,781.2,620.3,3735.0,2,137.0,58.25,0.4,65.7,8.9,2015.0,849.4567393000001
213.0,106.5,7,8,0.0,1.0,331.6,140.9,3205.0,2,109.0,43.19,0.2,60.1,7.5,2010.0,305.70291363999996
246.4,123.2,5,0,0.0,1.0,598.9,55.8,3922.0,2,99.0,37.17,0.125,58.0,8.1,2006.0,279.77921818
217.6,108.8,5,8,1.0,2.0,165.4,149.8,3049.0,2,113.0,48.57,0.375,65.0,5.6,2016.0,383.19370752000003
238.4,119.2,5,8,1.0,3.0,105.1696224,715.1,3512.0,2,93.0,45.41,0.25,61.5,6.7,2007.0,1190.44766585
204.8,102.4,5,0,0.0,1.0,108.0,40.7,2915.0,2,123.0,49.93,0.325,63.6,5.6,2016.0,555.10679424
201.5,100.8,6,4,1.0,5.0,850.8,291.1,3096.0,2,126.0,63.76,0.2,60.1,7.5,2015.0,572.7845981
220.1,110.0,8,0,0.0,1.0,265.4,105.1696224,3695.0,2,113.0,47.1,0.3,62.9,7.3,2010.0,590.2744281399999
245.0,122.5,5,2,0.0,1.0,666.4,42.6,3045.0,2,183.0,42.73,0.4,65.7,4.4,2001.0,786.1366537499999
223.5,111.8,6,0,1.0,1.0,643.3,140.7,3587.0,2,144.0,39.31,0.4,65.7,8.7,2007.0,1057.4675722
254.2,127.1,11,0,0.0,1.0,189.7,64.9,3825.0,2,175.0,44.27,0.15,58.7,7.4,2004.0,274.36903487999996
223.5,111.8,6,0,1.0,5.0,105.1696224,1484.1,3227.0,2,138.0,52.46,0.6,71.3,7.1,2007.0,1397.9369796199999
238.5,119.2,11,0,1.0,4.0,306.6,1504.0,3079.0,2,157.0,55.53,0.625,72.0,4.8,2005.0,1424.51444724
216.0,108.0,7,8,0.0,1.0,94.6,620.4,3385.0,2,92.0,48.68,0.3,62.9,8.1,2008.0,898.6022942399999
223.5,111.8,12,2,0.0,1.0,105.1696224,476.7,3250.0,2,101.0,51.3,0.475,67.8,8.2,2007.0,872.1700249
238.5,119.2,7,0,0.0,1.0,333.7,344.1,3666.0,2,115.0,48.07,0.425,66.4,8.3,2005.0,755.20033317
223.5,111.8,6,5,0.0,1.0,105.1696224,105.1696224,3443.0,2,111.0,50.4,0.625,72.0,8.0,2007.0,929.34699882
238.5,119.2,6,0,1.0,1.0,133.5,39.6,4146.0,2,140.0,57.05,0.625,72.0,10.0,2005.0,595.0076900700001
216.0,108.0,10,5,1.0,2.0,586.7,625.8,3276.0,2,89.0,45.72,0.3,62.9,5.6,2008.0,869.61650976
216.0,108.0,5,0,0.0,1.0,366.5,743.9,3002.0,2,105.0,52.99,0.225,60.8,5.5,2009.0,594.8728848
216.0,108.0,4,0,1.0,4.0,26.3,249.8,3423.0,2,107.0,23.27,0.3,62.9,5.3,2009.0,537.21052416
252.0,126.0,11,0,1.0,3.0,705.6,516.7,3797.0,2,129.0,51.7,0.35,64.3,7.3,2003.0,713.9801944799999
198.0,99.0,11,5,1.0,1.0,105.1696224,36.9,3656.0,2,102.0,61.35,0.575,70.6,9.0,2013.0,1681.96909188
252.0,126.0,5,0,1.0,2.0,438.0,292.3,4012.0,2,138.0,51.28,0.425,66.4,8.3,2003.0,1240.8474976799998
224.4,112.2,10,0,1.0,8.0,105.1696224,615.6,3569.0,2,112.0,55.32,0.45,67.1,6.5,2013.0,850.83425064
195.0,97.5,5,0,0.0,1.0,309.8,18.0,3662.0,2,120.0,72.91,0.55,69.9,9.2,2015.0,492.515842
216.0,108.0,5,7,0.0,1.0,626.9,506.5,2944.0,2,138.0,50.71,0.375,65.0,5.2,2009.0,513.5233521600001
205.50000000000003,102.8,4,0,1.0,4.0,105.1696224,105.1696224,3031.0,2,115.0,53.66,0.4,65.7,4.0,2011.0,615.57746666
216.0,108.0,11,5,0.0,36.0,105.1696224,142.1,3036.0,2,98.0,45.09,0.325,63.6,5.6,2008.0,446.37119135999995
216.0,108.0,7,8,0.0,1.0,105.1696224,25.5,3224.0,2,88.0,39.86,0.05,55.2,7.4,2009.0,421.65769104
201.0,100.5,3,0,0.0,1.0,277.4,1469.0,2728.0,2,99.0,45.92,0.125,58.0,2.9,2012.0,403.34000000000003
201.0,100.5,5,1,0.0,1.0,647.6,1047.6,3432.0,2,113.0,47.25,0.175,59.4,8.0,2012.0,329.00637966000005
195.0,97.5,7,0,1.0,5.0,163.5,495.1,3072.0,2,131.0,56.99,0.525,69.2,7.7,2015.0,887.0291807000001
223.5,111.8,10,5,0.0,1.0,105.1696224,105.1696224,2920.0,2,91.0,40.95,0.175,59.4,3.8,2007.0,428.51591973
205.50000000000003,102.8,5,5,1.0,2.0,105.1696224,336.1,2900.0,2,91.0,47.47,0.425,66.4,5.5,2011.0,911.9984249700001
213.0,106.5,6,0,0.0,1.0,374.0,105.1696224,3440.0,2,103.0,42.58,0.05,52.4,8.5,2010.0,452.27415066
231.0,115.5,5,0,1.0,1.0,105.1696224,607.5,3803.0,2,126.0,49.92,0.375,65.0,8.3,2006.0,612.68901848
198.0,99.0,6,0,0.0,1.0,803.8,223.4,3879.0,2,131.0,44.27,0.35,64.3,10.0,2013.0,271.08409284000004
205.50000000000003,102.8,3,0,0.0,1.0,314.1,57.7,4275.0,2,88.0,31.11,0.125,58.0,9.4,2011.0,53.420078460000006
229.46,114.7,10,0,0.0,1.0,105.1696224,300.0,3640.0,2,85.0,37.91,0.25,61.5,6.6,2006.0,99.26734664
195.0,97.5,9,0,0.0,1.0,129.6,105.1696224,2804.0,2,111.0,46.71,0.225,60.8,3.5,2015.0,166.904816
188.5,94.2,2,5,0.0,1.0,335.3,105.1696224,2339.0,2,92.0,44.19,0.425,66.4,1.0,2014.0,354.786159
287.0,143.5,5,0,0.0,1.0,526.7,298.5,4164.0,2,163.0,50.6,0.475,67.8,7.4,2004.0,815.75215728
194.3,97.2,6,5,1.0,3.0,549.4,565.9,2858.0,2,93.0,45.94,0.35,64.3,6.8,2012.0,1000.8745071600001
240.79999999999998,120.4,11,0,0.0,1.0,184.1,387.9,3463.0,2,133.0,48.12,0.2,60.1,6.4,2002.0,742.99031952
184.32,92.2,7,0,0.0,1.0,302.3,115.7,2829.0,2,116.0,50.5,0.075,56.6,7.1,2016.0,293.30881152
266.0,133.0,7,0,0.0,1.0,473.6,433.6,3811.0,2,151.0,49.03,0.35,64.3,7.8,1998.0,1052.2191754
240.79999999999998,120.4,7,0,0.0,2.0,446.7,734.2,3981.0,2,88.0,54.3,0.25,61.5,9.6,2002.0,759.92834116
104.3,52.2,11,0,0.0,1.0,660.4,105.1696224,2298.0,2,115.0,43.2,0.125,58.0,7.2,2007.0,291.64645523999997
185.6,92.8,1,0,1.0,3.0,912.0,311.4,3000.0,2,95.0,48.67,0.425,66.4,2.8,2016.0,667.098656
198.65,99.3,12,0,1.0,4.0,539.3,514.2,2824.0,2,133.0,52.4,0.45,67.1,7.4,2011.0,951.7573306000002
194.3,97.2,11,8,0.0,1.0,105.1696224,555.4,2557.0,2,97.0,49.68,0.525,69.2,4.5,2012.0,411.3018378
159.0,79.5,12,1,0.0,1.0,94.3,377.6,2620.0,2,90.0,39.17,0.225,60.8,8.3,2005.0,321.22151808
235.2,117.6,12,2,0.0,1.0,252.0,559.2,3533.0,2,154.0,47.72,0.575,70.6,8.9,2003.0,767.35508808
182.0,91.0,12,0,0.0,1.0,327.1,448.9,3639.0,2,150.0,55.57,0.15,58.7,10.0,2014.0,348.4413764
216.0,108.0,5,4,0.0,1.0,612.7,105.1696224,3406.0,2,127.0,51.75,0.6,71.3,7.2,2009.0,555.37984224
239.07999999999998,119.5,5,8,1.0,1.0,37.7,1.2,3935.0,2,121.0,53.1,0.45,67.1,8.5,2002.0,1413.33870772
188.5,94.2,6,8,1.0,2.0,105.1696224,702.7,2910.0,2,102.0,55.41,0.65,72.7,7.3,2014.0,791.8599624000001
179.20000000000002,89.6,2,8,0.0,1.0,260.4,0.8,2577.0,2,127.0,48.57,0.075,56.6,1.2,2016.0,192.87150592000003
214.65,107.3,7,0,0.0,1.0,288.7,105.1696224,3009.0,2,121.0,35.26,0.05,53.8,6.6,2005.0,122.32337937
187.2,93.6,3,0,0.0,1.0,409.3,105.1696224,2818.0,2,163.0,50.24,0.5,68.5,3.9,2009.0,266.77293552
266.0,133.0,7,0,0.0,4.0,261.0,502.0,4500.0,2,127.0,39.03,0.325,63.6,10.0,1998.0,542.3447457
230.16,115.1,6,2,0.0,1.0,168.8,105.1696224,3214.0,2,138.0,43.0,0.075,56.6,6.8,2003.0,412.20560639999997
171.6,85.8,3,0,0.0,1.0,192.7,174.1,3209.0,2,110.0,49.2,0.1,57.3,6.3,2013.0,490.87668696000003
206.70000000000002,103.4,4,0,0.0,1.0,105.1696224,224.7,2951.0,2,124.0,37.42,0.175,59.4,3.6,2005.0,189.63848274
239.75,119.9,7,0,0.0,1.0,105.1696224,105.1696224,3924.0,2,106.0,39.58,0.225,60.8,9.4,2001.0,148.98070249999998
191.8,95.9,7,0,1.0,5.0,411.3,117.5,3253.0,2,124.0,51.89,0.4,65.7,8.6,2011.0,507.68059038
251.10000000000002,125.6,11,0,0.0,1.0,34.2,483.2,3656.0,2,128.0,44.45,0.25,61.5,6.8,1999.0,673.008264
252.0,126.0,11,0,0.0,1.0,501.8,463.0,3706.0,2,138.0,43.64,0.475,67.8,6.9,2003.0,356.17866648
160.8,80.4,11,0,1.0,2.0,125.4,627.6,2579.0,2,115.0,55.34,0.275,62.2,6.0,2012.0,1110.8600000000001
178.10000000000002,89.1,11,5,0.0,1.0,361.6,1125.9,3137.0,2,100.0,35.19,0.2,60.1,7.7,2011.0,206.05685842
216.0,108.0,6,4,1.0,2.0,97.3,78.1,3201.0,2,114.0,49.89,0.275,62.2,7.3,2008.0,235.74538656
179.20000000000002,89.6,6,0,0.0,1.0,493.9,105.1696224,2563.0,2,120.0,45.73,0.25,61.5,6.2,2016.0,234.68235392
175.5,87.8,12,0,0.0,1.0,120.4,537.5,2508.0,2,156.0,55.46,0.575,70.6,7.1,2015.0,692.8356539
178.20000000000002,89.1,7,5,0.0,1.0,105.1696224,123.6,3042.0,2,96.0,45.88,0.275,62.2,8.3,2013.0,372.99330024
184.95000000000002,92.5,3,5,0.0,1.0,890.4,882.1,3602.0,2,107.0,41.17,0.4,65.7,7.4,2011.0,336.64270611
171.6,85.8,11,5,1.0,1.0,681.0,105.1696224,2972.0,2,92.0,53.36,0.375,65.0,7.2,2014.0,485.6177222
104.3,52.2,8,0,1.0,3.0,295.3,236.0,2201.0,2,115.0,46.04,0.575,70.6,5.8,2007.0,659.80796562
187.2,93.6,6,0,1.0,1.0,105.1696224,172.0,3172.0,2,90.0,53.41,0.475,67.8,8.4,2008.0,909.7121663999999
169.0,84.5,7,4,1.0,12.0,268.0,76.5,3347.0,2,117.0,57.56,0.5,68.5,10.0,2015.0,675.1055545
171.6,85.8,11,0,1.0,2.0,514.3,335.1,2993.0,2,146.0,52.17,0.6,71.3,7.3,2013.0,1118.59895664
175.5,87.8,3,8,0.0,1.0,44.2,105.1696224,2811.0,2,94.0,49.99,0.45,67.1,4.4,2015.0,479.5323091
209.88000000000002,104.9,6,0,0.0,1.0,582.1,616.1,3686.0,2,116.0,46.84,0.3,62.9,9.7,2005.0,940.86561261
218.4,109.2,7,0,0.0,2.0,696.4,188.4,3534.0,2,147.0,43.98,0.325,63.6,8.6,2003.0,459.21045408000003
178.10000000000002,89.1,10,0,0.0,1.0,1190.4,162.0,3519.0,2,90.0,36.92,0.35,64.3,8.3,2011.0,760.3328434900001
156.2,78.1,7,0,0.0,1.0,280.0,317.2,2826.0,2,100.0,46.9,0.3,62.9,8.3,2010.0,416.52728365999997
162.5,81.2,3,2,0.0,1.0,141.7,153.1,2396.0,2,139.0,46.23,0.15,58.7,3.2,2014.0,471.4287149
178.10000000000002,89.1,10,0,0.0,1.0,649.3,198.0,2502.0,2,107.0,54.12,0.425,66.4,3.9,2011.0,509.55789727
213.2,106.6,5,0,1.0,3.0,58.8,1608.4,3910.0,2,141.0,52.69,0.675,73.4,9.5,2004.0,1295.27946856
187.2,93.6,11,2,0.0,1.0,301.9,104.8,3675.0,2,165.0,40.75,0.325,63.6,9.6,2008.0,71.35776288
171.6,85.8,5,4,0.0,1.0,375.2,105.1696224,2853.0,2,100.0,45.37,0.05,54.5,6.7,2013.0,321.87292764
229.5,114.8,5,5,0.0,1.0,105.1696224,105.1696224,3361.0,2,82.0,39.79,0.3,62.9,6.4,2000.0,637.6465134
165.1,82.6,12,0,0.0,1.0,266.6,429.0,3363.0,2,97.0,57.1,0.275,62.2,10.0,2014.0,454.25156660000005
184.6,92.3,10,5,0.0,1.0,105.1696224,171.8,2659.0,2,95.0,50.94,0.425,66.4,4.3,2010.0,457.07983535999995
218.75,109.4,11,0,1.0,1.0,759.5,105.1696224,3074.0,2,152.0,56.51,0.625,72.0,5.7,2001.0,1708.8322125
171.6,85.8,7,8,0.0,1.0,200.9,168.0,3141.0,2,96.0,44.4,0.1,57.3,9.0,2013.0,81.37602
235.2,117.6,7,0,1.0,1.0,258.7,88.3,3414.0,2,143.0,67.31,0.625,72.0,7.4,2003.0,1100.4188563199998
162.5,81.2,11,4,1.0,3.0,715.7,531.0,2823.0,2,123.0,64.01,0.4,65.7,7.0,2014.0,977.7302977
192.5,96.2,5,7,0.0,1.0,534.7,495.1,3068.0,2,149.0,46.03,0.375,65.0,6.8,2006.0,1182.44350686
133.9,67.0,3,5,1.0,2.0,986.2,268.3,2657.0,2,102.0,45.25,0.325,63.6,5.5,2014.0,650.2449655
184.79999999999998,92.4,4,0,1.0,2.0,290.4,283.9,3541.0,2,133.0,16.24,0.45,67.1,7.1,2003.0,684.95540232
171.25,85.6,4,0,1.0,5.0,244.0,110.4,2944.0,2,130.0,25.33,0.525,69.2,5.1,2011.0,857.80861475
171.25,85.6,11,0,0.0,1.0,190.1,565.9,3138.0,2,129.0,52.95,0.5,68.5,8.0,2011.0,458.42255000000006
177.5,88.8,4,0,0.0,1.0,131.9,4014.7,2257.0,2,106.0,46.62,0.15,58.7,1.9,2010.0,330.45265738
154.05,77.0,6,0,0.0,1.0,105.1696224,105.1696224,2723.0,2,113.0,45.45,0.525,69.2,7.9,1990.0,619.3234727700001
297.6,148.8,8,0,0.0,1.0,435.1,263.6,3881.0,2,102.0,40.08,0.35,64.3,4.7,1999.0,114.75995214
174.20000000000002,87.1,8,0,1.0,4.0,112.5,60.5,2515.0,2,120.0,54.17,0.25,61.5,4.2,2012.0,370.60773692000004
241.25,120.6,6,0,1.0,1.0,343.7,50.9,3305.0,2,125.0,47.2,0.05,48.9,6.7,1997.0,459.73974546
221.4,110.7,11,5,0.0,1.0,665.4,248.6,3297.0,2,104.0,46.05,0.3,62.9,6.5,2000.0,621.2545254
205.0,102.5,5,0,0.0,1.0,998.5,106.9,3571.0,2,124.0,44.96,0.3,62.9,8.4,2004.0,892.60673928
225.0,112.5,5,0,1.0,1.0,385.1,571.1,2986.0,2,123.0,48.29,0.225,60.8,5.0,2000.0,983.498589
216.0,108.0,3,2,0.0,1.0,496.8,214.8,3371.0,2,130.0,39.44,0.3,62.9,5.0,2000.0,586.3619466
193.7,96.8,6,0,1.0,2.0,130.3,105.1696224,2968.0,2,92.0,49.49,0.1,57.3,7.3,2007.0,430.68116686999997
160.8,80.4,11,0,0.0,1.0,219.3,105.1696224,2693.0,2,127.0,47.49,0.55,69.9,6.5,2012.0,816.0821971
163.9,82.0,2,7,0.0,1.0,34.7,187.1,3190.0,2,114.0,46.41,0.05,55.9,4.5,2007.0,340.82020557
153.6,76.8,7,0,1.0,5.0,302.1,314.8,2924.0,2,123.0,49.84,0.225,60.8,8.8,2016.0,531.8206899200001
201.6,100.8,6,0,0.0,1.0,475.4,432.1,3684.0,2,106.0,42.53,0.05,55.9,10.0,2003.0,435.41532384
174.20000000000002,87.1,5,4,1.0,5.0,280.5,105.1696224,2888.0,2,124.0,50.96,0.325,63.6,6.8,2012.0,540.2479902800001
206.4,103.2,7,5,0.0,2.0,558.3,487.8,3020.0,2,78.0,40.4,0.1,57.3,7.0,2002.0,292.32570632
151.8,75.9,8,4,0.0,1.0,303.6,137.7,2640.0,2,109.0,50.69,0.35,64.3,5.7,2013.0,377.705724
172.2,86.1,6,0,0.0,1.0,95.7,215.8,3007.0,2,119.0,40.34,0.325,63.6,8.4,2004.0,189.86728212
156.0,78.0,1,0,0.0,1.0,105.1696224,105.1696224,2822.0,2,102.0,50.59,0.175,59.4,3.3,2014.0,315.4956545
172.79999999999998,86.4,5,0,0.0,1.0,707.7,51.7,2548.0,2,135.0,34.72,0.175,59.4,5.4,2008.0,135.28190304
170.39999999999998,85.2,12,1,0.0,1.0,348.3,191.7,2936.0,2,121.0,29.96,0.05,53.8,9.1,2010.0,69.10984794
166.14,83.1,6,0,0.0,1.0,159.7,593.3,2941.0,2,109.0,45.92,0.225,60.8,8.3,2010.0,371.94121201999997
158.4,79.2,4,0,0.0,1.0,568.1,503.5,3665.0,2,124.0,50.76,0.35,64.3,8.8,2013.0,377.74251504
179.67000000000002,89.8,5,4,1.0,3.0,1418.1,346.7,3654.0,2,140.0,45.71,0.525,69.2,9.8,2005.0,1351.5
206.4,103.2,5,0,1.0,2.0,1719.2,32.5,2965.0,2,142.0,45.68,0.35,64.3,5.7,2002.0,1116.96512416
201.25,100.6,11,5,1.0,1.0,105.1696224,714.0,3112.0,2,92.0,56.17,0.625,72.0,6.6,2001.0,984.9284479999999
158.4,79.2,7,0,1.0,6.0,202.2,361.5,2272.0,2,126.0,33.97,0.325,63.6,5.8,2013.0,548.38168836
213.9,107.0,5,0,1.0,1.0,105.1696224,261.7,3132.0,2,136.0,48.1,0.325,63.6,6.1,1999.0,1719.23065788
178.20000000000002,89.1,3,0,0.0,1.0,476.7,123.2,3092.0,2,98.0,50.13,0.45,67.1,5.5,2013.0,772.4361849600001
140.040576,70.0,1,8,0.0,1.0,105.1696224,105.1696224,3022.0,2,116.0,36.73,0.05,54.5,4.8,2008.0,191.376
197.79999999999998,98.9,6,2,0.0,1.0,584.6,258.1,2923.0,2,134.0,35.78,0.2,60.1,6.9,2002.0,133.5206158
147.20000000000002,73.6,4,0,0.0,1.0,105.1696224,402.9,2443.0,2,114.0,49.42,0.25,61.5,4.0,2016.0,210.69076864
162.5,81.2,8,4,0.0,1.0,340.4,45.4,2073.0,2,101.0,59.67,0.2,60.1,2.8,2014.0,620.36
138.6,69.3,9,4,0.0,1.0,487.3,259.0,2529.0,2,91.0,56.53,0.575,70.6,4.8,2013.0,945.6383706
223.88,111.9,2,0,0.0,1.0,230.1,715.0,3067.0,2,108.0,34.62,0.175,59.4,1.4,1997.0,343.7865768
172.8,86.4,6,8,1.0,2.0,58.9,332.9,2743.0,2,112.0,44.53,0.2,60.1,7.2,2016.0,314.39852544
156.0,78.0,8,0,0.0,1.0,194.3,29.8,2453.0,2,100.0,44.0,0.05,50.3,4.7,2015.0,218.37087480000002
169.4,84.7,10,0,0.0,1.0,193.8,457.6,2861.0,2,108.0,46.89,0.325,63.6,5.9,2006.0,884.7004951400002
143.0,71.5,5,0,0.0,1.0,318.2,274.7,2015.0,2,114.0,55.43,0.25,61.5,4.4,2015.0,611.6380816000001
212.29999999999998,106.2,12,0,0.0,1.0,105.1696224,529.4,2810.0,2,119.0,45.38,0.25,61.5,6.8,1997.0,642.71136124
198.0,99.0,6,2,0.0,1.0,1609.4,424.3,3925.0,2,165.0,38.46,0.45,67.1,10.0,2000.0,387.5298156
180.39999999999998,90.2,12,7,1.0,2.0,326.8,381.4,2553.0,2,125.0,52.26,0.35,64.3,7.1,2004.0,594.9006191999999
174.9,87.4,6,0,0.0,1.0,210.5,208.7,2565.0,2,120.0,45.85,0.375,65.0,6.4,2005.0,760.3499568
143.0,71.5,3,0,1.0,2.0,171.0,387.3,3273.0,2,119.0,55.82,0.3,62.9,7.8,2015.0,383.8096613
190.23999999999998,95.1,12,2,0.0,1.0,212.6,372.1,4119.0,2,170.0,46.1,0.5,68.5,10.0,2004.0,167.28
159.04,79.5,12,1,0.0,1.0,105.1696224,335.9,2380.0,2,85.0,38.06,0.05,53.8,7.2,2010.0,337.08346808
164.4,82.2,1,0,0.0,1.0,68.6,270.7,2715.0,2,119.0,41.85,0.125,58.0,2.4,2011.0,312.10962976
143.0,71.5,3,0,0.0,1.0,105.1696224,105.1696224,2750.0,2,102.0,51.4,0.275,62.2,5.5,2014.0,438.85406630000006
150.70000000000002,75.4,7,5,0.0,1.0,334.1,105.1696224,3312.0,2,103.0,43.54,0.125,58.0,10.0,2011.0,772.3365725100001
180.39999999999998,90.2,4,5,0.0,1.0,105.1696224,105.1696224,2659.0,2,76.0,36.32,0.175,59.4,3.5,2004.0,170.48039604
140.8,70.4,3,0,1.0,3.0,213.6,386.2,2522.0,2,121.0,53.61,0.225,60.8,4.6,2016.0,229.43599104
150.70000000000002,75.4,9,0,0.0,1.0,437.2,307.3,2979.0,2,127.0,43.71,0.4,65.7,6.2,2011.0,409.99785596000004
138.6,69.3,7,8,0.0,2.0,443.6,772.3,2738.0,2,105.0,42.13,0.125,58.0,8.7,2013.0,458.61311495999996
308.8,154.4,6,0,0.0,1.0,853.3,224.6,4156.0,2,121.0,38.3,0.05,48.2,7.4,1997.0,317.50056738
145.20000000000002,72.6,10,4,0.0,1.0,196.6,29.4,2605.0,2,114.0,46.19,0.4,65.7,5.8,2013.0,165.70909212
163.9,82.0,6,0,1.0,2.0,166.1,188.1,2358.0,2,128.0,46.93,0.35,64.3,5.9,2007.0,571.46188136
162.75,81.4,12,0,1.0,1.0,6.4,24.9,2744.0,2,178.0,59.22,0.75,75.5,8.6,2001.0,1524.894637
180.39999999999998,90.2,6,0,0.0,1.0,353.4,88.2,2911.0,2,120.0,37.96,0.175,59.4,7.6,2004.0,118.37338779999999
187.25,93.6,12,2,1.0,1.0,139.1,696.5,3154.0,2,157.0,35.87,0.425,66.4,9.3,2001.0,153.49919375
196.79999999999998,98.4,7,0,0.0,1.0,124.1,587.9,2974.0,2,115.0,54.89,0.425,66.4,7.2,2004.0,569.46526224
206.70000000000002,103.4,5,2,0.0,1.0,309.9,105.1696224,3432.0,2,144.0,45.81,0.4,65.7,7.7,2005.0,336.51262122
247.38000000000002,123.7,12,5,0.0,1.0,105.1696224,579.5,4028.0,2,84.0,41.39,0.2,60.1,10.0,1999.0,558.25178262
151.2,75.6,12,6,0.0,1.0,648.7,105.1696224,2766.0,2,97.0,49.81,0.425,66.4,9.2,2009.0,384.54590160000004
140.4,70.2,9,2,0.0,1.0,317.3,188.6,2727.0,2,141.0,61.55,0.65,72.7,5.5,2015.0,819.210457
200.34,100.2,7,0,0.0,1.0,648.9,547.7,3222.0,2,136.0,43.86,0.375,65.0,8.1,2005.0,259.08917076
157.5,78.8,4,1,0.0,1.0,105.1696224,150.7,2775.0,2,104.0,8.35,0.05,45.4,5.0,2001.0,18.15150925
162.0,81.0,6,0,0.0,1.0,105.1696224,257.6,2567.0,2,118.0,47.87,0.275,62.2,6.9,2000.0,426.96413820000004
185.4,92.7,5,0,0.0,1.0,56.6,16.5,3165.0,2,155.0,54.81,0.725,74.8,7.5,2000.0,823.7527686
175.44,87.7,6,0,0.0,1.0,520.2,616.3,2920.0,2,145.0,50.45,0.525,69.2,7.9,2002.0,616.40143272
172.0,86.0,11,0,1.0,2.0,949.4,1708.8,3653.0,2,161.0,58.72,0.6,71.3,10.0,2002.0,1507.9041890400001
231.0,115.5,11,0,1.0,1.0,451.3,11.1,4061.0,2,144.0,53.99,0.575,70.6,9.4,2006.0,922.5307784
175.0,87.5,7,7,1.0,1.0,238.4,54.2,3085.0,2,119.0,47.46,0.15,58.7,8.6,2001.0,633.870545
227.0,113.5,7,0,1.0,2.0,105.1696224,549.0,3203.0,2,137.0,55.59,0.675,73.4,6.9,1991.0,1180.4
115.19999999999999,57.6,7,2,0.0,1.0,197.2,519.4,1963.0,2,140.0,42.56,0.375,65.0,6.3,2009.0,308.3106528
149.0,74.5,11,2,0.0,1.0,324.1,184.9,3107.0,2,157.0,45.23,0.6,71.3,8.8,2007.0,397.03290513
240.35,120.2,7,0,0.0,1.0,1180.4,643.0,3695.0,2,141.0,44.19,0.45,67.1,8.4,1994.0,791.8642389899999
144.0,72.0,6,7,0.0,3.0,202.7,219.5,2808.0,2,106.0,44.74,0.3,62.9,8.7,2009.0,216.23922143999997
142.0,71.0,12,1,0.0,1.0,25.9,125.8,2009.0,2,98.0,42.1,0.1,57.3,6.4,2010.0,441.1238306999999
142.0,71.0,8,0,0.0,1.0,194.7,144.9,2945.0,2,107.0,38.82,0.275,62.2,7.4,2010.0,242.01475634
197.0,98.5,6,0,0.0,1.0,734.8,672.8,3329.0,2,115.0,38.87,0.15,58.7,8.7,1996.0,477.32225714
134.0,67.0,12,2,0.0,1.0,307.4,181.8,2151.0,2,165.0,53.04,0.7,74.1,7.3,2012.0,569.99343892
197.0,98.5,6,2,0.0,1.0,105.1696224,105.1696224,3005.0,2,91.0,46.39,0.45,67.1,7.3,1996.0,197.27353647
180.0,90.0,12,0,0.0,1.0,6.9,105.1696224,3092.0,2,78.0,47.44,0.55,69.9,9.4,2000.0,304.7898366
134.0,67.0,8,0,0.0,2.0,187.0,152.4,2558.0,2,103.0,48.03,0.275,62.2,6.1,2012.0,418.84838682000003
164.0,82.0,11,0,0.0,1.0,252.1,181.1,2738.0,2,131.0,49.1,0.35,64.3,6.6,2004.0,569.8211061599999
154.0,77.0,12,8,0.0,1.0,105.1696224,105.1696224,2704.0,2,104.0,41.54,0.05,53.8,8.8,2006.0,383.9036817
144.0,72.0,10,5,0.0,1.0,49.5,105.1696224,2552.0,2,101.0,41.81,0.35,64.3,5.6,2009.0,144.12498191999998
132.0,66.0,5,5,0.0,1.0,536.9,205.0,2573.0,2,102.0,43.56,0.35,64.3,7.2,2013.0,354.32315688
142.0,71.0,12,0,0.0,1.0,107.8,841.2,3135.0,2,103.0,44.97,0.25,61.5,10.0,2010.0,395.7985439799999
186.0,93.0,11,0,0.0,1.0,139.0,599.8,2162.0,2,121.0,36.9,0.125,58.0,3.2,1999.0,394.29961998000005
154.0,77.0,12,2,0.0,1.0,380.9,362.4,2657.0,2,143.0,47.82,0.575,70.6,8.6,2006.0,263.15199064
132.0,66.0,12,7,0.0,1.0,324.0,455.7,2582.0,2,180.0,54.77,0.725,74.8,9.3,2013.0,517.4409160800001
202.99999999999997,101.5,5,0,1.0,1.0,195.8,78.1,3334.0,2,121.0,46.75,0.05,55.9,7.4,1995.0,683.1541623199998
202.65,101.3,11,0,0.0,1.0,330.3,105.1696224,3096.0,2,129.0,49.09,0.425,66.4,6.4,1997.0,233.94374761
136.68,68.3,10,2,0.0,1.0,101.3,687.6,1952.0,2,172.0,51.79,0.4,65.7,3.4,2012.0,174.84704312
113.6,56.8,7,5,0.0,1.0,361.8,105.1696224,2451.0,2,97.0,43.75,0.375,65.0,8.5,2010.0,198.90421379999998
164.0,82.0,7,0,0.0,1.0,105.1696224,158.2,3445.0,2,104.0,42.06,0.05,48.9,10.0,2004.0,134.64790155999998
130.0,65.0,7,0,0.0,1.0,352.4,241.6,1963.0,2,99.0,52.26,0.15,58.7,5.7,2014.0,316.42
240.79999999999998,120.4,11,0,0.0,1.0,1108.9,105.1696224,3910.0,2,95.0,44.24,0.55,69.9,8.3,2002.0,188.47435779999998
144.0,72.0,6,0,0.0,1.0,326.4,143.0,2525.0,2,102.0,36.18,0.075,56.6,7.5,2009.0,98.91191663999999
117.0,58.5,8,0,1.0,2.0,105.1696224,244.6,2349.0,2,127.0,49.53,0.275,62.2,5.9,2014.0,268.0243072
136.5,68.2,12,0,0.0,1.0,105.1696224,1.2,2196.0,2,114.0,42.49,0.125,58.0,7.4,2015.0,173.83432430000002
130.0,65.0,11,7,0.0,1.0,415.9,496.5,2383.0,2,122.0,47.36,0.375,65.0,6.5,2015.0,121.9669854
172.0,86.0,8,0,0.0,1.0,115.1,384.3,3375.0,2,95.0,30.86,0.05,50.3,8.0,2002.0,12.21883356
142.0,71.0,3,0,0.0,1.0,416.8,321.8,2824.0,2,115.0,41.31,0.35,64.3,5.9,2010.0,134.73370238
128.70000000000002,64.4,11,5,0.0,1.0,1175.5,105.1696224,3093.0,2,88.0,42.77,0.375,65.0,9.6,2015.0,320.10304690000004
19.3,9.6,9,7,0.0,1.0,105.1696224,105.1696224,1805.0,2,110.0,16.91,0.525,69.2,6.8,1997.0,26.7018009
171.5,85.8,4,0,0.0,2.0,21.3,42.2,3069.0,2,130.0,45.1,0.25,61.5,5.7,2001.0,757.7732295000001
172.0,86.0,12,2,0.0,1.0,168.1,274.7,3530.0,2,167.0,46.24,0.525,69.2,10.0,2002.0,333.28870688
128.78,64.4,12,2,0.0,1.0,305.1,462.0,2641.0,2,145.0,31.25,0.525,69.2,9.7,2011.0,130.57666458000003
126.65,63.3,6,5,0.0,1.0,105.1696224,100.0,2756.0,2,85.0,38.25,0.225,60.8,9.2,2007.0,222.07632436999998
147.6,73.8,6,0,0.0,1.0,124.4,142.8,2572.0,2,93.0,36.08,0.1,57.3,7.6,2004.0,167.28
161.0,80.5,12,0,0.0,1.0,312.3,105.1696224,2833.0,2,144.0,45.8,0.55,69.9,9.1,2001.0,302.73188925
173.7,86.8,5,0,0.0,1.0,105.1696224,450.4,2693.0,2,126.0,56.46,0.575,70.6,6.0,1997.0,509.36594740000004
142.0,71.0,5,1,0.0,2.0,105.1696224,105.1696224,2966.0,2,146.0,35.54,0.1,57.3,8.5,2010.0,409.45372263999997
171.0,85.5,3,0,0.0,1.0,105.1696224,105.1696224,2498.0,2,89.0,43.67,0.5,68.5,3.2,2000.0,137.5789086
127.30000000000001,63.6,6,5,1.0,4.0,105.1696224,105.1696224,2747.0,2,88.0,50.32,0.3,62.9,9.2,2012.0,1175.5080078800002
123.5,61.8,3,6,0.0,1.0,340.6,105.1696224,2368.0,2,105.0,55.52,0.425,66.4,4.7,2015.0,706.5686589000001
93.6,46.8,12,8,0.0,1.0,1175.7,32.1,2546.0,2,136.0,40.92,0.4,65.7,10.0,2009.0,134.67684384
157.92,79.0,5,5,1.0,1.0,690.2,105.1696224,3042.0,2,100.0,53.55,0.65,72.7,8.1,2003.0,1579.7637004800001
157.92,79.0,12,0,1.0,3.0,1041.5,792.0,3416.0,2,201.0,57.9,0.775,76.2,10.0,2003.0,1879.73348472
135.88,67.9,12,0,1.0,2.0,765.6,524.9,2815.0,2,179.0,56.18,0.75,75.5,10.0,2002.0,1593.214328
123.5,61.8,12,0,0.0,1.0,39.5,166.5,1885.0,2,102.0,50.02,0.05,55.9,6.6,2014.0,148.4321969
201.25,100.6,6,0,0.0,1.0,355.4,105.1696224,3189.0,2,100.0,44.99,0.175,59.4,7.9,2001.0,480.73084500000004
130.0,65.0,4,7,0.0,1.0,105.1696224,522.4,2090.0,2,119.0,49.13,0.225,60.8,3.2,2014.0,133.95103540000002
162.75,81.4,7,0,1.0,3.0,105.1696224,1969.0,2646.0,2,92.0,12.61,0.175,59.4,7.2,2001.0,645.36641575
127.41000000000001,63.7,8,7,1.0,1.0,105.1696224,39.0,3003.0,2,105.0,59.25,0.5,68.5,8.3,2011.0,661.51845345
129.6,64.8,2,0,0.0,1.0,144.6,132.4,2719.0,2,95.0,37.33,0.325,63.6,4.0,2008.0,234.48912047999997
121.44000000000001,60.7,2,0,0.0,1.0,106.0,91.6,2170.0,2,98.0,50.35,0.05,55.9,2.0,2013.0,402.14352024
237.79999999999998,118.9,4,0,0.0,1.0,130.0,123.1,3223.0,2,137.0,29.47,0.2,60.1,3.5,2004.0,42.344736039999994
150.88,75.4,11,0,1.0,1.0,43.1,105.1696224,2720.0,2,115.0,52.41,0.6,71.3,7.0,2004.0,1035.56503088
198.93999999999997,99.5,12,0,0.0,1.0,387.7,105.1696224,2764.0,2,119.0,25.0,0.175,59.4,7.2,1995.0,20.33516366
134.9,67.4,2,0,0.0,1.0,877.1,105.1696224,2314.0,2,118.0,49.55,0.25,61.5,2.0,2010.0,321.62603678
173.7,86.8,7,0,0.0,1.0,334.2,105.1696224,3046.0,2,98.0,55.86,0.475,67.8,8.5,1997.0,1137.52374027
167.4,83.7,10,5,1.0,2.0,758.3,857.7,3278.0,2,92.0,51.74,0.575,70.6,7.7,1999.0,925.1023763400001
142.0,71.0,11,0,0.0,1.0,238.6,233.1,2833.0,2,98.0,43.87,0.325,63.6,7.9,2010.0,238.28376171999997
157.5,78.8,8,0,0.0,2.0,105.1696224,105.1696224,1973.0,2,90.0,43.27,0.35,64.3,2.6,2001.0,607.8201535000001
180.0,90.0,7,2,0.0,1.0,663.6,356.3,3107.0,2,130.0,33.88,0.325,63.6,8.5,2000.0,279.8358318
144.0,72.0,9,5,0.0,1.0,105.1696224,105.1696224,2665.0,2,90.0,46.4,0.375,65.0,5.1,2009.0,349.90339104
129.6,64.8,6,5,1.0,3.0,1017.8,566.7,2641.0,2,94.0,51.06,0.375,65.0,8.6,2009.0,1276.82901648
118.80000000000001,59.4,12,0,0.0,1.0,193.3,553.3,2954.0,2,114.0,45.5,0.5,68.5,10.0,2013.0,248.33598504
165.6,82.8,11,0,0.0,1.0,105.1696224,702.8,2134.0,2,98.0,44.62,0.15,58.7,3.9,2000.0,475.38998100000003
138.6,69.3,10,2,0.0,1.0,163.3,331.1,2379.0,2,151.0,49.99,0.725,74.8,5.1,2006.0,446.36492516
171.0,85.5,6,5,0.0,1.0,105.1696224,174.3,3117.0,2,88.0,50.71,0.65,72.7,8.9,1998.0,578.2084825999999
132.48,66.2,8,0,0.0,1.0,154.5,628.0,1971.0,2,107.0,45.46,0.375,65.0,3.6,2008.0,270.82461456
123.30000000000001,61.6,12,7,0.0,1.0,290.4,368.3,2950.0,2,158.0,46.62,0.55,69.9,10.0,2011.0,318.6858791
182.7,91.4,5,0,1.0,2.0,383.0,304.0,3156.0,2,128.0,47.62,0.475,67.8,7.6,1995.0,743.18638198
129.6,64.8,12,0,0.0,1.0,49.0,229.3,2792.0,2,128.0,48.9,0.5,68.5,10.0,2009.0,754.60129776
128.0,64.0,8,2,0.0,1.0,191.6,105.1696224,2280.0,2,125.0,41.06,0.075,56.6,5.1,2016.0,120.39847808
210.0,105.0,6,5,0.0,1.0,197.3,568.9,3585.0,2,95.0,47.54,0.425,66.4,9.2,2001.0,325.59401875
108.0,54.0,12,2,0.0,1.0,467.0,658.9,2654.0,2,121.0,44.22,0.425,66.4,10.0,2008.0,288.39744
129.6,64.8,6,1,0.0,1.0,183.9,222.8,2578.0,2,113.0,44.74,0.125,58.0,8.3,2008.0,290.29868352
114.4,57.2,7,0,0.0,1.0,752.6,276.7,2426.0,2,105.0,59.46,0.15,58.7,8.4,2015.0,316.7282183
175.0,87.5,6,2,0.0,1.0,831.4,105.1696224,3045.0,2,146.0,42.68,0.45,67.1,8.4,2001.0,412.871466
151.2,75.6,11,7,0.0,1.0,425.3,175.3,2410.0,2,99.0,34.21,0.05,55.9,5.7,2003.0,306.24764688
173.7,86.8,7,2,0.0,1.0,774.8,619.1,2885.0,2,150.0,48.36,0.55,69.9,7.8,1997.0,330.26223497
171.0,85.5,8,0,0.0,1.0,298.2,77.2,2857.0,2,112.0,40.49,0.15,58.7,5.8,2000.0,342.38421900000003
127.2,63.6,4,7,0.0,1.0,358.6,148.9,2606.0,2,128.0,35.77,0.3,62.9,5.6,2005.0,259.08242757
118.80000000000001,59.4,8,0,0.0,1.0,106.3,183.2,2738.0,2,106.0,44.64,0.225,60.8,7.5,2013.0,230.44395132000002
159.6,79.8,7,0,0.0,1.0,548.4,190.6,2426.0,2,117.0,48.69,0.125,58.0,6.4,2003.0,262.92905184
115.2,57.6,6,0,1.0,2.0,267.3,368.9,2308.0,2,129.0,47.54,0.425,66.4,7.8,2016.0,428.67371136
131.24,65.6,4,7,0.0,1.0,421.5,380.6,3031.0,2,116.0,37.05,0.225,60.8,7.2,1997.0,227.86217672
161.0,80.5,11,0,0.0,1.0,246.6,201.7,2550.0,2,126.0,40.06,0.45,67.1,5.9,2001.0,250.33673000000002
162.0,81.0,3,4,0.0,1.0,393.6,105.1696224,2532.0,2,114.0,34.04,0.175,59.4,3.8,2000.0,109.574307
123.30000000000001,61.6,4,5,1.0,7.0,1147.3,163.8,2504.0,2,96.0,46.25,0.375,65.0,5.3,2011.0,663.9509912000001
186.0,93.0,12,1,0.0,1.0,954.6,448.8,3356.0,2,131.0,39.07,0.475,67.8,10.0,1999.0,174.282
173.7,86.8,3,7,0.0,1.0,417.9,544.1,2941.0,2,107.0,33.53,0.225,60.8,5.0,1997.0,271.75856570999997
172.0,86.0,7,2,0.0,1.0,105.1696224,322.0,3385.0,2,138.0,33.73,0.275,62.2,10.0,2002.0,60.49062152
139.92000000000002,70.0,6,6,0.0,1.0,625.2,436.3,2899.0,2,144.0,38.67,0.575,70.6,9.3,2005.0,172.57845849
127.8,63.9,11,8,0.0,1.0,105.1696224,105.1696224,2773.0,2,110.0,18.3,0.1,57.3,8.3,2010.0,22.974121779999997
146.16,73.1,7,2,0.0,1.0,105.1696224,72.8,2856.0,2,141.0,33.14,0.425,66.4,8.8,2003.0,249.2052276
181.24,90.6,5,0,0.0,1.0,732.4,105.1696224,3827.0,2,113.0,41.99,0.275,62.2,10.0,1996.0,974.1089022799999
162.0,81.0,12,0,0.0,1.0,586.9,721.0,2748.0,2,143.0,48.88,0.625,72.0,8.7,2000.0,773.3378556
154.0,77.0,11,5,0.0,1.0,131.4,1009.5,2039.0,2,108.0,43.74,0.225,60.8,4.0,2006.0,591.8768363199999
122.99999999999999,61.5,7,0,1.0,2.0,105.1696224,154.6,2991.0,2,108.0,47.92,0.55,69.9,10.0,2004.0,473.14035588
164.04999999999998,82.0,7,0,0.0,1.0,385.4,476.0,2680.0,2,124.0,43.46,0.3,62.9,7.3,1997.0,608.25186937
148.75,74.4,12,7,1.0,1.0,247.1,304.8,2725.0,2,116.0,49.51,0.55,69.9,9.2,2001.0,788.7550125
102.75000000000001,51.4,8,0,0.0,1.0,203.6,157.8,2686.0,2,110.0,43.53,0.15,58.7,8.0,2011.0,181.21604308000002
113.9,57.0,9,5,1.0,1.0,105.1696224,210.2,1778.0,2,91.0,48.57,0.45,67.1,2.6,2012.0,480.22330802000005
126.65,63.3,11,1,0.0,1.0,330.5,105.1696224,2028.0,2,107.0,40.9,0.4,65.7,5.1,2007.0,507.32660148
113.9,57.0,2,0,0.0,1.0,105.1696224,223.9,1779.0,2,115.0,42.93,0.325,63.6,1.0,2012.0,278.8221147
153.0,76.5,10,1,0.0,1.0,105.1696224,105.1696224,2452.0,2,100.0,28.66,0.05,55.2,4.8,2000.0,330.5011878
102.75000000000001,51.4,11,0,0.0,1.0,432.0,693.4,2381.0,2,104.0,43.57,0.2,60.1,7.7,2011.0,209.51495351000003
130.9,65.4,12,1,0.0,1.0,560.8,432.9,2692.0,2,136.0,45.94,0.425,66.4,9.8,2006.0,299.01979800000004
171.0,85.5,11,0,0.0,1.0,189.2,948.2,3007.0,2,132.0,44.91,0.425,66.4,7.4,1998.0,476.2346884
122.39999999999999,61.2,12,1,0.0,1.0,473.5,402.1,1930.0,2,121.0,34.33,0.3,62.9,6.9,2009.0,315.5092632
126.65,63.3,6,7,1.0,3.0,354.1,348.7,1658.0,2,122.0,45.15,0.375,65.0,4.5,2007.0,463.85580976000006
130.9,65.4,9,0,0.0,1.0,105.1696224,247.5,2528.0,2,83.0,39.82,0.275,62.2,5.1,2006.0,303.85590157999997
110.5,55.2,3,0,1.0,1.0,133.8,105.1696224,2140.0,2,139.0,52.78,0.475,67.8,4.3,2014.0,375.37226350000003
119.0,59.5,3,0,0.0,1.0,253.7,105.1696224,2551.0,2,131.0,44.93,0.55,69.9,5.7,2001.0,169.7084725
142.79999999999998,71.4,9,0,0.0,1.0,18.8,284.4,2874.0,2,104.0,38.68,0.35,64.3,6.1,2003.0,135.93970656
181.9,91.0,6,0,0.0,1.0,472.1,759.5,3067.0,2,130.0,41.97,0.275,62.2,8.2,1993.0,293.81876646
135.15,67.6,12,2,0.0,1.0,527.7,105.1696224,2818.0,2,145.0,34.41,0.575,70.6,10.0,2005.0,257.96630958000003
130.9,65.4,6,0,1.0,3.0,105.1696224,105.1696224,2589.0,2,104.0,26.74,0.275,62.2,8.3,2006.0,244.04116968
171.0,85.5,11,8,0.0,1.0,105.1696224,430.3,3096.0,2,178.0,43.35,0.475,67.8,7.8,1998.0,271.58619
146.2,73.1,2,0,0.0,1.0,454.0,418.4,2415.0,2,108.0,35.84,0.125,58.0,1.9,2002.0,134.81778476
113.9,57.0,3,0,0.0,1.0,249.2,249.6,2276.0,2,106.0,46.73,0.125,58.0,4.7,2012.0,245.24481948
85.19999999999999,42.6,7,0,0.0,1.0,84.7,47.5,2121.0,2,112.0,44.23,0.55,69.9,8.3,2010.0,67.68367377999999
100.8,50.4,3,0,0.0,1.0,210.9,105.1696224,2495.0,2,136.0,40.9,0.1,57.3,6.2,2003.0,124.66988856
151.20000000000002,75.6,7,8,0.0,2.0,106.9,336.1,2574.0,2,106.0,35.2,0.05,52.4,7.4,2000.0,221.95430100000002
144.48,72.2,6,7,0.0,1.0,313.1,87.8,2827.0,2,88.0,41.75,0.1,57.3,8.8,2002.0,474.11920916
67.0,33.5,9,0,0.0,1.0,217.7,105.1696224,1777.0,2,95.0,48.86,0.4,65.7,4.6,2012.0,54.990574280000004
127.05,63.5,6,1,0.0,1.0,235.9,207.8,2429.0,2,107.0,44.9,0.25,61.5,7.8,2006.0,366.02920046
120.69999999999999,60.4,7,1,0.0,1.0,105.1696224,33.3,2697.0,2,82.0,30.57,0.05,53.8,9.2,2010.0,159.72694488
122.39999999999999,61.2,2,0,0.0,1.0,393.8,13.2,1726.0,2,88.0,37.21,0.225,60.8,1.0,2008.0,320.01290784
122.39999999999999,61.2,7,0,0.0,2.0,185.9,162.9,1970.0,2,120.0,49.05,0.375,65.0,6.1,2008.0,230.95881071999997
96.85,48.4,3,7,0.0,1.0,350.5,9.7,1650.0,2,157.0,47.64,0.575,70.6,2.8,2007.0,126.33101186
147.6,73.8,11,4,0.0,1.0,642.7,442.6,1859.0,2,123.0,35.61,0.175,59.4,3.5,2000.0,172.9538586
134.4,67.2,5,8,0.0,1.0,260.3,215.6,2307.0,2,101.0,56.48,0.35,64.3,6.0,2003.0,814.0823627999999
113.6,56.8,8,7,0.0,1.0,239.8,137.2,2598.0,2,103.0,52.37,0.25,61.5,7.1,2010.0,389.74795947999996
157.6,78.8,5,0,1.0,1.0,81.8,495.9,2676.0,2,110.0,52.01,0.425,66.4,6.6,1996.0,901.66182723
100.5,50.2,3,4,1.0,1.0,249.2,19.6,2274.0,2,142.0,50.9,0.475,67.8,5.3,2012.0,926.2223272800001
109.60000000000001,54.8,5,1,0.0,2.0,283.0,333.2,2677.0,2,102.0,48.94,0.3,62.9,8.6,2011.0,348.60470082
176.0,88.0,6,0,1.0,2.0,125.6,105.1696224,3425.0,2,126.0,49.15,0.4,65.7,10.0,1992.0,616.0
123.2,61.6,4,1,0.0,1.0,105.1696224,93.5,2408.0,2,83.0,43.44,0.325,63.6,4.9,2006.0,528.83176038
137.6,68.8,6,5,0.0,1.0,105.1696224,105.1696224,3050.0,2,85.0,48.44,0.525,69.2,10.0,2002.0,250.72702643999997
130.9,65.4,12,1,0.0,1.0,158.2,397.6,2541.0,2,97.0,32.6,0.2,60.1,9.1,2006.0,221.76
142.5,71.2,5,0,0.0,1.0,105.1696224,105.1696224,2332.0,2,120.0,42.69,0.225,60.8,5.7,1998.0,266.8828616
130.38,65.2,5,1,0.0,1.0,217.0,234.6,2296.0,2,113.0,39.58,0.3,62.9,6.1,2005.0,302.60970312
102.75000000000001,51.4,12,1,1.0,2.0,442.6,190.7,1709.0,2,87.0,38.37,0.1,57.3,6.8,2011.0,469.49274595
105.60000000000001,52.8,7,1,0.0,2.0,241.8,288.6,1945.0,2,100.0,46.1,0.2,60.1,6.7,2013.0,326.01924696
115.19999999999999,57.6,6,0,0.0,1.0,238.4,215.9,2227.0,2,110.0,38.38,0.25,61.5,7.5,2008.0,332.18705231999996
134.4,67.2,12,2,0.0,1.0,673.4,259.9,2825.0,2,128.0,34.64,0.325,63.6,10.0,2003.0,448.10427984
113.6,56.8,2,2,0.0,1.0,238.7,229.6,2938.0,2,138.0,53.01,0.7,74.1,5.6,2010.0,418.6219569
115.19999999999999,57.6,11,1,0.0,1.0,105.1696224,200.1,1868.0,2,88.0,36.25,0.075,56.6,4.9,2008.0,235.77652368
119.25,59.6,3,5,0.0,1.0,659.2,244.1,2530.0,2,91.0,41.04,0.25,61.5,5.6,2005.0,414.5082204600001
154.4,77.2,6,0,0.0,1.0,296.0,319.1,2380.0,2,138.0,46.22,0.45,67.1,6.4,1997.0,474.15496177999995
115.19999999999999,57.6,12,8,0.0,1.0,162.7,216.5,2518.0,2,99.0,38.4,0.225,60.8,9.7,2008.0,306.53919648
137.6,68.8,7,7,0.0,1.0,662.7,724.0,2530.0,2,117.0,46.96,0.575,70.6,7.8,2002.0,311.32254215999995
109.60000000000001,54.8,2,6,0.0,1.0,245.5,220.8,1655.0,2,117.0,43.66,0.325,63.6,1.0,2011.0,294.43821759
144.75,72.4,6,0,0.0,1.0,105.1696224,101.1,2972.0,2,115.0,45.98,0.375,65.0,9.4,1997.0,432.34361162
115.19999999999999,57.6,9,7,0.0,1.0,88.3,369.9,2140.0,2,118.0,46.43,0.325,63.6,4.1,2008.0,256.41585935999996
132.72,66.4,12,2,0.0,1.0,348.3,169.7,2340.0,2,154.0,38.91,0.425,66.4,8.2,2003.0,290.66269511999997
113.6,56.8,1,0,0.0,1.0,95.1,220.0,1962.0,2,118.0,42.09,0.4,65.7,1.4,2010.0,223.09301209999998
154.4,77.2,11,1,0.0,1.0,105.1696224,813.6,2515.0,2,93.0,30.31,0.075,56.6,6.0,1997.0,343.49604618
148.8,74.4,7,3,0.0,1.0,674.7,626.1,2838.0,2,113.0,36.17,0.05,55.9,8.6,1999.0,169.61136330000002
157.6,78.8,11,5,0.0,1.0,105.1696224,105.1696224,2710.0,2,88.0,43.37,0.375,65.0,6.7,1996.0,492.89399999999995
115.19999999999999,57.6,12,2,0.0,1.0,229.3,447.6,2467.0,2,104.0,45.1,0.05,55.9,9.5,2008.0,335.65515696
144.75,72.4,8,0,0.0,1.0,259.9,581.3,2774.0,2,135.0,37.72,0.375,65.0,6.5,1997.0,264.37686962
88.4,44.2,10,0,0.0,1.0,47.8,287.7,2546.0,2,135.0,59.35,0.6,71.3,8.0,2014.0,275.3632778
133.0,66.5,6,0,0.0,1.0,478.6,502.5,2410.0,2,98.0,35.5,0.15,58.7,7.5,1998.0,311.59999999999997
113.6,56.8,12,1,0.0,1.0,146.5,105.1696224,1819.0,2,80.0,30.01,0.05,55.9,6.8,2010.0,286.24948021999995
137.6,68.8,5,0,0.0,1.0,105.1696224,101.8,2950.0,2,83.0,45.04,0.6,71.3,8.6,2002.0,210.80928708000002
109.60000000000001,54.8,7,1,0.0,1.0,279.3,177.9,2180.0,2,102.0,40.18,0.075,56.6,7.5,2011.0,232.69827983000002
152.0,76.0,4,0,0.0,1.0,141.6,241.0,3110.0,2,130.0,34.98,0.05,54.5,6.7,1998.0,258.7029037
131.2,65.6,7,2,0.0,1.0,530.7,182.5,2646.0,2,129.0,37.31,0.3,62.9,8.6,2004.0,157.61378095999999
104.0,52.0,9,5,1.0,2.0,480.2,281.2,2194.0,2,89.0,49.66,0.425,66.4,4.8,2015.0,615.1950454
148.8,74.4,12,5,0.0,1.0,105.1696224,40.3,2810.0,2,74.0,32.91,0.5,68.5,9.5,1999.0,169.02670020000002
137.6,68.8,3,4,0.0,1.0,415.4,71.5,3259.0,2,96.0,39.54,0.2,60.1,7.9,2002.0,212.81418272
178.5,89.2,6,0,0.0,1.0,427.0,183.8,3712.0,2,99.0,43.58,0.275,62.2,10.0,2001.0,257.39072275
119.25,59.6,10,0,0.0,1.0,526.2,150.4,2417.0,2,129.0,41.61,0.225,60.8,6.1,2005.0,226.41610335000004
161.5,80.8,10,2,0.0,1.0,105.1696224,601.7,2871.0,2,113.0,37.57,0.45,67.1,6.2,1998.0,135.8215817
139.92000000000002,70.0,8,0,0.0,1.0,57.7,94.0,2976.0,2,118.0,44.6,0.15,58.7,7.6,2005.0,167.45286453
137.9,69.0,12,1,0.0,1.0,251.3,105.1696224,2283.0,2,106.0,45.7,0.275,62.2,7.7,1996.0,199.70090348999997
115.19999999999999,57.6,9,0,0.0,1.0,352.5,267.0,2469.0,2,89.0,43.54,0.225,60.8,5.5,2009.0,176.32047168
144.0,72.0,12,2,0.0,1.0,287.0,190.0,2631.0,2,145.0,35.5,0.475,67.8,9.0,2000.0,62.220142800000005
157.6,78.8,12,0,0.0,1.0,227.1,321.1,2886.0,2,115.0,34.47,0.2,60.1,9.5,1996.0,313.64856392999997
105.60000000000001,52.8,12,5,0.0,1.0,105.1696224,105.1696224,1964.0,2,87.0,28.87,0.05,55.9,7.7,2013.0,167.04140376
79.2,39.6,5,0,0.0,1.0,105.1696224,236.0,1436.0,2,118.0,26.22,0.05,40.5,4.6,2000.0,38.519999999999996
134.4,67.2,11,5,0.0,1.0,101.1,280.7,1818.0,2,90.0,34.49,0.15,58.7,3.9,2003.0,115.10493791999998
115.19999999999999,57.6,12,2,0.0,1.0,392.8,76.2,1961.0,2,112.0,28.05,0.05,55.2,7.3,2009.0,77.50874160000001
134.4,67.2,11,0,0.0,1.0,317.3,256.2,2383.0,2,116.0,30.04,0.1,57.3,6.3,2003.0,32.72764152
154.4,77.2,12,2,0.0,1.0,1005.4,409.5,2641.0,2,177.0,32.94,0.275,62.2,8.6,1997.0,34.01863162
171.0,85.5,11,0,0.0,1.0,105.1696224,105.1696224,3588.0,2,92.0,30.17,0.05,55.9,9.9,1998.0,131.350534
117.0,58.5,10,8,0.0,1.0,133.8,610.7,2757.0,2,106.0,47.78,0.175,59.4,7.7,2015.0,191.01798300000002
144.0,72.0,11,7,0.0,1.0,105.1696224,351.1,2303.0,2,106.0,32.34,0.1,57.3,5.6,2000.0,60.2351442
132.44,66.2,12,0,0.0,1.0,317.0,105.1696224,2646.0,2,94.0,40.03,0.25,61.5,9.5,2006.0,166.23412344000002
127.2,63.6,5,7,0.0,1.0,179.9,105.1696224,2330.0,2,110.0,25.46,0.05,53.1,6.4,2005.0,9.5235276
169.0,84.5,2,0,0.0,1.0,263.3,105.1696224,2790.0,2,105.0,47.31,0.05,55.9,2.6,2014.0,153.1811203
105.0,52.5,12,2,0.0,1.0,650.7,420.1,2315.0,2,135.0,49.18,0.675,73.4,9.3,2001.0,548.6990967500001
94.05,47.0,6,5,0.0,1.0,105.1696224,105.1696224,2357.0,2,89.0,54.19,0.75,75.5,8.9,1994.0,1647.4253118399997
105.86,52.9,1,0,0.0,1.0,159.7,124.2,2140.0,2,94.0,44.77,0.2,60.1,2.5,2012.0,476.62829840000006
102.96000000000001,51.5,9,5,0.0,2.0,105.1696224,349.9,2602.0,2,95.0,44.92,0.35,64.3,6.6,2013.0,327.86769972
134.16,67.1,9,7,0.0,1.0,607.8,58.3,2142.0,2,124.0,28.87,0.425,66.4,3.3,2002.0,359.81763256
164.0,82.0,3,0,0.0,1.0,645.4,105.1696224,2842.0,2,136.0,34.52,0.375,65.0,5.0,2004.0,177.28965799999997
108.23,54.1,11,1,0.0,1.0,288.2,273.0,3191.0,2,91.0,37.69,0.05,48.2,10.0,2011.0,205.05308956000002
127.67999999999999,63.8,6,0,1.0,2.0,108.4,185.7,2555.0,2,107.0,29.33,0.3,62.9,8.3,2003.0,397.06911048
83.2,41.6,7,0,0.0,1.0,909.7,146.4,2534.0,2,92.0,43.13,0.65,72.7,10.0,2015.0,126.84262500000001
119.2,59.6,8,4,0.0,1.0,151.2,163.0,2424.0,2,99.0,33.77,0.175,59.4,6.1,2007.0,22.45655586
136.8,68.4,6,0,0.0,1.0,105.1696224,105.1696224,2771.0,2,88.0,27.61,0.05,46.8,8.9,2000.0,63.242675999999996
96.0,48.0,6,5,0.0,1.0,105.1696224,105.1696224,2140.0,2,87.0,41.77,0.225,60.8,7.9,2016.0,1121.22663424
131.04,65.5,7,8,0.0,1.0,249.2,364.6,2451.0,2,110.0,46.56,0.175,59.4,7.7,2003.0,301.16554272
100.32000000000001,50.2,6,5,1.0,2.0,771.8,227.9,1930.0,2,98.0,59.12,0.5,68.5,6.8,2013.0,1281.4056882
147.75,73.9,6,0,0.0,1.0,105.1696224,287.1,2828.0,2,145.0,49.42,0.425,66.4,8.6,1996.0,1609.42945796
140.89,70.4,5,0,1.0,2.0,1113.2,105.1696224,2311.0,2,129.0,15.04,0.3,62.9,5.7,1997.0,442.11383132
119.25,59.6,5,5,1.0,1.0,326.3,309.5,2625.0,2,86.0,46.73,0.4,65.7,8.0,2005.0,846.96226689
117.04,58.5,9,2,0.0,1.0,677.1,91.4,2750.0,2,109.0,43.13,0.6,71.3,6.6,2006.0,107.73801654
135.0,67.5,7,0,1.0,1.0,47.4,256.8,2678.0,2,104.0,20.82,0.45,67.1,8.5,2000.0,533.4111485999999
108.0,54.0,6,0,0.0,1.0,52.5,248.7,2180.0,2,110.0,51.78,0.35,64.3,7.6,2008.0,371.90881152000003
147.75,73.9,6,0,0.0,1.0,287.1,259.0,2836.0,2,136.0,47.52,0.475,67.8,8.7,1996.0,660.0733633699999
123.2,61.6,3,5,1.0,2.0,105.1696224,341.1,2324.0,2,91.0,53.47,0.375,65.0,4.5,2006.0,1017.8488012
122.99999999999999,61.5,2,1,0.0,1.0,164.4,239.0,2757.0,2,99.0,49.61,0.4,65.7,4.4,2004.0,322.23192647999997
74.5,37.2,7,5,0.0,1.0,168.9,122.8,1304.0,2,117.0,41.65,0.375,65.0,5.3,2007.0,134.77051192
131.2,65.6,8,3,0.0,1.0,92.8,105.1696224,2395.0,2,114.0,33.83,0.05,52.4,5.5,2004.0,127.92096104
99.0,49.5,5,7,0.0,1.0,171.6,242.2,1493.0,2,115.0,51.34,0.575,70.6,4.0,2013.0,155.36254008
113.6,56.8,6,1,0.0,1.0,210.5,216.9,1813.0,2,102.0,44.23,0.25,61.5,5.8,2010.0,385.43086837999994
98.39999999999999,49.2,6,1,0.0,1.0,538.6,603.1,2661.0,2,128.0,48.88,0.5,68.5,10.0,2004.0,359.8442982
50.4,25.2,1,1,0.0,1.0,105.1696224,35.4,2017.0,2,100.0,31.89,0.175,59.4,4.3,2009.0,105.1696224
135.0,67.5,12,0,0.0,1.0,595.3,105.1696224,2298.0,2,124.0,31.94,0.225,60.8,7.9,2000.0,388.1949462
111.75,55.9,12,1,0.0,1.0,189.4,625.7,1792.0,2,102.0,35.77,0.375,65.0,6.7,2007.0,177.3106109
122.99999999999999,61.5,9,5,0.0,1.0,105.1696224,644.3,1392.0,2,90.0,46.48,0.2,60.1,1.0,2004.0,602.33103116
107.8,53.9,12,2,0.0,1.0,12.3,179.3,2088.0,2,134.0,32.88,0.4,65.7,8.2,2006.0,238.60402720000002
84.27000000000001,42.1,3,1,0.0,1.0,118.8,148.2,2890.0,2,118.0,35.72,0.1,57.3,8.6,2005.0,151.40952444
111.30000000000001,55.6,12,2,0.0,1.0,587.1,412.2,2465.0,2,164.0,40.83,0.475,67.8,9.7,2005.0,207.27066849000002
117.6,58.8,3,0,0.0,1.0,110.0,187.5,2180.0,2,121.0,40.01,0.35,64.3,4.2,2003.0,143.86252944
106.5,53.2,6,0,0.0,1.0,183.6,263.2,2428.0,2,100.0,38.14,0.175,59.4,8.7,2010.0,139.38714746
97.5,48.8,8,1,0.0,1.0,280.3,448.8,1629.0,2,116.0,46.88,0.525,69.2,3.7,2015.0,140.5886417
131.2,65.6,12,1,0.0,1.0,606.4,287.2,2408.0,2,130.0,32.66,0.2,60.1,8.6,2004.0,90.26784187999999
115.5,57.8,7,5,0.0,1.0,105.1696224,105.1696224,2390.0,2,91.0,43.45,0.325,63.6,8.1,2006.0,215.86950923999999
131.25,65.6,10,0,0.0,1.0,230.6,424.9,2482.0,2,123.0,38.79,0.3,62.9,5.9,2001.0,118.35583025
111.64999999999999,55.8,7,0,0.0,1.0,1196.9,105.1696224,2593.0,2,134.0,36.03,0.225,60.8,9.2,1995.0,259.02888305
102.75000000000001,51.4,11,8,0.0,1.0,187.5,40.6,2348.0,2,110.0,43.94,0.175,59.4,7.5,2011.0,310.85850329000004
82.68,41.3,3,7,0.0,1.0,105.1696224,161.5,2261.0,2,113.0,38.46,0.3,62.9,6.0,2005.0,123.93211275000002
135.0,67.5,6,5,0.0,1.0,269.8,123.9,2309.0,2,94.0,32.85,0.325,63.6,7.0,2000.0,66.15834120000001
126.0,63.0,6,0,0.0,1.0,45.9,279.8,2774.0,2,116.0,29.42,0.05,54.5,9.3,2003.0,85.91966712
142.5,71.2,10,0,0.0,1.0,149.8,135.3,3195.0,2,99.0,30.66,0.275,62.2,8.4,1998.0,27.678977699999997
131.25,65.6,2,0,0.0,1.0,105.1696224,74.9,2173.0,2,93.0,26.5,0.05,49.6,1.5,2001.0,9.46665475
73.8,36.9,12,0,0.0,1.0,160.6,240.0,1627.0,2,113.0,36.75,0.175,59.4,7.7,2004.0,34.4550552
135.0,67.5,11,4,0.0,1.0,1251.4,546.0,3018.0,2,106.0,45.14,0.475,67.8,9.0,2000.0,446.6126178
96.2,48.1,6,5,1.0,2.0,105.1696224,423.0,2095.0,2,91.0,81.31,0.35,64.3,7.7,2015.0,1503.7502506
112.34,56.2,3,0,0.0,1.0,321.1,105.1696224,2815.0,2,110.0,44.3,0.225,60.8,7.1,2011.0,123.01572774
138.7,69.4,8,7,0.0,1.0,491.7,303.6,2432.0,2,98.0,36.98,0.2,60.1,5.3,1998.0,197.3936771
142.5,71.2,2,4,0.0,1.0,299.2,254.7,3134.0,2,134.0,35.74,0.2,60.1,5.2,1998.0,24.889999999999997
93.44,46.7,5,5,0.0,1.0,105.1696224,356.4,2180.0,2,97.0,46.13,0.225,60.8,7.2,2016.0,447.71781504
100.8,50.4,2,6,0.0,1.0,340.3,153.5,2298.0,2,112.0,37.52,0.1,57.3,3.4,2008.0,160.17269904
108.0,54.0,7,1,0.0,1.0,250.2,259.7,2828.0,2,146.0,36.65,0.175,59.4,10.0,2009.0,88.50093408
104.3,52.2,8,7,0.0,1.0,77.4,199.1,2116.0,2,110.0,39.6,0.375,65.0,5.5,2007.0,129.12125142
111.65,55.8,8,1,0.0,1.0,148.5,138.8,1987.0,2,116.0,31.32,0.3,62.9,4.6,2006.0,250.96791258
122.5,61.2,6,1,0.0,2.0,107.7,330.7,2268.0,2,87.0,32.13,0.05,53.8,7.3,2001.0,308.182602
146.16,73.1,5,0,0.0,1.0,105.1696224,707.8,2820.0,2,177.0,49.47,0.675,73.4,7.7,1995.0,426.29999999999995
114.48,57.2,11,2,0.0,1.0,487.0,204.6,1797.0,2,125.0,42.04,0.4,65.7,4.7,2005.0,154.05509682000002
111.75,55.9,7,5,0.0,1.0,105.1696224,105.1696224,2541.0,2,87.0,46.42,0.475,67.8,9.0,2007.0,785.33258799
126.0,63.0,12,2,0.0,1.0,294.3,302.9,2271.0,2,152.0,30.03,0.4,65.7,8.2,2001.0,65.30572649999999
164.5,82.2,4,0,0.0,1.0,185.5,105.1696224,3247.0,2,116.0,26.98,0.05,51.0,6.7,2001.0,95.8032915
122.17999999999999,61.1,4,0,0.0,1.0,211.7,105.1696224,1584.0,2,109.0,27.49,0.475,67.8,1.4,2004.0,101.96216199999999
98.39999999999999,49.2,7,2,0.0,1.0,800.1,105.1696224,1909.0,2,108.0,40.2,0.3,62.9,6.8,2004.0,420.9839328
134.9,67.4,6,1,0.0,1.0,105.1696224,255.1,1959.0,2,85.0,37.34,0.1,57.3,5.5,1998.0,559.4675495
123.84,61.9,8,2,0.0,1.0,849.0,366.5,2149.0,2,106.0,40.75,0.35,64.3,4.8,2002.0,702.18641724
245.99999999999997,123.0,5,0,1.0,2.0,847.7,466.9,3747.0,2,93.0,46.53,0.425,66.4,7.4,2004.0,1508.5355631199998
184.8,92.4,6,5,1.0,1.0,841.7,85.9,2985.0,2,117.0,53.12,0.4,65.7,7.7,2006.0,711.4540494600001
130.20000000000002,65.1,7,1,0.0,1.0,1097.3,558.8,2413.0,2,116.0,36.67,0.175,59.4,7.6,1999.0,575.5909667400001
120.39999999999999,60.2,8,0,0.0,1.0,241.6,95.7,2348.0,2,124.0,46.26,0.2,60.1,5.8,2002.0,477.21121703999995
96.2,48.1,2,5,0.0,1.0,105.1696224,229.9,2233.0,2,93.0,43.64,0.2,60.1,3.3,2015.0,405.07224160000004
157.6,78.8,11,0,0.0,1.0,721.1,567.1,2423.0,2,117.0,34.29,0.35,64.3,5.5,1996.0,609.70058157
100.8,50.4,8,2,0.0,1.0,221.9,269.8,2455.0,2,153.0,51.58,0.725,74.8,7.1,2009.0,459.548712
158.9,79.4,12,0,0.0,1.0,105.1696224,105.1696224,3021.0,2,144.0,42.54,0.4,65.7,10.0,1991.0,682.94044821
165.9,83.0,7,0,1.0,2.0,105.1696224,105.1696224,2994.0,2,124.0,48.87,0.4,65.7,8.6,1990.0,568.87369278
134.4,67.2,8,0,0.0,1.0,105.1696224,138.8,2739.0,2,117.0,42.68,0.2,60.1,6.8,2003.0,195.96082127999998
119.0,59.5,12,2,0.0,1.0,312.1,660.8,2494.0,2,136.0,40.11,0.375,65.0,9.4,2001.0,355.92959675
115.5,57.8,7,2,0.0,1.0,705.3,179.6,3067.0,2,110.0,36.66,0.075,56.6,10.0,2006.0,65.11916026
114.8,57.4,8,0,1.0,1.0,126.1,47.1,2318.0,2,101.0,45.4,0.125,58.0,5.9,2004.0,280.74153531999997
108.0,54.0,12,1,0.0,1.0,308.6,105.1696224,2173.0,2,88.0,40.98,0.1,57.3,8.5,2009.0,638.1216072
129.0,64.5,3,0,0.0,1.0,105.1696224,379.9,2226.0,2,138.0,36.37,0.425,66.4,3.9,2002.0,197.21654848
92.4,46.2,3,0,0.0,1.0,109.8,181.5,1763.0,2,120.0,49.22,0.3,62.9,3.5,2013.0,212.55384480000004
133.0,66.5,12,4,0.0,1.0,295.5,273.2,2094.0,2,103.0,36.37,0.325,63.6,7.1,1998.0,224.2
95.9,48.0,3,0,0.0,1.0,105.1696224,72.0,1848.0,2,116.0,46.99,0.125,58.0,3.7,2011.0,277.37945572
117.6,58.8,12,0,0.0,1.0,317.5,574.7,2351.0,2,125.0,46.25,0.65,72.7,8.9,2003.0,206.5040124
90.42,45.2,12,2,0.0,1.0,630.1,105.1696224,2221.0,2,146.0,41.01,0.5,68.5,9.5,2011.0,243.29128423000003
91.0,45.5,1,0,0.0,1.0,76.8,183.4,2128.0,2,118.0,45.65,0.2,60.1,3.1,2014.0,201.47924550000002
99.39999999999999,49.7,9,2,0.0,1.0,156.4,177.4,1926.0,2,133.0,38.26,0.2,60.1,3.9,2010.0,191.34218982
91.0,45.5,10,3,0.0,1.0,105.1696224,105.1696224,2425.0,2,92.0,50.18,0.3,62.9,7.4,2014.0,280.1879613
133.0,66.5,11,2,0.0,1.0,267.2,142.8,2789.0,2,116.0,36.59,0.25,61.5,8.1,1998.0,221.67853279999997
104.3,52.2,8,0,0.0,1.0,19.4,24.2,2187.0,2,127.0,46.71,0.525,69.2,5.8,2007.0,201.98443874
135.1,67.6,9,0,0.0,1.0,105.1696224,489.2,2322.0,2,136.0,34.64,0.5,68.5,4.0,1997.0,253.71332626
95.9,48.0,1,1,0.0,1.0,607.7,263.9,2351.0,2,111.0,33.11,0.05,55.9,3.8,2011.0,91.94434968
120.39999999999999,60.2,6,0,0.0,1.0,373.7,39.9,2470.0,2,116.0,32.57,0.1,57.3,8.3,2002.0,113.48094739999999
95.4,47.7,10,0,0.0,1.0,132.9,171.4,1647.0,2,105.0,40.92,0.05,54.5,3.8,2005.0,89.01984039000001
120.39999999999999,60.2,10,0,0.0,1.0,559.5,336.0,2380.0,2,97.0,31.9,0.05,55.9,5.9,2002.0,57.725155640000004
93.80000000000001,46.9,1,8,0.0,1.0,105.1696224,116.6,2230.0,2,88.0,49.01,0.275,62.2,3.4,2012.0,214.55097914
100.5,50.2,6,1,0.0,1.0,209.9,105.1696224,1890.0,2,123.0,38.39,0.25,61.5,6.7,2012.0,79.62094142000001
120.39999999999999,60.2,2,2,0.0,1.0,122.6,198.3,2470.0,2,125.0,32.69,0.225,60.8,3.3,2002.0,55.53371568
90.42,45.2,9,0,0.0,1.0,105.1696224,77.1,1595.0,2,116.0,41.01,0.275,62.2,2.8,2011.0,79.15463522000002
120.39999999999999,60.2,9,0,0.0,1.0,105.1696224,172.7,2872.0,2,91.0,26.85,0.05,49.6,7.0,2002.0,34.26933676
133.0,66.5,1,7,0.0,1.0,105.1696224,129.8,2967.0,2,97.0,29.75,0.125,58.0,4.9,1998.0,37.7540773
131.25,65.6,8,0,0.0,1.0,384.4,105.1696224,2424.0,2,95.0,29.36,0.225,60.8,5.6,2001.0,23.79459425
92.4,46.2,6,5,0.0,1.0,105.1696224,105.1696224,2251.0,2,88.0,24.47,0.225,60.8,8.5,2013.0,24.63387564
91.0,45.5,1,7,0.0,1.0,219.4,733.2,1267.0,2,133.0,46.41,0.05,55.2,1.0,2015.0,23.078822
114.8,57.4,9,7,0.0,1.0,105.1696224,230.2,1943.0,2,107.0,38.94,0.175,59.4,3.3,2004.0,95.05226144
107.8,53.9,3,7,0.0,2.0,136.7,37.7,2175.0,2,114.0,32.08,0.05,51.7,4.6,2006.0,59.48939612
66.0,33.0,10,0,0.0,1.0,121.3,214.4,1485.0,2,115.0,45.81,0.425,66.4,4.4,2013.0,162.24794652
91.0,45.5,1,0,0.0,1.0,68.2,105.1696224,2360.0,2,99.0,39.11,0.05,50.3,4.1,2014.0,79.6632876
116.96,58.5,5,7,0.0,1.0,105.1696224,215.4,3069.0,2,124.0,37.83,0.225,60.8,10.0,2002.0,331.96
96.56,48.3,6,0,1.0,3.0,61.8,538.3,1754.0,2,124.0,56.19,0.2,60.1,6.2,2010.0,991.85771274
119.0,59.5,7,0,0.0,1.0,105.1696224,184.2,2097.0,2,124.0,37.92,0.425,66.4,6.7,2001.0,124.372297
97.97999999999999,49.0,7,5,1.0,1.0,105.1696224,254.7,2262.0,2,95.0,56.92,0.525,69.2,8.4,2010.0,771.7898587000001
121.79999999999998,60.9,11,0,0.0,1.0,105.1696224,105.1696224,2982.0,2,103.0,28.78,0.1,57.3,9.4,1995.0,71.92515939
88.4,44.2,6,1,1.0,2.0,736.2,361.3,1656.0,2,115.0,50.94,0.3,62.9,6.2,2015.0,282.12936440000004
100.8,50.4,5,0,0.0,1.0,63.2,8.0,2295.0,2,127.0,35.88,0.475,67.8,7.4,2009.0,56.2197672
126.48,63.2,8,0,0.0,1.0,105.1696224,29.0,3102.0,2,121.0,31.62,0.175,59.4,8.7,1999.0,55.35734046
49.32000000000001,24.7,2,1,0.0,1.0,135.3,270.7,1115.0,2,105.0,40.04,0.1,57.3,1.0,2011.0,113.93020558000002
167.4,83.7,10,2,0.0,1.0,166.1,173.9,2426.0,2,157.0,39.62,0.575,70.6,4.1,1999.0,112.13923632000001
102.4,51.2,1,0,0.0,1.0,33.6,412.3,2076.0,2,114.0,40.5,0.325,63.6,2.4,2016.0,66.68683519999999
100.8,50.4,10,0,0.0,1.0,385.0,363.1,2026.0,2,128.0,43.81,0.375,65.0,5.2,2008.0,163.12334112
97.97999999999999,49.0,7,1,0.0,1.0,509.4,383.9,2464.0,2,114.0,29.84,0.125,58.0,9.2,2010.0,122.67075693999999
92.46000000000001,46.2,6,0,0.0,1.0,212.2,105.1696224,2209.0,2,94.0,44.16,0.125,58.0,8.4,2012.0,150.43528626000003
122.76,61.4,4,6,0.0,1.0,26.6,459.6,1806.0,2,112.0,39.5,0.25,61.5,2.3,1999.0,395.07217656
125.39999999999999,62.7,6,7,0.0,1.0,6.1,105.1696224,2634.0,2,121.0,35.71,0.4,65.7,8.8,1998.0,359.4767947
99.83,49.9,4,0,0.0,1.0,105.1696224,105.1696224,1996.0,2,102.0,31.04,0.05,54.5,4.1,2007.0,37.70152662
133.0,66.5,7,2,0.0,1.0,784.9,715.0,2976.0,2,169.0,52.13,0.725,74.8,9.9,1998.0,915.4977271
85.8,42.9,3,0,0.0,1.0,105.1696224,105.1696224,1838.0,2,130.0,48.26,0.275,62.2,4.1,2014.0,264.2609268
126.0,63.0,12,1,0.0,1.0,105.1696224,974.1,2237.0,2,127.0,41.73,0.275,62.2,8.0,2000.0,673.4010726
101.48,50.7,3,5,1.0,1.0,105.1696224,105.1696224,2404.0,2,81.0,55.33,0.525,69.2,5.8,2002.0,659.20227392
114.24,57.1,3,2,0.0,1.0,52.4,120.4,2609.0,2,136.0,39.9,0.075,56.6,6.1,2003.0,127.20193248
87.10000000000001,43.6,11,2,0.0,1.0,606.7,87.8,2228.0,2,149.0,43.43,0.425,66.4,7.7,2012.0,368.89322300000003
117.18,58.6,3,0,1.0,1.0,13.8,382.1,1782.0,2,136.0,55.88,0.725,74.8,2.5,1999.0,862.1423323800001
105.55999999999999,52.8,6,2,0.0,1.0,105.1696224,698.5,2444.0,2,140.0,50.83,0.575,70.6,8.8,1995.0,721.1330039899999
111.8,55.9,10,8,1.0,2.0,105.1696224,193.3,1956.0,2,104.0,33.0,0.125,58.0,4.4,2002.0,297.3107118
81.74000000000001,40.9,12,2,0.0,1.0,588.2,247.8,2100.0,2,157.0,46.79,0.525,69.2,9.4,2012.0,592.0250918
123.5,61.8,12,1,0.0,1.0,105.1696224,850.8,1937.0,2,119.0,40.63,0.325,63.6,6.9,1998.0,476.5608405
93.6,46.8,7,1,0.0,1.0,199.8,135.8,2292.0,2,98.0,38.13,0.375,65.0,8.7,2008.0,184.47500448
180.5,90.2,7,0,0.0,1.0,715.0,51.6,2723.0,2,136.0,41.62,0.325,63.6,6.8,1998.0,475.54819369999996
92.3,46.2,11,1,0.0,1.0,266.0,510.8,1674.0,2,95.0,45.64,0.3,62.9,5.1,2010.0,300.72877008
84.5,42.2,12,2,0.0,1.0,105.1696224,105.1696224,2295.0,2,137.0,45.43,0.575,70.6,10.0,2014.0,212.4758181
117.0,58.5,7,0,0.0,1.0,216.2,223.4,2455.0,2,130.0,33.84,0.325,63.6,8.4,2000.0,231.99143759999998
149.8,74.9,5,0,0.0,1.0,308.6,105.1696224,2483.0,2,112.0,39.64,0.275,62.2,6.1,1993.0,545.70045154
98.5,49.2,2,0,0.0,1.0,105.1696224,340.4,2693.0,2,108.0,38.02,0.175,59.4,5.2,1996.0,296.03218959000003
117.0,58.5,7,8,0.0,1.0,315.5,582.4,2216.0,2,104.0,35.51,0.25,61.5,7.3,2000.0,125.46000000000001
97.02,48.5,8,2,0.0,1.0,206.6,163.6,2181.0,2,128.0,38.96,0.225,60.8,6.0,2006.0,250.93667676
87.10000000000001,43.6,5,1,0.0,1.0,402.8,402.8,2165.0,2,83.0,41.72,0.225,60.8,7.4,2012.0,240.36857422000003
120.9,60.4,7,7,0.0,1.0,105.1696224,585.7,2192.0,2,159.0,40.35,0.525,69.2,7.1,1999.0,301.48964688
84.5,42.2,12,1,0.0,1.0,156.3,28.3,2210.0,2,119.0,42.47,0.25,61.5,9.7,2014.0,173.96836080000003
65.13000000000001,32.6,2,6,0.0,1.0,105.5,664.4,1665.0,2,105.0,49.26,0.425,66.4,2.2,2015.0,200.1518519
87.10000000000001,43.6,2,0,0.0,1.0,378.2,155.9,1927.0,2,103.0,44.26,0.225,60.8,2.4,2012.0,210.34590638000003
106.6,53.3,12,4,0.0,1.0,105.1696224,132.7,2743.0,2,123.0,47.1,0.175,59.4,10.0,2004.0,211.40480023999996
87.10000000000001,43.6,9,0,1.0,2.0,234.3,184.5,1707.0,2,95.0,23.74,0.15,58.7,3.4,2012.0,321.81340170000004
64.8,32.4,8,0,0.0,1.0,157.0,104.2,1004.0,2,105.0,45.29,0.25,61.5,2.4,2008.0,106.21802304
128.05,64.0,10,7,0.0,1.0,295.8,20.3,3044.0,2,120.0,33.9,0.375,65.0,8.4,1996.0,176.22981916999998
103.35000000000001,51.7,11,5,0.0,1.0,150.4,105.1696224,3126.0,2,101.0,33.42,0.275,62.2,10.0,2005.0,102.27118659
117.18,58.6,10,2,0.0,1.0,409.0,45.4,2230.0,2,139.0,59.95,0.825,77.6,5.4,1999.0,187.58798058
100.10000000000001,50.1,12,2,0.0,1.0,455.4,200.1,1523.0,2,124.0,27.18,0.425,66.4,6.1,2006.0,67.05986056
147.55,73.8,5,0,0.0,1.0,105.1696224,568.9,2567.0,2,100.0,34.55,0.1,57.3,6.5,1991.0,39.085041600000004
84.5,42.2,1,3,0.0,1.0,105.1696224,123.4,1945.0,2,92.0,41.71,0.05,54.5,2.6,2014.0,92.50096959999999
79.5,39.8,9,7,0.0,1.0,157.6,105.1696224,1929.0,2,130.0,36.77,0.425,66.4,4.7,2005.0,66.92899254
68.37,34.2,1,0,1.0,1.0,146.5,158.2,1494.0,2,97.0,40.66,0.05,53.1,1.3,2005.0,90.12368994
84.5,42.2,8,7,0.0,1.0,52.1,130.7,2248.0,2,102.0,53.51,0.325,63.6,6.9,2014.0,51.229900799999996
119.04,59.5,10,2,0.0,1.0,578.3,486.4,2574.0,2,133.0,19.64,0.075,56.6,6.8,1999.0,138.77194020000002
71.5,35.8,9,0,0.0,1.0,129.4,105.1696224,1392.0,2,121.0,49.38,0.425,66.4,2.8,2015.0,264.4558592
77.0,38.5,9,7,0.0,1.0,13.8,105.1696224,2215.0,2,147.0,45.29,0.525,69.2,6.0,2006.0,203.55769741999998
108.36,54.2,7,1,0.0,1.0,330.1,456.1,3002.0,2,94.0,44.6,0.225,60.8,10.0,2002.0,510.24734132000003
93.6,46.8,10,5,0.0,1.0,99.3,178.4,2196.0,2,94.0,39.03,0.275,62.2,6.3,2009.0,63.49113648
134.82000000000002,67.4,6,0,1.0,1.0,682.9,105.1696224,2430.0,2,127.0,44.68,0.65,72.7,7.5,1993.0,1969.0140000000001
131.67,65.8,6,2,0.0,1.0,105.1696224,786.0,2467.0,2,191.0,32.38,0.375,65.0,7.8,1994.0,52.35867999999999
129.57999999999998,64.8,8,0,0.0,1.0,391.7,590.6,2711.0,2,141.0,35.85,0.35,64.3,6.9,1994.0,451.20532853
84.5,42.2,2,0,0.0,1.0,105.1696224,117.9,1439.0,2,127.0,28.29,0.225,60.8,1.0,2015.0,158.0094139
98.56,49.3,8,1,0.0,1.0,164.7,105.1696224,2243.0,2,98.0,31.16,0.075,56.6,6.2,2006.0,156.45648634000003
111.60000000000001,55.8,4,0,0.0,1.0,96.8,222.2,2179.0,2,116.0,35.39,0.275,62.2,4.4,2000.0,229.79954700000002
125.85999999999999,62.9,11,1,0.0,1.0,535.1,447.3,3105.0,2,106.0,29.88,0.375,65.0,9.8,1995.0,218.99537687999998
89.28,44.6,6,1,0.0,1.0,105.1696224,927.1,2032.0,2,87.0,31.85,0.05,49.6,7.7,2008.0,60.219452159999996
108.5,54.2,2,0,0.0,1.0,105.1696224,113.8,2869.0,2,125.0,30.08,0.2,60.1,5.5,2001.0,32.76030625
57.2,28.6,12,7,0.0,1.0,331.9,94.0,1386.0,2,167.0,50.93,0.65,72.7,7.3,2015.0,202.4881521
86.31,43.2,3,5,0.0,1.0,199.7,105.1696224,2269.0,2,95.0,34.54,0.125,58.0,5.9,2011.0,252.01660051000002
100.10000000000001,50.1,12,0,0.0,1.0,167.9,156.5,2313.0,2,117.0,50.31,0.5,68.5,9.5,2006.0,650.82004526
131.2,65.6,12,1,0.0,1.0,366.1,259.0,2208.0,2,115.0,42.26,0.275,62.2,7.7,2004.0,847.2944199599999
86.39999999999999,43.2,12,1,0.0,1.0,502.9,294.4,2126.0,2,115.0,41.57,0.475,67.8,9.3,2008.0,351.47862144
111.60000000000001,55.8,12,8,0.0,1.0,59.2,759.3,2740.0,2,189.0,55.81,0.8,76.9,10.0,1999.0,529.3560000000001
238.5,119.2,11,5,0.0,1.0,155.8,43.9,3472.0,2,81.0,46.7,0.15,58.7,6.5,2005.0,499.94793735
79.3,39.6,10,7,0.0,1.0,316.6,185.4,1401.0,2,145.0,59.64,0.725,74.8,3.5,2014.0,480.1294719
103.2,51.6,6,0,1.0,1.0,52.9,126.2,2226.0,2,119.0,53.66,0.575,70.6,8.0,2002.0,368.13886528
117.74,58.9,11,0,0.0,1.0,105.1696224,105.1696224,2062.0,2,130.0,49.3,0.4,65.7,5.6,1995.0,714.9538890199999
111.60000000000001,55.8,6,7,0.0,1.0,432.3,239.6,2196.0,2,116.0,35.55,0.275,62.2,7.5,1999.0,278.45288472
114.0,57.0,6,1,0.0,1.0,105.1696224,446.9,2311.0,2,103.0,48.62,0.7,74.1,7.9,1998.0,501.8245819
133.0,66.5,12,0,0.0,1.0,105.1696224,329.7,1933.0,2,99.0,41.0,0.45,67.1,6.4,1998.0,415.3650572
100.8,50.4,5,1,0.0,1.0,207.9,231.9,1643.0,2,92.0,35.4,0.15,58.7,4.6,2003.0,276.24889656
80.52000000000001,40.3,8,0,0.0,1.0,84.6,234.6,2174.0,2,109.0,45.38,0.4,65.7,6.7,2013.0,174.16134252000003
105.0,52.5,7,1,0.0,1.0,105.1696224,442.1,2067.0,2,87.0,35.79,0.05,54.5,7.2,2001.0,163.40651425000001
100.8,50.4,5,0,0.0,1.0,74.6,165.3,1310.0,2,110.0,49.86,0.4,65.7,3.2,2003.0,295.79788727999994
103.2,51.6,12,6,0.0,1.0,105.1696224,177.7,2507.0,2,101.0,38.7,0.225,60.8,10.0,2002.0,160.57045896
114.0,57.0,10,0,0.0,1.0,105.1696224,20.6,2435.0,2,83.0,45.0,0.25,61.5,6.4,1998.0,326.33993969999995
100.8,50.4,9,1,0.0,1.0,105.1696224,209.0,1958.0,2,113.0,39.85,0.075,56.6,3.9,2009.0,247.4565696
142.20000000000002,71.1,6,0,0.0,1.0,105.1696224,105.1696224,2161.0,2,107.0,34.19,0.225,60.8,6.0,1990.0,374.27213721000004
95.4,47.7,12,1,0.0,2.0,159.8,156.8,2447.0,2,94.0,35.85,0.175,59.4,10.0,2005.0,205.3991097
79.3,39.6,9,0,1.0,2.0,452.8,452.8,2115.0,2,132.0,56.85,0.35,64.3,5.5,2015.0,404.6340038
85.19999999999999,42.6,8,2,0.0,1.0,10.4,306.6,2886.0,2,133.0,40.73,0.2,60.1,9.6,2010.0,290.52350272
82.36,41.2,10,0,1.0,1.0,250.5,273.0,2171.0,2,111.0,44.97,0.4,65.7,6.6,2010.0,101.76424604
102.30000000000001,51.2,12,2,0.0,1.0,190.7,153.3,2359.0,2,163.0,38.2,0.45,67.1,9.6,1999.0,186.42934752000002
114.0,57.0,5,2,0.0,1.0,105.1696224,105.1696224,2282.0,2,170.0,31.55,0.425,66.4,6.7,1998.0,355.0787697
106.6,53.3,8,2,0.0,1.0,143.9,604.9,2552.0,2,120.0,45.9,0.5,68.5,7.2,2004.0,357.13343724
103.2,51.6,4,0,0.0,1.0,606.1,105.1696224,2451.0,2,92.0,43.82,0.075,56.6,5.9,2002.0,284.3730696
98.39999999999999,49.2,10,2,0.0,1.0,105.1696224,105.1696224,2622.0,2,115.0,29.82,0.3,62.9,7.9,2004.0,122.24839948
80.4,40.2,12,7,0.0,1.0,34.4,633.1,1822.0,2,130.0,48.7,0.325,63.6,8.2,2012.0,292.57639730000005
111.60000000000001,55.8,7,0,0.0,1.0,271.9,105.1696224,2164.0,2,105.0,38.13,0.15,58.7,7.3,1999.0,136.98570408
82.2,41.1,9,2,0.0,1.0,224.6,104.3,1854.0,2,106.0,44.21,0.3,62.9,4.3,2011.0,188.44568378
86.39999999999999,43.2,2,5,0.0,1.0,9.5,54.9,2341.0,2,100.0,47.45,0.575,70.6,4.2,2009.0,179.41881311999998
86.39999999999999,43.2,6,7,0.0,1.0,577.3,249.8,2588.0,2,91.0,36.82,0.05,53.8,10.0,2008.0,235.30147055999998
114.8,57.4,4,0,0.0,1.0,221.8,196.1,2187.0,2,146.0,46.02,0.575,70.6,4.3,2004.0,213.68169095999997
77.0,38.5,3,1,0.0,1.0,46.3,219.3,1821.0,2,98.0,19.97,0.05,51.0,4.4,2006.0,94.11389064
98.39999999999999,49.2,3,1,0.0,1.0,180.9,216.5,2294.0,2,101.0,40.75,0.15,58.7,5.5,2004.0,279.24075
118.2,59.1,11,5,0.0,1.0,714.0,644.4,2296.0,2,89.0,37.88,0.125,58.0,6.6,1996.0,255.76980633000002
108.24,54.1,4,8,0.0,1.0,266.6,105.1696224,2616.0,2,122.0,46.57,0.375,65.0,6.4,2004.0,162.88313868
133.0,66.5,3,2,0.0,1.0,105.1696224,264.7,1742.0,2,115.0,28.93,0.275,62.2,1.6,1998.0,107.73551189999999
80.4,40.2,8,5,0.0,1.0,105.1696224,34.3,1715.0,2,90.0,44.43,0.425,66.4,4.8,2012.0,143.56679466
115.8,57.9,11,0,0.0,1.0,64.1,465.1,2084.0,2,124.0,36.39,0.275,62.2,5.8,1997.0,307.50744039999995
100.8,50.4,12,0,0.0,1.0,471.8,270.3,1396.0,2,119.0,40.82,0.225,60.8,5.5,2003.0,161.73328416
86.39999999999999,43.2,12,0,0.0,1.0,105.1696224,60.5,1727.0,2,93.0,34.34,0.2,60.1,7.6,2008.0,73.26308879999999
121.79999999999998,60.9,7,0,0.0,1.0,105.1696224,102.4,2098.0,2,100.0,31.74,0.15,58.7,6.6,1995.0,211.77788848999998
78.0,39.0,1,0,0.0,1.0,615.6,527.9,1910.0,2,105.0,45.28,0.225,60.8,2.7,2014.0,65.7138391
78.0,39.0,12,2,0.0,1.0,194.0,786.3,2370.0,2,124.0,41.16,0.35,64.3,10.0,2015.0,131.4742767
76.8,38.4,3,0,0.0,1.0,105.1696224,93.9,1882.0,2,99.0,49.69,0.2,60.1,4.6,2016.0,263.36569216
135.1,67.6,11,4,1.0,4.0,105.1696224,351.5,2190.0,2,109.0,43.79,0.225,60.8,5.5,1997.0,312.65999999999997
90.89,45.4,3,0,0.0,1.0,121.3,226.9,2089.0,2,124.0,43.77,0.475,67.8,4.9,2007.0,142.58852404
78.0,39.0,9,5,0.0,1.0,105.1696224,87.4,2347.0,2,97.0,41.46,0.4,65.7,6.6,2014.0,140.732501
142.5,71.2,10,2,0.0,1.0,105.1696224,271.0,2283.0,2,104.0,33.38,0.325,63.6,4.5,1998.0,88.69841629999999
78.0,39.0,2,0,0.0,1.0,310.0,105.1696224,1661.0,2,100.0,49.24,0.625,72.0,1.6,2014.0,609.9088996
103.2,51.6,7,0,0.0,1.0,182.8,61.7,2427.0,2,101.0,40.25,0.25,61.5,8.8,2002.0,74.06660904
79.2,39.6,1,7,0.0,1.0,101.5,28.7,1914.0,2,113.0,40.83,0.3,62.9,2.7,2013.0,138.86519196
86.39999999999999,43.2,6,1,0.0,1.0,184.5,417.9,2291.0,2,97.0,39.23,0.05,51.7,9.0,2009.0,89.795376
86.39999999999999,43.2,12,2,0.0,1.0,222.8,138.9,2059.0,2,134.0,38.55,0.5,68.5,9.0,2009.0,176.01691824
86.39999999999999,43.2,4,0,0.0,1.0,74.0,249.3,2310.0,2,127.0,37.46,0.425,66.4,6.1,2009.0,126.40923936
112.53117888,56.3,3,6,0.0,1.0,138.6,95.3,1963.0,2,125.0,32.2,0.175,59.4,3.4,2009.0,86.39999999999999
120.9,60.4,2,1,0.0,1.0,105.1696224,126.1,2405.0,2,94.0,24.66,0.05,55.2,3.0,1999.0,68.54118786000001
92.4,46.2,4,0,0.0,1.0,196.0,225.3,2050.0,2,108.0,33.53,0.2,60.1,4.7,2006.0,119.99733284
100.8,50.4,11,4,0.0,1.0,105.1696224,124.0,1782.0,2,91.0,38.46,0.15,58.7,5.2,2009.0,151.12190159999997
103.2,51.6,12,4,0.0,1.0,240.3,326.0,1685.0,2,117.0,37.42,0.275,62.2,6.7,2002.0,115.77806072
100.8,50.4,9,7,0.0,1.0,108.6,370.6,2448.0,2,100.0,37.95,0.2,60.1,6.0,2003.0,201.5005692
113.6,56.8,1,7,0.0,1.0,545.5,398.5,2213.0,2,117.0,38.94,0.3,62.9,2.5,2010.0,106.35990137999998
115.8,57.9,1,3,0.0,1.0,212.4,105.1696224,2000.0,2,110.0,31.34,0.2,60.1,1.5,1997.0,65.53625344000001
103.2,51.6,12,1,0.0,1.0,214.5,135.7,2198.0,2,96.0,37.14,0.175,59.4,8.9,2002.0,94.6053922
86.39999999999999,43.2,9,0,0.0,1.0,25.2,129.6,2459.0,2,101.0,35.57,0.225,60.8,6.7,2008.0,105.37137503999999
86.39999999999999,43.2,4,2,0.0,1.0,192.6,290.6,1266.0,2,109.0,34.88,0.4,65.7,1.6,2009.0,45.67702752
144.0,72.0,11,8,0.0,1.0,355.1,109.5,2116.0,2,126.0,34.58,0.325,63.6,4.8,2000.0,71.0269686
108.0,54.0,9,2,0.0,1.0,538.9,105.1696224,1957.0,2,122.0,37.39,0.6,71.3,3.6,2000.0,85.2906402
95.4,47.7,4,0,0.0,1.0,463.5,98.8,2665.0,2,101.0,43.55,0.05,52.4,7.2,2005.0,113.00755188000001
82.2,41.1,5,0,0.0,1.0,96.4,96.4,2121.0,2,87.0,40.55,0.1,57.3,7.4,2011.0,107.28350947
100.8,50.4,7,5,0.0,1.0,105.1696224,356.8,2477.0,2,86.0,35.84,0.4,65.7,9.2,2003.0,44.164377599999995
115.8,57.9,8,3,0.0,1.0,248.1,82.2,1959.0,2,96.0,41.13,0.375,65.0,4.3,1997.0,51.47935706
103.2,51.6,2,2,0.0,1.0,302.9,192.0,1840.0,2,104.0,27.54,0.275,62.2,1.3,2002.0,89.994528
77.0,38.5,9,2,0.0,1.0,263.9,136.9,2127.0,2,121.0,33.43,0.175,59.4,5.7,2006.0,75.63125108
92.4,46.2,9,0,0.0,1.0,105.1696224,105.1696224,2144.0,2,140.0,31.8,0.325,63.6,5.1,2006.0,27.412000000000003
126.0,63.0,10,0,0.0,1.0,105.1696224,355.1,2652.0,2,131.0,33.59,0.5,68.5,6.8,2001.0,48.37473725
162.0,81.0,1,3,0.0,1.0,105.1696224,105.1696224,2754.0,2,91.0,22.94,0.05,53.8,2.7,2000.0,26.6905458
78.0,39.0,2,2,0.0,1.0,105.1696224,80.2,2077.0,2,118.0,38.0,0.25,61.5,3.4,2014.0,40.0403003
79.2,39.6,8,0,0.0,1.0,98.8,105.1696224,2047.0,2,130.0,46.08,0.3,62.9,6.2,2013.0,119.54635572000001
86.39999999999999,43.2,7,1,0.0,1.0,62.3,192.1,2336.0,2,90.0,35.75,0.05,54.5,9.2,2008.0,72.93611376
47.7,23.8,6,2,0.0,1.0,10.6,28.5,1959.0,2,105.0,32.79,0.075,56.6,9.2,2005.0,40.50221787
86.39999999999999,43.2,12,0,0.0,1.0,83.2,321.3,1497.0,2,106.0,39.99,0.25,61.5,6.6,2008.0,82.78613856
86.39999999999999,43.2,12,0,0.0,1.0,105.1696224,105.1696224,1277.0,2,103.0,33.16,0.05,52.4,5.6,2008.0,56.20512528
78.0,39.0,1,1,0.0,1.0,77.8,470.0,2331.0,2,106.0,47.74,0.1,57.3,4.5,2015.0,39.544128
87.6672,43.8,1,0,0.0,1.0,105.1696224,105.1696224,2492.0,2,120.0,20.94,0.25,61.5,4.8,2016.0,247.90676224
127.2,63.6,8,0,0.0,1.0,53.8,105.1696224,2115.0,2,132.0,27.54,0.45,67.1,4.5,2005.0,16.16473818
74.24,37.1,2,0,1.0,1.0,105.1696224,165.8,1291.0,2,108.0,74.94,0.6,71.3,1.0,2016.0,1002.38461312
76.44,38.2,12,0,0.0,1.0,183.5,261.7,1999.0,2,133.0,53.8,0.6,71.3,9.1,2014.0,704.9996499
75.4,37.7,8,0,0.0,1.0,337.1,452.2,2280.0,2,103.0,46.04,0.3,62.9,7.4,2015.0,205.6116244
92.22,46.1,9,1,0.0,1.0,138.4,198.8,2751.0,2,95.0,32.04,0.375,65.0,7.7,2005.0,163.53854529000003
149.4,74.7,4,4,0.0,1.0,484.9,105.1696224,2875.0,2,90.0,23.77,0.05,50.3,5.8,2000.0,107.042895
83.52,41.8,3,1,0.0,1.0,71.8,271.2,1905.0,2,114.0,26.01,0.175,59.4,4.4,2008.0,59.47126848
83.52,41.8,12,1,0.0,1.0,189.0,199.9,1723.0,2,103.0,32.82,0.05,55.2,7.7,2009.0,122.80355999999999
76.56,38.3,6,1,0.0,1.0,485.1,243.4,1970.0,2,119.0,11.24,0.275,62.2,8.0,2013.0,58.080000000000005
85.19999999999999,42.6,9,0,0.0,1.0,128.7,115.0,1947.0,2,97.0,13.75,0.2,60.1,4.6,2010.0,426.32387928
77.72,38.9,1,2,0.0,1.0,105.1696224,105.1696224,1622.0,2,125.0,31.05,0.225,60.8,1.5,2012.0,67.48960518000001
110.00999999999999,55.0,10,2,0.0,1.0,105.1696224,425.5,3017.0,2,144.0,42.61,0.55,69.9,9.1,1997.0,295.18319379999997
93.80000000000001,46.9,6,1,0.0,1.0,27.0,256.0,2763.0,2,116.0,37.48,0.125,58.0,10.0,2012.0,77.79821178
112.28999999999999,56.1,5,8,0.0,1.0,105.1696224,105.1696224,2721.0,2,103.0,41.88,0.35,64.3,8.7,1996.0,227.07672875
98.39999999999999,49.2,11,0,0.0,1.0,483.8,349.1,1862.0,2,97.0,32.59,0.25,61.5,5.6,2004.0,100.61038708
78.09,39.0,12,0,0.0,1.0,58.2,129.6,2280.0,2,95.0,46.85,0.05,52.4,10.0,2011.0,204.42777635000002
99.75,49.9,8,2,0.0,1.0,549.7,322.8,2421.0,2,131.0,27.71,0.125,58.0,7.0,2001.0,108.69756625000001
89.04,44.5,3,0,0.0,1.0,153.2,209.3,2245.0,2,95.0,43.16,0.2,60.1,5.7,2005.0,179.6809392
91.83999999999999,45.9,4,0,0.0,1.0,43.8,210.2,2556.0,2,86.0,38.35,0.25,61.5,6.9,2004.0,93.84717959999999
114.94999999999999,57.5,7,1,0.0,1.0,453.7,339.4,2572.0,2,142.0,59.23,0.8,76.9,9.0,1994.0,1416.9058839099998
89.4,44.7,12,1,0.0,1.0,30.3,16.8,2353.0,2,92.0,46.54,0.125,58.0,10.0,2007.0,538.4362831699999
99.0,49.5,10,1,0.0,1.0,241.8,50.3,2413.0,2,108.0,41.2,0.4,65.7,7.0,2000.0,594.7992810000001
111.64999999999999,55.8,6,0,0.0,1.0,105.1696224,105.1696224,2436.0,2,81.0,46.66,0.425,66.4,8.5,1995.0,702.5419391899999
106.38,53.2,6,8,0.0,1.0,224.1,147.9,1640.0,2,95.0,36.69,0.1,57.3,5.3,1996.0,253.67560964999998
111.30000000000001,55.6,2,1,0.0,1.0,217.8,442.9,2342.0,2,118.0,42.86,0.35,64.3,3.1,2005.0,585.2796678
92.39999999999999,46.2,8,1,0.0,1.0,54.5,325.0,1929.0,2,103.0,43.39,0.25,61.5,5.2,2003.0,388.83466104
72.60000000000001,36.3,10,0,0.0,1.0,346.3,486.1,1478.0,2,134.0,47.82,0.65,72.7,4.1,2013.0,125.4
78.1,39.0,4,1,0.0,1.0,412.2,91.9,2570.0,2,97.0,43.98,0.225,60.8,7.5,2010.0,216.2147096
101.49999999999999,50.7,5,8,0.0,1.0,105.1696224,105.1696224,2820.0,2,100.0,36.44,0.25,61.5,9.6,1995.0,584.49423382
71.5,35.8,9,7,0.0,1.0,145.0,226.2,2391.0,2,132.0,52.72,0.525,69.2,7.0,2014.0,250.0299594
94.6,47.3,12,1,0.0,1.0,34.7,151.7,2235.0,2,105.0,36.38,0.15,58.7,9.4,2002.0,266.43951196
107.58999999999999,53.8,5,0,0.0,1.0,200.3,72.1,2749.0,2,116.0,36.72,0.5,68.5,9.0,1995.0,319.49600584999996
84.7,42.4,12,2,0.0,1.0,105.1696224,464.7,2051.0,2,117.0,52.82,0.675,73.4,9.0,2006.0,472.8990343
87.45,43.7,9,7,0.0,1.0,105.1696224,429.1,2145.0,2,98.0,41.98,0.275,62.2,5.3,2005.0,355.18580541000006
114.94999999999999,57.5,12,2,0.0,1.0,105.1696224,105.1696224,1967.0,2,123.0,33.32,0.225,60.8,7.4,1994.0,447.29153600999996
104.5,52.2,4,2,0.0,1.0,584.5,266.7,2384.0,2,114.0,37.24,0.35,64.3,5.6,1998.0,377.50171659999995
50.4,25.2,10,0,0.0,1.0,185.3,105.1696224,1725.0,2,111.0,52.7,0.675,73.4,6.1,2003.0,303.99432
49.199999999999996,24.6,4,0,0.0,2.0,215.0,304.0,1236.0,2,136.0,47.33,0.65,72.7,3.0,2004.0,249.54151603999998
121.00000000000001,60.5,7,8,0.0,1.0,579.5,105.1696224,2392.0,2,104.0,41.01,0.325,63.6,7.9,1992.0,327.84983
99.0,49.5,5,0,0.0,1.0,105.1696224,51.0,2162.0,2,110.0,39.28,0.3,62.9,6.9,2000.0,102.478149
108.35,54.2,3,0,0.0,1.0,105.1696224,120.9,2913.0,2,133.0,34.84,0.2,60.1,7.7,1996.0,240.27935552
75.35000000000001,37.7,6,1,0.0,1.0,162.6,179.2,2266.0,2,94.0,42.26,0.175,59.4,9.3,2011.0,256.68560298
79.2,39.6,4,0,0.0,1.0,385.6,94.3,1996.0,2,104.0,34.75,0.325,63.6,5.0,2008.0,184.18553856
72.60000000000001,36.3,10,5,0.0,1.0,15.0,231.2,2013.0,2,91.0,32.82,0.175,59.4,6.4,2013.0,145.20000000000002
110.00000000000001,55.0,5,4,1.0,1.0,105.1696224,105.1696224,2315.0,2,114.0,46.17,0.3,62.9,7.1,1992.0,351.50179900000006
108.35,54.2,12,2,0.0,1.0,105.1696224,105.1696224,2212.0,2,134.0,24.99,0.225,60.8,8.7,1996.0,277.86294263
104.5,52.2,9,0,0.0,1.0,97.8,224.7,1866.0,2,122.0,42.19,0.425,66.4,3.4,1998.0,79.0606796
98.5,49.2,10,0,0.0,1.0,135.4,333.1,2132.0,2,109.0,31.2,0.35,64.3,5.8,1996.0,147.75
71.5,35.8,11,5,1.0,1.0,105.1696224,24.9,1654.0,2,95.0,44.53,0.5,68.5,5.9,2014.0,336.9693951
91.12,45.6,7,1,0.0,1.0,105.1696224,589.1,1674.0,2,98.0,44.38,0.075,56.6,6.1,2012.0,91.47893508
92.39999999999999,46.2,3,2,0.0,1.0,20.0,742.7,2303.0,2,94.0,27.18,0.25,61.5,5.8,2003.0,57.513133440000004
92.39999999999999,46.2,12,1,0.0,1.0,258.3,191.1,2261.0,2,118.0,27.39,0.05,55.2,9.6,2003.0,56.83157424
80.4,40.2,3,5,0.0,1.0,105.1696224,184.5,1379.0,2,88.0,38.48,0.35,64.3,2.3,2012.0,158.57340374000003
79.2,39.6,1,7,0.0,1.0,174.3,228.5,1949.0,2,141.0,40.2,0.575,70.6,2.8,2008.0,162.74916720000002
98.5,49.2,8,0,0.0,1.0,789.4,732.4,2533.0,2,107.0,36.87,0.075,56.6,7.5,1996.0,118.61238798
108.35,54.2,8,2,0.0,1.0,240.0,253.5,2654.0,2,116.0,20.16,0.175,59.4,7.6,1996.0,36.694045429999996
114.8,57.4,12,7,0.0,1.0,184.8,59.4,2707.0,2,143.0,35.91,0.5,68.5,10.0,2004.0,253.62417467999998
81.95,41.0,9,2,0.0,1.0,103.7,64.4,2033.0,2,114.0,33.47,0.4,65.7,5.1,2007.0,110.61396887
98.58,49.3,11,0,0.0,1.0,105.1696224,70.8,1890.0,2,93.0,41.19,0.1,57.3,5.7,2005.0,83.16336159000001
94.08,47.0,2,2,0.0,1.0,105.1696224,105.1696224,1762.0,2,214.0,20.15,0.275,62.2,1.4,2003.0,21.712212479999998
106.14999999999999,53.1,1,0,0.0,1.0,105.1696224,105.1696224,2382.0,2,100.0,20.89,0.05,55.9,3.5,1997.0,22.12954984
65.0,32.5,3,1,0.0,1.0,226.3,46.0,1983.0,2,112.0,33.13,0.3,62.9,5.6,2014.0,104.498277
93.47999999999999,46.7,7,0,0.0,1.0,195.5,105.1696224,2585.0,2,95.0,27.96,0.05,48.9,9.9,2004.0,46.385164679999995
78.1,39.0,11,2,0.0,1.0,105.1696224,29.2,2366.0,2,119.0,38.07,0.475,67.8,8.6,2010.0,127.11807766
94.6,47.3,1,0,0.0,1.0,242.4,170.5,2100.0,2,96.0,31.38,0.075,56.6,2.8,2002.0,11.03603944
92.88,46.4,3,8,0.0,2.0,105.1696224,125.2,1693.0,2,117.0,50.66,0.3,62.9,3.1,2002.0,266.61725504
79.2,39.6,12,2,0.0,1.0,472.9,686.3,1880.0,2,123.0,44.99,0.625,72.0,8.5,2008.0,242.16147503999997
72.60000000000001,36.3,1,0,0.0,1.0,24.0,218.9,2002.0,2,92.0,37.89,0.05,55.9,3.3,2013.0,12.52657428
127.98,64.0,12,7,0.0,3.0,105.1696224,105.1696224,2409.0,2,162.0,49.17,0.525,69.2,8.7,1990.0,324.13556694000005
90.63000000000001,45.3,10,1,0.0,1.0,326.7,336.5,1904.0,2,123.0,38.08,0.275,62.2,5.1,2005.0,82.73547351
83.16,41.6,7,1,0.0,1.0,105.1696224,152.8,2120.0,2,108.0,35.71,0.1,57.3,8.4,2006.0,200.86430672
90.72,45.4,8,2,0.0,1.0,271.6,279.3,1931.0,2,121.0,27.69,0.05,44.0,5.2,2003.0,12.20723112
84.7,42.4,9,2,0.0,1.0,107.7,178.3,1827.0,2,125.0,26.05,0.175,59.4,4.1,2006.0,14.554381379999999
82.8,41.4,6,0,0.0,1.0,94.7,84.6,2137.0,2,99.0,36.33,0.125,58.0,8.5,2000.0,192.9536964
102.28999999999999,51.1,11,5,0.0,1.0,105.1696224,105.1696224,2082.0,2,94.0,46.09,0.6,71.3,6.4,1997.0,269.82239164
91.875,45.9,3,2,0.0,1.0,290.2,43.2,2204.0,2,127.0,48.8,0.6,71.3,5.4,2001.0,313.6235095
131.25,65.6,10,7,0.0,1.0,105.1696224,140.5,2608.0,2,89.0,26.91,0.1,57.3,6.4,2001.0,94.9362645
68.9,34.4,9,7,0.0,1.0,38.6,410.6,1490.0,2,122.0,46.21,0.325,63.6,3.3,2015.0,128.4892336
138.6,69.3,10,0,0.0,1.0,188.9,31.8,2418.0,2,132.0,38.6,0.425,66.4,5.3,2006.0,101.48638346
76.32,38.2,10,2,0.0,1.0,137.7,181.6,2466.0,2,109.0,47.09,0.55,69.9,8.2,2009.0,182.43464544
99.83,49.9,4,7,0.0,1.0,212.9,92.4,1792.0,2,191.0,34.44,0.45,67.1,3.3,2007.0,37.30646653
89.44,44.7,12,2,0.0,1.0,505.9,294.3,1354.0,2,141.0,51.8,0.675,73.4,5.8,2002.0,605.6366166399999
53.6,26.8,12,7,0.0,1.0,60.5,105.1696224,1084.0,2,157.0,44.06,0.425,66.4,6.2,2012.0,177.97975944
80.08,40.0,6,6,0.0,1.0,162.8,142.3,2011.0,2,106.0,39.66,0.15,58.7,8.0,2006.0,315.69951644
74.88,37.4,7,1,1.0,1.0,105.1696224,400.1,1960.0,2,108.0,41.51,0.35,64.3,8.0,2008.0,878.1719572799999
73.84,36.9,2,1,0.0,1.0,440.0,146.2,1897.0,2,125.0,39.29,0.175,59.4,2.8,2010.0,307.40962868
79.5,39.8,8,0,0.0,1.0,20.3,110.6,2420.0,2,104.0,33.99,0.05,55.2,7.8,2005.0,176.17784484
98.8,49.4,12,2,0.0,1.0,105.1696224,105.1696224,1253.0,2,170.0,44.58,0.55,69.9,5.0,1998.0,186.4404735
71.24000000000001,35.6,8,1,0.0,1.0,148.4,105.1696224,2051.0,2,112.0,41.96,0.225,60.8,6.6,2011.0,103.36709869
152.52,76.3,12,1,0.0,1.0,105.1696224,303.9,3272.0,2,118.0,38.84,0.475,67.8,10.0,1999.0,88.2280398
105.55999999999999,52.8,11,2,1.0,1.0,197.9,262.4,1861.0,2,178.0,44.58,0.7,74.1,5.3,1995.0,235.70812124999998
73.84,36.9,2,0,0.0,1.0,171.2,179.9,1805.0,2,92.0,40.37,0.275,62.2,2.4,2010.0,75.01376348
91.8,45.9,6,1,0.0,1.0,423.0,235.3,1854.0,2,116.0,44.27,0.275,62.2,6.9,2000.0,268.6877982
78.54,39.3,8,5,0.0,1.0,431.1,105.1696224,1672.0,2,90.0,29.24,0.075,56.6,4.7,2006.0,112.07966
72.0,36.0,3,0,1.0,2.0,404.8,296.4,1806.0,2,130.0,54.75,0.15,58.7,4.5,2009.0,1022.1515452799999
105.0,52.5,5,0,1.0,1.0,105.1696224,325.6,2750.0,2,90.0,50.69,0.575,70.6,9.1,2001.0,847.7161315000001
68.77400000000002,34.4,3,4,0.0,1.0,105.1696224,201.2,2531.0,2,106.0,39.82,0.375,65.0,7.8,2011.0,175.18104923
108.96000000000001,54.5,6,0,0.0,1.0,105.1696224,1005.4,2172.0,2,143.0,40.74,0.4,65.7,7.5,1991.0,886.42117116
98.5,49.2,12,1,0.0,1.0,105.1696224,597.3,2852.0,2,139.0,40.0,0.425,66.4,10.0,1996.0,538.89860624
67.0,33.5,6,1,0.0,1.0,105.1696224,143.7,1882.0,2,106.0,50.96,0.325,63.6,8.1,2012.0,736.1535421000001
96.5,48.2,12,1,0.0,1.0,105.1696224,199.7,2779.0,2,139.0,43.93,0.55,69.9,10.0,1997.0,606.3635612300001
95.0,47.5,12,1,0.0,1.0,275.7,508.5,2117.0,2,115.0,43.18,0.5,68.5,8.9,1998.0,384.35651379999996
66.0,33.0,12,1,0.0,1.0,206.5,213.0,1906.0,2,119.0,44.0,0.25,61.5,9.2,2013.0,229.2166998
86.0,43.0,6,1,0.0,1.0,105.1696224,290.4,2188.0,2,96.0,35.41,0.15,58.7,8.5,2002.0,294.5836002
68.5,34.2,6,7,0.0,1.0,584.0,105.1696224,2998.0,2,112.0,43.67,0.4,65.7,10.0,2011.0,356.33150219
93.60000000000001,46.8,3,2,0.0,1.0,76.8,454.5,2434.0,2,131.0,41.34,0.525,69.2,6.3,2000.0,461.28831479999997
84.0,42.0,2,1,0.0,1.0,225.1,85.3,1792.0,2,116.0,38.56,0.325,63.6,1.9,2003.0,297.98402088
65.0,32.5,6,7,0.0,1.0,410.0,154.4,2189.0,2,112.0,47.73,0.5,68.5,9.5,2014.0,244.9740982
125.39999999999999,62.7,11,3,0.0,1.0,137.6,105.1696224,2327.0,2,123.0,47.22,0.55,69.9,6.5,1994.0,467.45903071999993
100.8,50.4,12,1,0.0,1.0,239.3,286.9,2037.0,2,104.0,45.64,0.35,64.3,8.3,2008.0,325.42700832
64.0,32.0,6,0,0.0,1.0,315.7,390.4,2158.0,2,107.0,46.03,0.3,62.9,9.4,2016.0,277.72485504
65.0,32.5,12,1,0.0,1.0,81.6,234.5,1861.0,2,96.0,44.15,0.2,60.1,9.0,2015.0,315.6219781
65.0,32.5,12,8,0.0,1.0,573.9,182.1,1948.0,2,125.0,50.44,0.15,58.7,9.4,2014.0,276.7730836
69.3,34.6,3,7,0.0,1.0,38.1,164.8,1898.0,2,129.0,46.0,0.575,70.6,5.0,2006.0,283.93943115999997
167.4,83.7,2,2,0.0,1.0,105.1696224,510.1,2992.0,2,100.0,34.99,0.425,66.4,3.5,1999.0,300.62458506
101.49999999999999,50.7,6,0,0.0,1.0,102.4,105.1696224,2364.0,2,109.0,29.57,0.05,54.5,8.6,1995.0,308.6048650299999
68.5,34.2,12,2,0.0,1.0,265.7,131.8,1207.0,2,124.0,44.15,0.375,65.0,6.1,2011.0,164.51212217
72.0,36.0,3,0,0.0,1.0,272.5,142.2,2153.0,2,121.0,42.21,0.225,60.8,6.0,2009.0,223.84276128
77.0,38.5,3,1,0.0,1.0,102.5,216.0,1626.0,2,97.0,35.83,0.125,58.0,3.5,2006.0,136.62139568
79.5,39.8,3,2,1.0,2.0,105.1696224,35.2,1490.0,2,110.0,42.04,0.1,57.3,2.8,2005.0,256.70794542
68.5,34.2,7,1,0.0,1.0,15.3,331.7,1865.0,2,118.0,43.96,0.5,68.5,7.9,2011.0,195.70613989000003
82.0,41.0,6,5,0.0,1.0,105.1696224,126.5,2049.0,2,80.0,35.12,0.05,55.9,8.1,2004.0,329.31943576
68.5,34.2,9,2,0.0,1.0,78.0,316.1,1642.0,2,133.0,46.25,0.5,68.5,4.0,2011.0,150.98251592
101.49999999999999,50.7,3,0,0.0,1.0,105.1696224,105.1696224,2506.0,2,127.0,41.36,0.325,63.6,6.2,1995.0,385.4149067999999
65.0,32.5,1,0,0.0,1.0,116.1,223.7,1380.0,2,106.0,53.21,0.45,67.1,1.0,2014.0,289.65247999999997
72.0,36.0,3,0,0.0,1.0,136.3,120.6,1778.0,2,98.0,38.6,0.125,58.0,4.4,2009.0,153.07774272
83.16,41.6,3,0,0.0,1.0,105.1696224,60.8,1827.0,2,132.0,53.4,0.675,73.4,4.1,2006.0,204.0669939
84.0,42.0,2,0,0.0,1.0,105.1696224,68.2,2024.0,2,115.0,34.17,0.25,61.5,2.9,2003.0,148.38345816
77.0,38.5,2,0,0.0,1.0,105.1696224,146.7,2068.0,2,86.0,28.66,0.3,62.9,3.4,2006.0,107.5456151
79.5,39.8,6,1,0.0,1.0,105.1696224,129.9,1642.0,2,101.0,30.83,0.05,55.2,6.5,2005.0,104.94318636
87.5,43.8,9,7,0.0,1.0,58.9,279.8,2328.0,2,113.0,30.4,0.25,61.5,6.1,2001.0,175.03516100000002
66.0,33.0,1,8,0.0,1.0,2.9,215.5,1882.0,2,88.0,47.87,0.175,59.4,3.1,2013.0,296.740587
86.0,43.0,5,7,0.0,1.0,105.1696224,94.9,1398.0,2,124.0,32.8,0.325,63.6,4.2,2002.0,204.91698848
68.5,34.2,2,0,0.0,1.0,144.3,48.0,1199.0,2,109.0,45.53,0.225,60.8,1.0,2011.0,197.95517710000001
79.5,39.8,11,2,0.0,1.0,18.4,460.2,1991.0,2,128.0,34.6,0.325,63.6,7.0,2005.0,149.46
64.0,32.0,1,0,0.0,1.0,1066.8,105.1696224,1763.0,2,144.0,45.28,0.5,68.5,2.7,2016.0,88.84655360000001
65.0,32.5,10,6,0.0,1.0,105.1696224,105.1696224,1814.0,2,95.0,42.97,0.575,70.6,5.8,2014.0,126.6682378
69.3,34.6,2,7,0.0,1.0,68.1,175.3,1883.0,2,105.0,35.45,0.15,58.7,3.0,2006.0,127.512
96.5,48.2,2,7,0.0,1.0,359.8,350.1,2244.0,2,121.0,32.15,0.35,64.3,3.3,1997.0,96.63183829999998
96.5,48.2,8,0,0.0,1.0,20.3,122.1,2497.0,2,125.0,36.21,0.25,61.5,7.4,1997.0,92.96647108
96.5,48.2,9,2,0.0,1.0,508.0,271.3,1776.0,2,129.0,49.89,0.625,72.0,3.3,1997.0,211.18764063999998
77.0,38.5,4,3,0.0,1.0,105.1696224,105.1696224,1560.0,2,125.0,42.29,0.325,63.6,3.2,2006.0,150.31547762000002
67.0,33.5,4,1,1.0,2.0,62.6,341.0,1487.0,2,113.0,44.54,0.275,62.2,3.4,2012.0,314.88604256
95.0,47.5,7,0,0.0,1.0,69.6,105.1696224,2251.0,2,140.0,40.7,0.45,67.1,8.4,1998.0,84.64059389999998
65.0,32.5,8,0,0.0,1.0,216.3,105.1696224,2286.0,2,89.0,36.85,0.2,60.1,7.9,2014.0,208.7828522
104.5,52.2,5,0,1.0,2.0,105.1696224,154.2,2094.0,2,104.0,36.72,0.125,58.0,6.4,1994.0,249.14678701
118.5,59.2,6,1,0.0,1.0,105.1696224,105.1696224,1509.0,2,106.0,42.66,0.3,62.9,4.2,1990.0,98.31283059
65.0,32.5,10,2,0.0,1.0,125.9,266.9,1254.0,2,141.0,45.27,0.55,69.9,3.4,2014.0,108.8352044
73.8,36.9,9,3,0.0,2.0,105.1696224,102.7,1646.0,2,94.0,41.16,0.275,62.2,3.8,2004.0,212.2075294
82.0,41.0,11,1,0.0,1.0,105.1696224,493.4,1825.0,2,108.0,40.74,0.275,62.2,6.2,2004.0,65.9329528
84.0,42.0,10,7,0.0,1.0,109.7,205.0,1897.0,2,105.0,33.27,0.275,62.2,5.4,2003.0,93.23254583999999
104.5,52.2,2,0,0.0,1.0,105.1696224,105.1696224,2259.0,2,102.0,27.77,0.05,51.0,3.1,1994.0,102.41
79.5,39.8,6,0,0.0,1.0,242.6,105.1696224,1886.0,2,92.0,31.06,0.05,50.3,7.5,2005.0,110.38728594000001
72.0,36.0,2,2,0.0,1.0,32.5,290.2,2287.0,2,119.0,44.96,0.325,63.6,4.6,2000.0,259.3023714
82.0,41.0,5,2,0.0,1.0,654.1,191.6,1783.0,2,119.0,31.92,0.225,60.8,6.0,2004.0,81.53852204
57.599999999999994,28.8,9,0,0.0,1.0,204.1,105.1696224,1474.0,2,99.0,36.0,0.3,62.9,3.7,2009.0,87.06577967999999
98.5,49.2,6,2,0.0,1.0,105.1696224,21.1,2353.0,2,115.0,29.92,0.05,50.3,8.7,1996.0,223.22019371
71.0,35.5,6,5,0.0,1.0,119.5,308.7,1373.0,2,87.0,31.01,0.05,54.5,5.7,2010.0,118.94181848
71.0,35.5,10,2,0.0,1.0,186.9,266.0,2046.0,2,129.0,31.98,0.2,60.1,6.6,2010.0,149.3806417
86.0,43.0,4,7,0.0,1.0,105.1696224,203.1,2096.0,2,120.0,34.12,0.25,61.5,5.2,2002.0,97.54833283999999
101.49999999999999,50.7,10,0,0.0,1.0,359.0,450.9,2163.0,2,132.0,38.17,0.25,61.5,5.8,1995.0,61.51523615999999
74.5,37.2,2,7,0.0,1.0,105.1696224,105.1696224,2501.0,2,121.0,24.29,0.25,61.5,5.4,2007.0,122.43312716
93.0,46.5,10,1,0.0,1.0,377.1,772.7,1912.0,2,95.0,23.73,0.225,60.8,5.1,1999.0,109.55405766
58.080000000000005,29.0,3,0,0.0,1.0,100.3,56.6,2502.0,2,125.0,45.39,0.25,61.5,8.1,2013.0,83.59190532000001
84.0,42.0,4,0,0.0,1.0,371.0,155.4,1961.0,2,98.0,36.08,0.3,62.9,4.7,2003.0,71.89150248
86.0,43.0,8,7,0.0,1.0,219.3,226.3,1613.0,2,110.0,28.87,0.275,62.2,4.1,2002.0,45.06316924
72.0,36.0,2,2,0.0,1.0,108.7,99.6,1944.0,2,118.0,32.0,0.25,61.5,3.1,2009.0,86.63240304
98.5,49.2,8,0,0.0,1.0,31.6,180.6,1808.0,2,97.0,37.44,0.15,58.7,4.4,1996.0,83.28640905
130.20000000000002,65.1,8,0,0.0,1.0,105.1696224,105.1696224,2239.0,2,86.0,49.57,0.65,72.7,4.9,1999.0,43.0763073
82.0,41.0,12,0,0.0,1.0,52.9,177.2,2159.0,2,119.0,39.21,0.525,69.2,9.6,2004.0,57.08578091999999
64.0,32.0,6,0,0.0,1.0,587.7,220.2,2034.0,2,139.0,37.41,0.4,65.7,8.8,2016.0,32.046016
84.0,42.0,2,2,0.0,1.0,277.9,424.2,1822.0,2,130.0,37.85,0.575,70.6,2.1,2003.0,65.44540464
65.0,32.5,3,0,0.0,1.0,159.5,278.0,2196.0,2,114.0,51.91,0.325,63.6,6.5,2015.0,93.0301372
76.735,38.4,9,7,0.0,1.0,50.9,388.8,2372.0,2,100.0,43.16,0.55,69.9,6.7,2007.0,82.11741044
79.5,39.8,9,0,0.0,1.0,59.4,200.3,2498.0,2,110.0,33.06,0.2,60.1,7.2,2005.0,70.65075801
111.60000000000001,55.8,10,0,0.0,1.0,509.4,6.4,2501.0,2,148.0,37.14,0.3,62.9,6.8,1999.0,124.57594962
68.363,34.2,4,1,0.0,1.0,146.3,105.1696224,2361.0,2,102.0,37.31,0.05,55.9,7.0,2011.0,35.78664406
68.5,34.2,9,2,0.0,1.0,68.1,447.2,1227.0,2,84.0,36.11,0.2,60.1,2.2,2011.0,52.7482058
96.5,48.2,11,0,0.0,1.0,105.1696224,350.1,2054.0,2,114.0,17.54,0.225,60.8,6.5,1997.0,20.34513939
104.5,52.2,7,0,0.0,1.0,36.4,105.1696224,1942.0,2,99.0,37.26,0.2,60.1,6.7,1994.0,34.84344545
101.49999999999999,50.7,10,2,0.0,1.0,105.1696224,105.1696224,2257.0,2,135.0,25.6,0.125,58.0,6.2,1995.0,21.07628621
31.24,15.6,5,2,0.0,1.0,375.4,252.1,1312.0,2,108.0,31.28,0.375,65.0,6.1,2010.0,34.34826924
79.5,39.8,9,0,0.0,1.0,259.3,302.1,1937.0,2,127.0,35.58,0.25,61.5,4.8,2005.0,36.48175818
101.49999999999999,50.7,10,0,0.0,1.0,105.1696224,105.1696224,2874.0,2,95.0,26.62,0.05,55.9,8.8,1995.0,19.9987683
72.0,36.0,9,0,0.0,1.0,57.9,321.3,1861.0,2,95.0,40.25,0.15,58.7,4.7,2009.0,58.793097599999996
79.2,39.6,2,8,0.0,1.0,106.5,105.1696224,2137.0,2,124.0,44.77,0.15,58.7,3.6,2013.0,79.26882216
64.0,32.0,2,1,1.0,2.0,207.0,361.0,1759.0,2,100.0,43.73,0.05,52.4,2.7,2016.0,71.64032
82.0,41.0,1,1,0.0,1.0,105.1696224,160.6,2046.0,2,88.0,24.01,0.05,54.5,3.1,2004.0,11.166022
68.5,34.2,2,8,0.0,1.0,102.2,133.9,1887.0,2,105.0,41.36,0.075,56.6,3.0,2011.0,39.63601937000001
72.0,36.0,2,0,0.0,1.0,121.9,105.1696224,2077.0,2,97.0,26.55,0.05,46.8,3.7,2009.0,18.38044944
85.75,42.9,11,0,0.0,1.0,95.9,138.3,2465.0,2,87.0,37.49,0.175,59.4,8.7,2001.0,127.22500000000001
116.13000000000001,58.1,7,0,0.0,1.0,568.9,105.1696224,2938.0,2,104.0,16.05,0.3,62.9,10.0,1990.0,48.40343193
72.0,36.0,4,2,0.0,1.0,411.5,105.1696224,2028.0,2,116.0,41.6,0.55,69.9,5.5,2009.0,52.34224896
86.4,43.2,12,7,0.0,1.0,205.0,256.3,2270.0,2,147.0,39.18,0.475,67.8,9.9,2000.0,373.528305
63.7,31.8,3,7,0.0,1.0,340.6,303.6,1434.0,2,120.0,57.22,0.4,65.7,3.3,2015.0,135.7194124
135.78,67.9,11,2,0.0,1.0,356.9,129.5,2527.0,2,118.0,42.62,0.375,65.0,6.9,1999.0,281.7781983
82.56,41.3,3,7,0.0,1.0,353.7,474.7,2355.0,2,111.0,47.88,0.375,65.0,6.4,2002.0,337.8035538
139.5,69.8,9,0,0.0,1.0,29.0,219.5,2898.0,2,114.0,42.99,0.4,65.7,6.3,1999.0,200.88000000000002
65.0,32.5,3,7,0.0,1.0,278.8,31.6,1924.0,2,137.0,44.67,0.275,62.2,5.3,2015.0,4.321629
84.0,42.0,7,0,0.0,1.0,727.9,21.0,2350.0,2,112.0,35.71,0.25,61.5,9.3,2001.0,149.6224345
84.0,42.0,10,2,0.0,1.0,15.4,67.7,2212.0,2,120.0,41.56,0.525,69.2,6.7,2001.0,88.051495
86.4,43.2,10,8,0.0,1.0,240.4,105.1696224,2484.0,2,93.0,36.16,0.15,58.7,7.8,2000.0,162.6897744
81.95,41.0,9,0,0.0,1.0,178.2,393.2,2121.0,2,122.0,46.9,0.475,67.8,5.4,2007.0,104.32416780000001
62.400000000000006,31.2,12,7,0.0,3.0,293.8,229.1,1700.0,2,109.0,53.98,0.275,62.2,8.5,2014.0,423.50285120000007
91.19999999999999,45.6,6,6,0.0,1.0,105.1696224,255.3,2230.0,2,123.0,34.0,0.375,65.0,8.5,1998.0,147.7165792
92.59,46.3,6,1,0.0,1.0,105.1696224,476.7,1100.0,2,96.0,36.26,0.175,59.4,3.6,1996.0,202.56681812
111.39,55.7,6,0,0.0,1.0,105.1696224,105.1696224,2448.0,2,103.0,26.18,0.225,60.8,8.6,1990.0,245.86078062
89.28,44.6,8,2,0.0,1.0,503.0,567.2,816.0,2,113.0,35.4,0.4,65.7,1.0,1999.0,231.20763666000002
84.0,42.0,10,1,1.0,1.0,143.6,72.3,1437.0,2,132.0,25.29,0.375,65.0,3.4,2001.0,62.550788999999995
72.38,36.2,9,5,0.0,1.0,105.1696224,105.1696224,2082.0,2,75.0,29.21,0.05,51.7,5.7,2006.0,58.65209812
92.59,46.3,2,2,0.0,1.0,105.1696224,757.6,2293.0,2,104.0,23.47,0.175,59.4,3.7,1996.0,24.38742194
73.34,36.7,6,1,0.0,1.0,105.1696224,513.2,1527.0,2,105.0,33.57,0.325,63.6,6.3,1997.0,577.62700765
79.12,39.6,5,7,0.0,1.0,71.5,161.6,1742.0,2,118.0,44.94,0.45,67.1,5.9,2002.0,195.58950760000002
90.62,45.3,11,4,0.0,1.0,105.1696224,250.8,2586.0,2,111.0,39.4,0.5,68.5,9.1,1996.0,295.5
66.74,33.4,6,0,0.0,1.0,105.1696224,42.5,1698.0,2,80.0,37.93,0.05,50.3,7.3,2010.0,14.96538
90.62,45.3,7,2,0.0,1.0,335.7,128.1,2891.0,2,117.0,31.64,0.3,62.9,10.0,1996.0,198.69581146
86.85,43.4,3,1,0.0,1.0,238.9,421.9,2068.0,2,86.0,39.87,0.35,64.3,5.0,1997.0,349.33
32.0,16.0,7,7,0.0,1.0,99.8,67.5,1663.0,2,127.0,38.94,0.4,65.7,8.6,2016.0,19.75911424
96.13999999999999,48.1,5,8,0.0,1.0,105.1696224,105.1696224,2727.0,2,91.0,40.8,0.05,54.5,9.4,1994.0,714.00922472
60.300000000000004,30.2,9,0,0.0,2.0,83.5,156.8,1849.0,2,91.0,47.03,0.275,62.2,5.2,2012.0,504.02935004
80.64,40.3,10,1,0.0,3.0,197.3,105.1696224,1656.0,2,84.0,43.52,0.2,60.1,4.5,2003.0,370.73100456
81.0,40.5,12,1,0.0,1.0,68.5,158.4,1972.0,2,111.0,42.18,0.275,62.2,8.8,2000.0,381.6
64.8,32.4,7,0,0.0,1.0,105.1696224,307.0,1836.0,2,93.0,47.89,0.2,60.1,7.9,2008.0,146.4509664
65.6,32.8,8,1,0.0,1.0,510.9,167.1,1378.0,2,113.0,41.21,0.25,61.5,4.0,2004.0,156.04507339999998
96.30000000000001,48.2,12,2,0.0,1.0,105.1696224,1097.3,2073.0,2,141.0,35.28,0.325,63.6,8.6,1993.0,417.87363984
94.05,47.0,7,2,0.0,1.0,145.7,105.1696224,1881.0,2,119.0,35.17,0.35,64.3,6.9,1994.0,245.81579098999998
67.05,33.5,12,2,0.0,1.0,222.4,297.5,2194.0,2,97.0,41.7,0.5,68.5,10.0,2007.0,261.30502798
99.00000000000001,49.5,6,2,0.0,1.0,105.1696224,105.1696224,2202.0,2,117.0,36.33,0.325,63.6,8.1,1992.0,391.71349140000007
68.37,34.2,5,6,0.0,1.0,138.0,152.2,1785.0,2,101.0,29.22,0.15,58.7,6.6,2005.0,246.05236962000004
60.720000000000006,30.4,9,2,0.0,1.0,10.1,437.4,1770.0,2,153.0,53.93,0.725,74.8,4.8,2013.0,161.20722684
78.75,39.4,10,0,0.0,1.0,36.5,185.6,2066.0,2,122.0,47.66,0.575,70.6,6.3,2001.0,183.53340775
83.7,41.8,12,1,0.0,1.0,19.8,396.8,2253.0,2,102.0,41.52,0.475,67.8,9.9,1999.0,168.67208376
78.75,39.4,7,1,0.0,2.0,61.4,105.1696224,1638.0,2,83.0,43.13,0.1,57.3,6.5,2001.0,247.13618649999998
61.650000000000006,30.8,11,1,0.0,1.0,105.1696224,191.0,1452.0,2,103.0,34.72,0.375,65.0,5.4,2011.0,226.30240469
85.5,42.8,8,3,0.0,1.0,105.1696224,71.9,2442.0,2,120.0,45.63,0.375,65.0,7.7,1998.0,249.24870699999997
47.7,23.8,1,2,0.0,1.0,159.3,157.9,1533.0,2,136.0,38.25,0.575,70.6,2.4,2005.0,121.90499154
77.4,38.7,4,0,0.0,1.0,676.8,228.5,1478.0,2,89.0,34.86,0.225,60.8,2.9,2002.0,163.28951408
86.85,43.4,4,0,0.0,1.0,356.1,115.8,2224.0,2,89.0,40.28,0.05,52.4,5.7,1997.0,264.18953030999995
81.0,40.5,7,1,0.0,1.0,105.1696224,105.1696224,2172.0,2,100.0,39.9,0.2,60.1,8.7,2000.0,205.0496532
67.2,33.6,9,1,0.0,1.0,105.1696224,105.1696224,1336.0,2,135.0,43.67,0.5,68.5,2.7,2003.0,411.48536688
228.0,114.0,11,0,0.0,1.0,105.1696224,243.6,3560.0,2,95.0,53.78,0.45,67.1,7.3,1998.0,690.1918320999999
61.25,30.6,10,3,0.0,1.0,59.7,78.4,2070.0,2,122.0,39.61,0.4,65.7,7.1,2001.0,130.47670125
94.05,47.0,10,0,0.0,1.0,105.1696224,545.7,2272.0,2,110.0,34.4,0.125,58.0,6.6,1994.0,356.05779637999996
88.65,44.3,8,1,0.0,1.0,105.1696224,589.4,2308.0,2,135.0,29.55,0.225,60.8,6.9,1996.0,106.09353836
71.55,35.8,5,6,1.0,1.0,221.7,165.8,1424.0,2,95.0,27.62,0.15,58.7,4.9,2005.0,89.15198847
79.5,39.8,1,0,0.0,1.0,105.1696224,105.1696224,2111.0,2,109.0,47.58,0.4,65.7,3.5,2005.0,166.12068144
67.05,33.5,9,3,0.0,1.0,100.5,113.6,1765.0,2,94.0,30.84,0.275,62.2,4.5,2007.0,221.13397685
52.0,26.0,5,1,0.0,1.0,267.6,121.1,1551.0,2,117.0,45.71,0.4,65.7,6.3,2014.0,160.542993
69.3,34.6,1,0,0.0,1.0,117.7,57.8,2198.0,2,112.0,23.62,0.35,64.3,4.3,2006.0,59.13593994
60.300000000000004,30.2,7,7,0.0,1.0,189.1,105.1696224,2321.0,2,131.0,41.91,0.3,62.9,10.0,2012.0,111.17464368
41.0,20.5,9,0,0.0,1.0,151.9,105.1696224,2238.0,2,94.0,38.85,0.275,62.2,7.7,2004.0,92.53320668
67.2,33.6,4,0,0.0,1.0,71.0,105.1696224,2332.0,2,88.0,40.42,0.25,61.5,7.0,2003.0,269.77947024
77.0,38.5,7,8,0.0,1.0,141.6,496.2,1932.0,2,88.0,36.67,0.125,58.0,7.8,2006.0,84.97893866
50.4,25.2,12,2,0.0,1.0,376.0,329.1,1827.0,2,119.0,36.74,0.425,66.4,9.5,2008.0,108.32499792
84.7,42.4,3,0,0.0,1.0,321.8,96.9,2315.0,2,105.0,42.07,0.3,62.9,6.2,2006.0,101.12367034
100.8,50.4,8,0,0.0,1.0,237.9,185.1,2250.0,2,101.0,40.23,0.1,57.3,6.2,2008.0,103.83639552
64.8,32.4,7,0,1.0,1.0,42.0,105.1696224,1894.0,2,86.0,32.26,0.075,56.6,8.2,2009.0,83.34872064
61.25,30.6,1,7,0.0,1.0,105.1696224,403.0,2101.0,2,123.0,31.23,0.375,65.0,4.2,2001.0,51.449999999999996
71.55,35.8,12,1,0.0,1.0,105.1696224,105.1696224,1895.0,2,134.0,24.66,0.275,62.2,8.9,2005.0,60.51275265
88.65,44.3,6,0,0.0,1.0,16.9,105.1696224,1831.0,2,100.0,27.66,0.05,52.4,6.9,1996.0,34.08275133
89.32,44.7,12,2,0.0,1.0,272.2,49.7,1948.0,2,192.0,18.75,0.525,69.2,8.4,1995.0,27.773982949999997
63.9,32.0,2,7,0.0,1.0,127.4,380.4,2061.0,2,128.0,37.16,0.425,66.4,4.0,2010.0,85.51566316
85.5,42.8,1,0,0.0,1.0,105.1696224,105.1696224,2056.0,2,106.0,24.2,0.25,61.5,3.0,1998.0,21.285749399999997
64.8,32.4,9,2,0.0,1.0,73.7,40.2,1967.0,2,160.0,30.2,0.325,63.6,5.5,2008.0,13.42631952
64.8,32.4,8,0,0.0,1.0,105.1696224,244.0,2083.0,2,99.0,33.13,0.05,54.5,7.0,2008.0,61.18184159999999
68.8,34.4,4,0,0.0,1.0,554.8,282.7,1757.0,2,85.0,21.9,0.325,63.6,4.4,2002.0,14.6094908
67.05,33.5,10,2,0.0,1.0,679.3,63.2,2135.0,2,139.0,22.2,0.35,64.3,7.1,2007.0,6.86533592
86.85,43.4,1,0,0.0,1.0,120.9,105.1696224,2201.0,2,103.0,18.95,0.05,47.5,3.6,1997.0,4.158262199999999
61.650000000000006,30.8,9,7,1.0,2.0,34.5,306.0,1384.0,2,101.0,43.22,0.25,61.5,3.1,2011.0,219.30766282000002
59.63,29.8,10,2,0.0,1.0,218.7,141.4,2301.0,2,120.0,49.72,0.525,69.2,8.2,2012.0,311.31433152
94.16000000000001,47.1,8,0,0.0,1.0,105.1696224,391.7,1966.0,2,130.0,48.28,0.55,69.9,5.2,1993.0,789.3941264000001
56.8,28.4,3,0,0.0,1.0,295.2,255.7,1189.0,2,110.0,42.58,0.125,58.0,2.5,2010.0,193.12
86.67999999999999,43.3,10,7,0.0,1.0,447.3,199.3,1701.0,2,147.0,34.17,0.575,70.6,4.4,1996.0,326.26211145
77.0,38.5,1,8,0.0,2.0,160.8,160.8,1613.0,2,106.0,46.95,0.35,64.3,1.5,2006.0,171.46483354
52.0,26.0,11,2,0.0,1.0,54.0,258.2,1738.0,2,109.0,39.01,0.15,58.7,7.1,2015.0,44.4954874
77.4,38.7,12,2,0.0,1.0,239.6,438.1,1878.0,2,136.0,35.97,0.5,68.5,8.6,2000.0,144.08957519999998
71.55,35.8,2,0,0.0,1.0,75.6,160.8,1798.0,2,103.0,39.55,0.4,65.7,2.5,2005.0,80.88506967000001
73.96,37.0,4,6,0.0,1.0,141.2,589.1,2156.0,2,84.0,35.74,0.075,56.6,5.9,2002.0,118.1584444
89.88000000000001,44.9,6,2,0.0,1.0,105.1696224,454.7,2218.0,2,154.0,38.5,0.4,65.7,8.5,1993.0,578.33150538
62.48,31.2,5,2,0.0,1.0,102.2,99.8,1935.0,2,99.0,37.5,0.45,67.1,7.5,2010.0,68.43079967999999
54.800000000000004,27.4,1,0,0.0,1.0,323.7,90.2,1891.0,2,93.0,45.71,0.325,63.6,3.6,2011.0,69.96700559000001
56.28,28.1,3,0,0.0,1.0,349.9,175.9,1978.0,2,109.0,49.85,0.425,66.4,5.9,2012.0,270.12433952000004
78.12,39.1,5,6,0.0,1.0,105.1696224,529.3,1243.0,2,124.0,40.8,0.5,68.5,3.8,1999.0,676.83480108
81.0,40.5,6,5,0.0,1.0,105.1696224,428.7,1882.0,2,84.0,41.88,0.375,65.0,7.5,2000.0,404.7022152
68.88,34.4,1,1,0.0,1.0,105.1696224,171.1,1126.0,2,90.0,42.4,0.2,60.1,1.0,2004.0,282.01995304
88.0,44.0,6,1,0.0,1.0,105.1696224,105.1696224,2093.0,2,117.0,24.05,0.1,57.3,8.1,1992.0,154.22
56.760000000000005,28.4,6,0,0.0,1.0,395.1,249.4,1766.0,2,117.0,43.86,0.375,65.0,8.0,2013.0,209.44991760000002
72.24,36.1,4,2,0.0,1.0,105.1696224,2.1,2288.0,2,115.0,32.53,0.275,62.2,6.6,2002.0,109.7047132
55.04,27.5,1,2,0.0,1.0,105.1696224,105.1696224,2166.0,2,119.0,33.07,0.275,62.2,4.8,2002.0,94.87096708
57.540000000000006,28.8,3,8,0.0,1.0,198.1,163.3,1846.0,2,100.0,45.98,0.15,58.7,5.3,2011.0,122.15216194
105.0,52.5,3,0,0.0,1.0,105.1696224,171.8,2075.0,2,120.0,33.42,0.175,59.4,4.2,2001.0,98.629965
102.72,51.4,5,0,0.0,1.0,105.1696224,105.1696224,2397.0,2,104.0,32.96,0.05,47.5,7.7,1993.0,44.7590951
66.78,33.4,9,7,0.0,1.0,24.2,259.1,1683.0,2,122.0,42.94,0.5,68.5,4.2,2005.0,38.36335305
53.32,26.7,12,2,0.0,1.0,105.1696224,134.6,1733.0,2,99.0,38.44,0.55,69.9,9.0,2002.0,305.11842304
53.6,26.8,1,0,0.0,1.0,105.1696224,221.9,2081.0,2,91.0,36.21,0.075,56.6,4.5,2012.0,49.43758614
57.2,28.6,12,0,0.0,1.0,166.4,313.9,1577.0,2,112.0,51.84,0.275,62.2,8.2,2014.0,16.0454216
59.64,29.8,12,0,0.0,1.0,105.1696224,89.2,2078.0,2,100.0,25.47,0.325,63.6,10.0,2010.0,15.744347979999999
47.519999999999996,23.8,10,0,0.0,1.0,308.5,105.1696224,1912.0,2,100.0,25.91,0.45,67.1,7.0,2009.0,20.16
70.52,35.3,11,2,0.0,1.0,243.6,105.1696224,1571.0,2,110.0,42.25,0.45,67.1,5.6,2002.0,369.8
113.75,56.9,5,0,0.0,1.0,300.6,99.5,2678.0,2,132.0,43.55,0.4,65.7,8.5,2001.0,205.60307774999998
74.4,37.2,8,7,0.0,1.0,105.1696224,530.3,2188.0,2,107.0,51.66,0.675,73.4,7.0,1999.0,1251.4197031200001
56.28,28.1,1,0,0.0,1.0,105.1696224,2172.6,1798.0,2,102.0,42.68,0.3,62.9,3.2,2012.0,61.93639326000001
56.17,28.1,10,1,0.0,1.0,427.2,311.7,1495.0,2,100.0,28.12,0.15,58.7,4.9,2011.0,10.20428745
52.800000000000004,26.4,12,2,0.0,1.0,159.6,489.6,1427.0,2,138.0,47.1,0.45,67.1,7.7,2013.0,331.54678524
57.599999999999994,28.8,6,1,0.0,1.0,203.3,185.3,1588.0,2,108.0,43.41,0.425,66.4,7.2,2009.0,457.02004464
130.20000000000002,65.1,9,7,0.0,1.0,105.1696224,1137.5,2692.0,2,105.0,36.21,0.3,62.9,5.8,1999.0,330.78529788000003
52.0,26.0,7,0,0.0,1.0,266.7,64.8,1386.0,2,89.0,57.07,0.325,63.6,6.6,2014.0,164.5108725
52.0,26.0,2,2,0.0,1.0,105.1696224,105.1696224,1873.0,2,125.0,55.23,0.05,55.9,3.7,2015.0,742.3079664
63.839999999999996,31.9,7,0,0.0,1.0,128.8,169.2,1404.0,2,84.0,37.63,0.05,52.4,6.1,2003.0,330.98012975999995
78.8,39.4,7,7,0.0,1.0,358.2,105.1696224,1917.0,2,149.0,39.2,0.5,68.5,7.7,1996.0,299.96403379
67.2,33.6,12,1,0.0,1.0,130.9,118.1,1910.0,2,98.0,39.78,0.25,61.5,9.2,2003.0,319.55634984
52.800000000000004,26.4,12,0,0.0,1.0,317.7,218.7,2584.0,2,121.0,43.68,0.6,71.3,10.0,2013.0,197.07019332000002
88.0,44.0,7,1,0.0,1.0,105.1696224,105.1696224,1598.0,2,128.0,37.45,0.425,66.4,5.9,1992.0,236.40932700000002
51.2,25.6,5,3,1.0,3.0,542.3,189.6,2227.0,2,134.0,50.95,0.5,68.5,9.2,2016.0,409.81761024
56.8,28.4,9,2,0.0,1.0,268.8,86.1,1820.0,2,120.0,51.03,0.525,69.2,5.2,2010.0,319.38684729999994
57.599999999999994,28.8,2,1,0.0,1.0,82.7,145.7,1920.0,2,129.0,39.66,0.3,62.9,3.6,2009.0,255.25359504
69.3,34.6,4,1,0.0,4.0,284.0,247.1,1934.0,2,83.0,42.16,0.075,56.6,5.2,2006.0,274.5244348
72.0,36.0,2,3,1.0,3.0,187.9,336.8,2076.0,2,116.0,39.09,0.175,59.4,3.7,2000.0,291.3016968
94.80000000000001,47.4,5,0,1.0,2.0,105.1696224,105.1696224,2094.0,2,118.0,46.14,0.525,69.2,6.8,1990.0,579.53037171
52.0,26.0,3,1,0.0,1.0,105.1696224,242.3,2229.0,2,100.0,43.43,0.225,60.8,7.2,2015.0,145.3548889
88.0,44.0,11,6,0.0,1.0,324.1,105.1696224,1920.0,2,128.0,45.95,0.525,69.2,6.3,1992.0,474.8979224000001
57.599999999999994,28.8,8,6,0.0,1.0,476.6,430.3,2172.0,2,123.0,38.06,0.4,65.7,7.7,2009.0,186.53831856000002
52.800000000000004,26.4,4,2,0.0,1.0,175.2,105.1696224,1502.0,2,128.0,41.92,0.45,67.1,4.0,2013.0,125.42668116
74.4,37.2,12,7,0.0,1.0,457.0,66.1,1923.0,2,139.0,41.73,0.5,68.5,8.9,1999.0,239.56477289999998
52.0,26.0,11,1,1.0,2.0,114.3,206.8,1345.0,2,110.0,50.77,0.1,57.3,5.4,2014.0,220.788113
61.6,30.8,2,0,0.0,1.0,171.1,175.6,1975.0,2,120.0,38.76,0.425,66.4,3.7,2006.0,185.50223076
45.5,22.8,9,1,0.0,1.0,434.0,180.2,2161.0,2,121.0,47.89,0.525,69.2,7.2,2015.0,252.9340736
51.2,25.6,1,0,1.0,2.0,196.2,63.7,1685.0,2,102.0,39.16,0.275,62.2,2.9,2016.0,159.77896447999998
88.0,44.0,9,0,0.0,1.0,105.1696224,105.1696224,2011.0,2,112.0,43.89,0.525,69.2,4.7,1992.0,166.1128832
65.6,32.8,10,2,0.0,1.0,295.2,105.1696224,1466.0,2,152.0,37.49,0.55,69.9,4.3,2004.0,204.55971576
63.6,31.8,4,0,0.0,1.0,207.5,105.2,1756.0,2,124.0,50.46,0.55,69.9,4.7,2005.0,252.38677380000001
57.599999999999994,28.8,2,2,0.0,1.0,105.1696224,244.4,1219.0,2,90.0,39.03,0.3,62.9,1.0,2008.0,217.67254704
59.04,29.5,3,1,0.0,1.0,282.0,105.1696224,1471.0,2,105.0,39.28,0.375,65.0,3.6,2009.0,131.95725983999998
70.0,35.0,11,1,0.0,1.0,312.3,110.2,1979.0,2,114.0,41.15,0.175,59.4,7.3,2001.0,246.872255
90.8,45.4,12,2,0.0,1.0,78.1,945.9,2570.0,2,189.0,39.91,0.625,72.0,10.0,1991.0,466.27048046
61.6,30.8,1,1,0.0,2.0,105.1696224,256.1,2799.0,2,99.0,35.09,0.1,57.3,7.2,2006.0,212.91895548
99.75,49.9,3,0,0.0,1.0,105.1696224,398.6,1992.0,2,123.0,37.1,0.2,60.1,4.1,2001.0,258.72880775
28.799999999999997,14.4,3,1,0.0,1.0,8.2,105.1696224,1990.0,2,102.0,47.77,0.275,62.2,7.2,2009.0,196.22516543999998
52.0,26.0,4,1,0.0,1.0,167.8,177.6,1805.0,2,109.0,42.84,0.3,62.9,5.4,2014.0,255.8155509
57.599999999999994,28.8,8,3,0.0,1.0,113.3,105.1696224,1723.0,2,82.0,42.13,0.1,57.3,5.8,2009.0,268.08068016
52.0,26.0,10,7,0.0,1.0,492.4,475.7,1871.0,2,141.0,46.81,0.55,69.9,6.6,2015.0,215.12185240000002
70.0,35.0,11,0,0.0,1.0,105.1696224,105.1696224,1922.0,2,106.0,38.63,0.25,61.5,7.1,2001.0,160.5681035
56.8,28.4,6,1,0.0,1.0,151.4,181.0,1807.0,2,109.0,35.25,0.225,60.8,8.2,2010.0,127.84211152
82.0,41.0,10,2,0.0,1.0,76.9,149.9,1877.0,2,107.0,32.68,0.225,60.8,5.4,2004.0,279.01067439999997
76.0,38.0,7,1,0.0,1.0,98.3,105.1696224,1471.0,2,110.0,38.18,0.3,62.9,5.9,1998.0,103.8968393
77.2,38.6,7,0,0.0,1.0,105.1696224,105.1696224,1432.0,2,96.0,36.44,0.05,54.5,5.7,1997.0,169.53128106
60.199999999999996,30.1,1,0,0.0,1.0,711.4,105.1696224,2031.0,2,131.0,39.81,0.575,70.6,4.0,2002.0,129.67948256
54.800000000000004,27.4,3,7,0.0,1.0,105.1696224,156.7,1651.0,2,119.0,39.58,0.5,68.5,4.6,2011.0,117.01567026000001
41.1,20.6,2,0,0.0,1.0,84.6,450.8,1402.0,2,113.0,44.16,0.375,65.0,2.1,2011.0,179.17736389
61.6,30.8,10,2,0.0,1.0,287.4,365.5,1819.0,2,130.0,51.88,0.75,75.5,6.0,2006.0,168.90151894
54.6,27.3,11,1,1.0,2.0,52.4,76.0,2024.0,2,108.0,53.05,0.275,62.2,8.2,2014.0,139.9714641
52.800000000000004,26.4,2,5,0.0,1.0,105.1696224,195.6,1791.0,2,89.0,35.42,0.175,59.4,3.3,2013.0,98.46888876000001
61.6,30.8,12,0,0.0,1.0,714.9,105.1696224,1586.0,2,139.0,45.01,0.575,70.6,8.0,2006.0,185.0699466
56.8,28.4,7,0,1.0,3.0,33.0,105.1696224,2197.0,2,107.0,46.62,0.25,61.5,9.8,2010.0,179.27331446
65.6,32.8,3,7,0.0,1.0,39.3,304.3,2409.0,2,96.0,42.28,0.35,64.3,7.4,2004.0,152.37760044
61.6,30.8,6,6,0.0,1.0,105.1696224,430.4,1989.0,2,99.0,41.16,0.375,65.0,8.7,2006.0,176.83837094
68.37,34.2,7,2,0.0,1.0,51.7,154.9,2224.0,2,104.0,40.86,0.35,64.3,9.5,2005.0,146.23996062
57.599999999999994,28.8,5,1,0.0,1.0,105.1696224,105.1696224,2211.0,2,101.0,36.29,0.25,61.5,8.9,2008.0,121.82642064
52.0,26.0,6,2,0.0,1.0,198.6,2.4,2116.0,2,134.0,32.66,0.45,67.1,9.7,2014.0,87.55111690000001
77.2,38.6,11,2,0.0,1.0,399.5,105.1696224,2187.0,2,135.0,30.99,0.425,66.4,7.9,1997.0,88.61936417
67.2,33.6,11,3,0.0,1.0,105.1696224,78.6,2081.0,2,98.0,40.12,0.2,60.1,7.9,2003.0,237.87342431999997
69.48,34.7,12,2,0.0,1.0,945.4,116.8,2077.0,2,155.0,18.57,0.45,67.1,9.8,1997.0,142.82
59.6,29.8,12,8,1.0,1.0,105.1696224,105.1696224,1412.0,2,94.0,44.38,0.05,53.8,7.4,2007.0,62.27762834
59.6,29.8,2,1,0.0,1.0,160.6,71.9,2041.0,2,96.0,35.12,0.3,62.9,4.1,2007.0,217.38566878
54.800000000000004,27.4,2,0,0.0,1.0,102.8,279.0,1273.0,2,104.0,45.45,0.375,65.0,1.0,2011.0,133.6463085
53.6,26.8,12,1,0.0,1.0,287.9,240.4,1458.0,2,95.0,33.48,0.1,57.3,7.8,2012.0,56.097392840000005
54.800000000000004,27.4,4,3,1.0,4.0,155.0,246.8,2204.0,2,111.0,43.08,0.275,62.2,7.0,2011.0,133.07999982
74.4,37.2,2,7,0.0,1.0,366.9,277.1,2238.0,2,123.0,39.36,0.275,62.2,4.3,1999.0,179.71078014000003
86.26,43.1,3,2,0.0,1.0,105.1696224,105.1696224,2583.0,2,140.0,29.61,0.425,66.4,7.2,1991.0,78.12634711
52.0,26.0,7,1,0.0,1.0,109.1,168.9,1625.0,2,97.0,51.59,0.075,56.6,7.6,2014.0,163.8903617
72.0,36.0,2,1,0.0,1.0,105.1696224,269.8,1517.0,2,94.0,17.82,0.05,54.5,1.3,2000.0,64.8682362
64.39,32.2,8,3,0.0,5.0,105.1696224,105.1696224,1760.0,2,92.0,44.13,0.225,60.8,5.6,2011.0,216.30607091000002
72.0,36.0,10,2,0.0,1.0,266.9,532.2,1956.0,2,122.0,38.78,0.5,68.5,6.2,2000.0,100.2733398
47.7,23.8,4,1,0.0,1.0,259.8,69.1,1705.0,2,103.0,28.74,0.225,60.8,5.1,2005.0,80.21757813
52.25,26.1,7,0,0.0,1.0,105.1696224,472.1,2119.0,2,108.0,26.6,0.1,57.3,9.7,1994.0,100.45257914999999
54.800000000000004,27.4,12,2,0.0,1.0,144.1,105.1696224,1622.0,2,129.0,41.61,0.475,67.8,8.5,2011.0,75.68959697000001
56.8,28.4,1,1,0.0,1.0,420.1,140.8,1891.0,2,102.0,37.88,0.275,62.2,3.5,2010.0,83.47495559999999
63.6,31.8,11,2,0.0,1.0,105.1696224,105.1696224,1490.0,2,117.0,31.57,0.325,63.6,5.5,2005.0,73.84361952
72.0,36.0,8,7,0.0,1.0,105.1696224,160.6,2078.0,2,117.0,26.14,0.15,58.7,6.7,2000.0,54.358389
63.6,31.8,11,2,0.0,1.0,1025.0,105.1696224,1837.0,2,135.0,29.24,0.425,66.4,7.0,2005.0,50.3562858
139.5,69.8,4,1,0.0,1.0,105.1696224,26.7,2333.0,2,90.0,21.18,0.05,54.5,3.9,1999.0,53.940000000000005
78.8,39.4,8,8,0.0,1.0,105.1696224,105.1696224,1905.0,2,96.0,31.85,0.05,51.7,5.6,1996.0,97.76672463
70.0,35.0,9,0,0.0,1.0,224.1,105.1696224,1836.0,2,104.0,17.49,0.05,55.9,4.7,2001.0,47.344176250000004
70.0,35.0,2,2,0.0,1.0,105.1696224,502.1,1805.0,2,119.0,36.17,0.35,64.3,2.6,2001.0,115.06989899999999
59.6,29.8,4,3,0.0,1.0,180.6,41.4,2416.0,2,99.0,32.04,0.1,57.3,7.7,2007.0,93.52887791
83.6,41.8,6,1,0.0,1.0,236.4,105.1696224,2002.0,2,128.0,20.49,0.225,60.8,7.9,1994.0,50.85455716
54.800000000000004,27.4,7,0,0.0,1.0,105.1696224,105.1696224,1663.0,2,108.0,42.59,0.375,65.0,7.6,2011.0,83.52321998000001
76.0,38.0,5,8,0.0,1.0,105.1696224,105.1696224,1226.0,2,86.0,34.04,0.475,67.8,3.9,1998.0,72.52775
68.8,34.4,9,7,0.0,1.0,185.8,143.8,1575.0,2,108.0,17.99,0.175,59.4,3.7,2002.0,38.5863338
65.6,32.8,1,0,0.0,1.0,105.1696224,105.1696224,1764.0,2,84.0,25.48,0.05,52.4,2.6,2004.0,76.33576307999999
91.35,45.7,9,2,0.0,1.0,619.3,105.1696224,1873.0,2,128.0,32.9,0.05,53.8,4.0,1995.0,41.312030619999994
61.6,30.8,5,2,0.0,1.0,110.2,66.3,2300.0,2,123.0,37.81,0.375,65.0,9.1,2006.0,93.1304836
114.48,57.2,10,0,0.0,1.0,105.1696224,272.7,2287.0,2,102.0,20.45,0.05,53.1,5.8,2000.0,34.9433874
56.28,28.1,9,7,0.0,1.0,105.1696224,251.9,2214.0,2,113.0,46.59,0.5,68.5,6.9,2012.0,241.56732482
57.599999999999994,28.8,10,0,0.0,1.0,53.9,153.7,1798.0,2,87.0,44.93,0.625,72.0,6.1,2009.0,66.91827312
68.8,34.4,4,1,0.0,1.0,70.7,271.3,1901.0,2,103.0,27.61,0.175,59.4,5.1,2002.0,29.02099412
88.0,44.0,2,1,0.0,1.0,105.1696224,105.1696224,2049.0,2,99.0,25.28,0.175,59.4,2.9,1992.0,31.587672600000005
17.5,8.8,4,1,0.0,1.0,312.7,105.1696224,1376.0,2,122.0,51.77,0.7,74.1,5.0,2001.0,304.3634195
98.39999999999999,49.2,10,1,0.0,1.0,105.1696224,185.1,2786.0,2,103.0,33.43,0.15,58.7,8.6,2004.0,21.96933996
53.6,26.8,2,0,0.0,1.0,140.2,127.0,924.0,2,107.0,26.76,0.4,65.7,1.0,2012.0,33.1237481
70.68,35.3,3,2,0.0,1.0,105.1696224,105.1696224,1206.0,2,106.0,20.98,0.225,60.8,2.0,1999.0,52.305246
68.8,34.4,8,3,0.0,1.0,76.0,105.1696224,1698.0,2,101.0,24.58,0.05,41.9,5.2,2002.0,32.511465799999996
57.599999999999994,28.8,10,0,0.0,1.0,11.3,27.3,1781.0,2,109.0,34.29,0.125,58.0,6.0,2009.0,40.56432624
67.2,33.6,9,0,0.0,1.0,105.1696224,170.4,2114.0,2,89.0,33.71,0.225,60.8,6.0,2003.0,32.4611868
83.7,41.8,8,0,0.0,1.0,105.1696224,147.6,2203.0,2,82.0,32.94,0.05,48.9,6.7,1999.0,19.842280979999998
47.519999999999996,23.8,9,0,0.0,1.0,41.8,105.1696224,1541.0,2,108.0,40.55,0.375,65.0,4.4,2009.0,29.72927088
68.8,34.4,11,0,0.0,1.0,54.4,51.8,2245.0,2,93.0,16.37,0.05,54.5,8.5,2002.0,18.850296999999998
74.5,37.2,4,4,0.0,1.0,144.7,88.8,2306.0,2,107.0,47.53,0.5,68.5,6.5,2007.0,47.70652647
53.6,26.8,3,2,0.0,1.0,64.9,145.1,1800.0,2,91.0,31.77,0.25,61.5,5.3,2012.0,29.53933118
52.0,26.0,2,0,0.0,1.0,139.1,124.0,2057.0,2,115.0,39.96,0.125,58.0,4.4,2015.0,17.7375796
61.6,30.8,7,0,0.0,1.0,145.0,105.1696224,1911.0,2,93.0,34.2,0.05,55.2,8.4,2006.0,36.864319800000004
29.8,14.9,4,7,0.0,1.0,1.2,24.5,1301.0,2,105.0,41.84,0.4,65.7,4.2,2007.0,175.46259966
40.599999999999994,20.3,9,0,0.0,1.0,105.1696224,105.1696224,1850.0,2,107.0,35.23,0.3,62.9,6.0,1995.0,15.354367839999998
51.74400000000001,25.9,8,0,0.0,1.0,136.3,196.1,1756.0,2,126.0,50.14,0.425,66.4,6.2,2013.0,114.52176384
31.349999999999998,15.7,5,8,0.0,1.0,105.1696224,105.1696224,1514.0,2,102.0,45.86,0.575,70.6,7.0,1994.0,196.45999999999998
52.0,26.0,7,0,0.0,1.0,105.1696224,105.1696224,2236.0,2,159.0,34.18,0.625,72.0,10.0,2015.0,130.0
56.16,28.1,8,2,0.0,1.0,355.2,309.7,904.0,2,107.0,43.81,0.425,66.4,2.3,2009.0,145.77090048
52.260000000000005,26.1,10,5,0.0,1.0,586.6,105.1696224,1226.0,2,87.0,40.37,0.4,65.7,3.9,2012.0,47.285635920000004
62.010000000000005,31.0,8,4,0.0,1.0,105.1696224,105.1696224,1405.0,2,119.0,46.04,0.6,71.3,4.2,2005.0,61.80244776000001
63.959999999999994,32.0,2,6,0.0,1.0,105.1696224,167.3,1712.0,2,106.0,16.07,0.05,51.0,2.5,2004.0,10.8474192
52.800000000000004,26.4,12,1,0.0,1.0,257.2,189.5,1639.0,2,113.0,37.29,0.25,61.5,8.6,2013.0,59.2775832
115.69103999999999,57.8,7,0,0.0,1.0,409.8,105.1696224,1829.0,2,150.0,33.15,0.525,69.2,5.7,2008.0,184.05303696
51.6,25.8,9,1,0.0,1.0,124.8,248.1,1371.0,2,108.0,35.49,0.25,61.5,3.5,2002.0,310.67056928
54.72,27.4,7,1,0.0,1.0,155.6,230.8,1446.0,2,96.0,37.8,0.35,64.3,6.7,2009.0,295.63042608
65.36,32.7,8,0,0.0,1.0,109.5,164.4,2714.0,2,100.0,38.67,0.075,56.6,9.7,2002.0,205.92417576
79.41999999999999,39.7,11,4,0.0,1.0,105.1696224,105.1696224,2625.0,2,118.0,33.1,0.35,64.3,9.7,1994.0,250.79999999999998
5.0952,2.5,1,0,0.0,1.0,32.0,31.6,1107.0,2,130.0,36.5,0.325,63.6,2.4,2013.0,84.58129152
52.06,26.0,3,2,0.0,1.0,872.2,105.1696224,1593.0,2,120.0,34.55,0.425,66.4,4.5,2011.0,156.3940351
93.0,46.5,9,2,0.0,1.0,105.1696224,165.9,1728.0,2,146.0,37.0,0.55,69.9,3.3,1999.0,137.55860826000003
65.36,32.7,5,2,0.0,1.0,353.6,157.0,1186.0,2,114.0,30.31,0.3,62.9,4.1,2002.0,89.09804163999999
49.4,24.7,4,0,0.0,2.0,126.3,196.2,1653.0,2,94.0,44.93,0.05,54.5,4.8,2015.0,139.8764146
92.75,46.4,5,2,0.0,1.0,221.1,183.3,1778.0,2,102.0,24.11,0.15,58.7,5.5,2001.0,51.975
70.68,35.3,8,3,0.0,1.0,105.1696224,44.8,1877.0,2,133.0,41.35,0.325,63.6,5.9,1999.0,108.62753028000002
74.86,37.4,9,2,0.0,1.0,105.1696224,532.3,1389.0,2,118.0,17.85,0.175,59.4,2.6,1996.0,34.23884822
99.75,49.9,9,2,0.0,1.0,111.7,199.1,1931.0,2,105.0,30.41,0.25,61.5,3.9,2001.0,29.7358285
14.399999999999999,7.2,11,2,0.0,1.0,105.1696224,105.1696224,1396.0,2,110.0,35.75,0.475,67.8,7.2,2009.0,68.45322096
74.86,37.4,2,0,0.0,1.0,105.1696224,95.1,2077.0,2,129.0,28.83,0.325,63.6,3.5,1996.0,20.291
50.160000000000004,25.1,9,4,0.0,1.0,106.2,267.1,1848.0,2,119.0,46.36,0.3,62.9,5.6,2013.0,129.8052294
71.41,35.7,10,0,0.0,1.0,105.1696224,227.1,1452.0,2,118.0,19.62,0.2,60.1,4.0,1997.0,12.510636349999999
79.2,39.6,10,0,0.0,1.0,215.9,105.1696224,2291.0,2,90.0,38.37,0.3,62.9,7.3,2008.0,25.731429119999998
42.88,21.4,9,2,0.0,1.0,79.4,126.3,1349.0,2,137.0,39.41,0.5,68.5,3.8,2012.0,37.865800400000005
56.62,28.3,12,0,0.0,1.0,105.1696224,105.1696224,1988.0,2,93.0,24.59,0.05,49.6,9.9,2007.0,8.06201601
57.599999999999994,28.8,10,2,0.0,1.0,97.6,105.1696224,1772.0,2,130.0,19.02,0.525,69.2,6.0,2008.0,14.102634239999999
48.64,24.3,1,0,0.0,1.0,105.1696224,105.6,1205.0,2,112.0,48.91,0.15,58.7,1.0,2016.0,140.68015616
48.1,24.0,11,2,1.0,1.0,105.1696224,105.1696224,1570.0,2,133.0,48.88,0.575,70.6,6.5,2015.0,225.63785529999998
52.54,26.3,9,7,0.0,1.0,105.1696224,164.1,1853.0,2,125.0,38.73,0.5,68.5,5.5,2010.0,218.71711312
53.6,26.8,5,6,0.0,1.0,194.8,243.3,1951.0,2,110.0,39.99,0.2,60.1,7.9,2012.0,106.79800000000002
53.28,26.6,9,1,0.0,1.0,168.6,164.1,1683.0,2,96.0,41.94,0.375,65.0,4.8,2008.0,235.75689935999998
53.28,26.6,4,0,0.0,1.0,105.1696224,105.1696224,2269.0,2,96.0,32.78,0.15,58.7,7.3,2008.0,144.10993248
50.160000000000004,25.1,9,2,0.0,1.0,501.8,133.4,2054.0,2,123.0,42.32,0.675,73.4,6.5,2013.0,119.12686368000001
68.82000000000001,34.4,12,2,0.0,1.0,83.2,105.1696224,1798.0,2,188.0,41.59,0.625,72.0,8.6,1999.0,90.12035358
42.599999999999994,21.3,2,0,0.0,1.0,55.5,277.5,1889.0,2,107.0,39.47,0.075,56.6,4.1,2010.0,78.92900168
48.64,24.3,1,1,0.0,1.0,105.1696224,742.3,2363.0,2,110.0,46.22,0.225,60.8,5.9,2016.0,143.79969664
50.690000000000005,25.3,9,2,0.0,1.0,44.7,145.5,2393.0,2,113.0,24.4,0.425,66.4,7.9,2011.0,130.70402389
53.28,26.6,11,0,1.0,1.0,14.5,27.4,1303.0,2,122.0,58.23,0.2,60.1,5.2,2008.0,565.36794
61.92,31.0,2,2,0.0,1.0,105.1696224,214.1,1495.0,2,116.0,40.18,0.5,68.5,1.6,2002.0,175.8610044
120.9,60.4,9,0,0.0,1.0,343.5,105.1696224,2929.0,2,93.0,34.59,0.275,62.2,7.2,1999.0,219.03081
48.84,24.4,8,1,0.0,1.0,275.1,105.1696224,1318.0,2,110.0,55.42,0.45,67.1,4.4,2013.0,356.39223708000003
52.559999999999995,26.3,12,0,0.0,1.0,105.1696224,105.1696224,1263.0,2,115.0,15.98,0.075,56.6,7.0,2008.0,31.442176800000002
69.48,34.7,5,2,0.0,1.0,105.1696224,148.2,1725.0,2,95.0,27.84,0.4,65.7,6.3,1997.0,96.80714791999999
51.12,25.6,3,4,0.0,1.0,105.1696224,307.7,1858.0,2,101.0,42.64,0.25,61.5,5.6,2010.0,91.69261203999999
46.800000000000004,23.4,9,5,0.0,2.0,87.7,164.1,1632.0,2,107.0,24.9,0.425,66.4,4.8,2014.0,68.15189289999999
75.60000000000001,37.8,2,7,0.0,1.0,88.4,34.9,1728.0,2,124.0,30.28,0.1,57.3,2.0,2000.0,57.904146000000004
60.48,30.2,4,0,0.0,1.0,74.6,286.5,1569.0,2,109.0,36.45,0.2,60.1,4.0,2003.0,74.50955568
48.1,24.0,5,2,0.0,1.0,245.5,401.7,1432.0,2,105.0,41.07,0.05,55.9,5.9,2015.0,34.125026
50.690000000000005,25.3,1,2,0.0,1.0,116.2,118.6,1399.0,2,114.0,30.3,0.2,60.1,1.7,2011.0,131.58525721
69.48,34.7,9,7,0.0,1.0,105.1696224,44.9,2693.0,2,106.0,51.22,0.625,72.0,8.4,1997.0,24.18825961
64.8,32.4,1,2,0.0,1.0,223.2,84.6,1952.0,2,95.0,8.72,0.05,51.7,3.4,2000.0,5.4059328
53.28,26.6,7,5,0.0,1.0,105.1696224,105.1696224,2043.0,2,81.0,23.84,0.05,55.9,9.3,2008.0,91.8724968
50.4,25.2,6,1,0.0,1.0,167.1,5.1,1533.0,2,100.0,53.06,0.55,69.9,7.3,2009.0,661.34969136
46.800000000000004,23.4,12,0,0.0,1.0,105.1696224,8.4,1603.0,2,105.0,36.05,0.375,65.0,8.7,2015.0,203.8981789
61.38,30.7,6,0,0.0,1.0,130.6,199.2,1564.0,2,95.0,35.53,0.3,62.9,6.9,1999.0,578.34855996
77.0,38.5,5,0,0.0,3.0,10.2,105.1696224,1042.0,2,118.0,43.39,0.35,64.3,3.0,1992.0,707.8093594000002
41.76,20.9,11,2,0.0,1.0,86.2,192.4,1135.0,2,129.0,39.45,0.55,69.9,4.9,2009.0,445.25996496
61.25,30.6,3,0,0.0,1.0,59.7,105.1696224,1179.0,2,88.0,37.39,0.125,58.0,2.3,2001.0,258.884815
47.95,24.0,7,1,0.0,1.0,235.8,59.1,892.0,2,98.0,47.25,0.375,65.0,4.6,2011.0,160.29000000000002
53.959999999999994,27.0,12,2,0.0,1.0,173.5,100.4,1321.0,2,110.0,47.01,0.55,69.9,7.2,2010.0,358.23323633999996
53.9,27.0,6,1,0.0,1.0,105.1696224,348.7,2203.0,2,109.0,53.3,0.5,68.5,10.0,2006.0,502.88868476
46.2,23.1,2,1,0.0,1.0,198.0,43.2,1646.0,2,111.0,42.67,0.15,58.7,2.9,2013.0,229.63381320000002
79.45,39.7,11,7,0.0,1.0,111.0,111.0,2446.0,2,128.0,40.29,0.5,68.5,8.9,1991.0,413.821
50.4,25.2,3,2,0.0,1.0,174.0,105.1696224,1848.0,2,123.0,45.98,0.375,65.0,5.6,2008.0,100.54540656
45.5,22.8,7,1,0.0,1.0,176.7,105.1696224,1929.0,2,125.0,51.61,0.225,60.8,9.2,2015.0,183.03453090000002
55.650000000000006,27.8,3,1,0.0,1.0,89.1,35.8,1441.0,2,105.0,18.68,0.125,58.0,3.6,2005.0,109.57626192
53.19,26.6,11,2,0.0,1.0,105.1696224,105.1696224,1915.0,2,162.0,40.97,0.5,68.5,7.8,1996.0,456.99355725
67.55,33.8,9,7,0.0,1.0,105.1696224,105.1696224,2131.0,2,138.0,39.03,0.675,73.4,6.1,1997.0,243.59869419999998
55.650000000000006,27.8,7,0,0.0,1.0,121.9,105.1696224,1555.0,2,100.0,29.86,0.2,60.1,7.1,2005.0,137.32800585
71.05,35.5,7,4,0.0,1.0,105.1696224,105.1696224,2106.0,2,108.0,38.44,0.125,58.0,8.8,1995.0,230.14942908999998
59.4,29.7,8,3,0.0,1.0,105.1696224,190.0,1992.0,2,107.0,39.29,0.25,61.5,6.8,2000.0,187.48051740000002
49.699999999999996,24.8,8,2,0.0,1.0,197.2,69.8,1505.0,2,123.0,28.25,0.45,67.1,5.2,2010.0,85.55694682
50.66,25.3,3,0,0.0,1.0,105.1696224,92.5,1314.0,2,90.0,35.58,0.25,61.5,3.3,2007.0,142.45740254999998
53.76,26.9,10,2,0.0,1.0,34.5,61.8,1323.0,2,109.0,27.93,0.45,67.1,4.2,2003.0,87.82617479999999
47.95,24.0,7,6,0.0,1.0,106.4,105.1696224,1710.0,2,109.0,44.72,0.375,65.0,8.1,2011.0,206.16275805000004
44.800000000000004,22.4,5,1,1.0,2.0,175.0,280.0,1762.0,2,91.0,47.22,0.15,58.7,7.5,2016.0,139.21090688
46.2,23.1,11,1,0.0,1.0,205.9,163.6,1385.0,2,125.0,41.94,0.575,70.6,5.8,2013.0,148.5588456
74.80000000000001,37.4,11,2,0.0,1.0,38.3,38.3,1957.0,2,202.0,36.43,0.55,69.9,7.0,1992.0,105.97379760000001
46.900000000000006,23.5,12,1,0.0,1.0,196.3,62.7,1869.0,2,134.0,44.09,0.15,58.7,9.9,2012.0,117.99877324
50.4,25.2,11,1,0.0,1.0,65.8,169.1,1920.0,2,88.0,32.26,0.05,55.9,7.9,2009.0,132.79580639999998
50.4,25.2,1,8,0.0,1.0,105.1696224,105.1696224,2247.0,2,92.0,47.63,0.3,62.9,5.3,2009.0,131.54904144
52.15,26.1,7,1,0.0,1.0,62.1,225.3,2168.0,2,91.0,32.89,0.05,55.9,9.9,2007.0,103.26776376000001
47.7,23.8,7,1,0.0,1.0,105.1696224,105.1696224,1327.0,2,98.0,29.94,0.2,60.1,6.5,2005.0,92.86444767
67.55,33.8,2,7,0.0,1.0,532.3,62.1,2465.0,2,127.0,44.67,0.6,71.3,5.5,1997.0,80.97314421
56.76,28.4,3,3,0.0,1.0,109.1,65.5,1582.0,2,100.0,44.77,0.35,64.3,4.2,2002.0,177.13396264000002
50.4,25.2,10,0,0.0,1.0,97.5,170.1,2070.0,2,100.0,39.51,0.05,55.9,7.6,2008.0,123.00034319999999
54.800000000000004,27.4,10,0,0.0,1.0,31.3,206.2,1772.0,2,109.0,49.38,0.425,66.4,6.1,2011.0,238.28491652000002
49.699999999999996,24.8,4,1,0.0,1.0,105.1696224,163.9,1553.0,2,106.0,35.57,0.175,59.4,4.4,2010.0,110.01735135999999
47.95,24.0,5,1,0.0,1.0,99.1,162.4,1047.0,2,112.0,32.52,0.225,60.8,4.3,2011.0,82.06562081000001
73.14999999999999,36.6,12,0,0.0,1.0,105.1696224,140.4,1871.0,2,102.0,36.12,0.05,48.2,8.7,1994.0,207.79515888999998
60.199999999999996,30.1,9,2,0.0,1.0,108.6,105.1696224,1256.0,2,150.0,47.32,0.75,75.5,2.7,2002.0,206.52483243999998
63.6,31.8,4,3,0.0,1.0,105.1696224,105.1696224,2175.0,2,113.0,34.79,0.125,58.0,6.5,2005.0,109.33813239
44.279999999999994,22.1,12,2,0.0,1.0,105.1696224,463.1,2174.0,2,104.0,37.95,0.425,66.4,10.0,2004.0,189.42824427999997
47.95,24.0,11,2,0.0,1.0,196.5,425.1,1401.0,2,137.0,40.44,0.25,61.5,5.8,2011.0,115.91026110000001
50.4,25.2,8,3,0.0,1.0,107.2,145.7,1810.0,2,110.0,36.4,0.25,61.5,6.5,2008.0,104.30847215999998
60.199999999999996,30.1,2,2,0.0,1.0,26.1,105.1696224,1548.0,2,101.0,30.45,0.1,57.3,1.9,2002.0,78.2240692
82.95,41.5,11,4,1.0,2.0,105.1696224,105.1696224,1810.0,2,108.0,40.38,0.225,60.8,6.1,1990.0,135.37515366
50.4,25.2,1,2,0.0,1.0,89.1,92.9,1975.0,2,101.0,31.39,0.225,60.8,4.2,2008.0,46.7761104
65.10000000000001,32.6,2,1,0.0,1.0,229.3,105.1696224,1838.0,2,112.0,27.31,0.325,63.6,2.9,1999.0,74.8892172
57.4,28.7,3,1,0.0,1.0,40.2,291.1,2383.0,2,102.0,33.04,0.2,60.1,7.6,2004.0,59.20134648
60.300000000000004,30.2,10,0,0.0,1.0,320.6,85.2,1634.0,2,101.0,32.9,0.05,55.2,5.3,2012.0,40.67333088
67.55,33.8,11,7,0.0,1.0,272.1,105.1696224,2225.0,2,155.0,22.51,0.325,63.6,8.5,1997.0,48.45314215
11.57,5.8,11,7,0.0,1.0,105.1696224,74.0,1350.0,2,93.0,33.33,0.15,58.7,7.1,2015.0,5.33
49.699999999999996,24.8,3,1,0.0,1.0,105.1696224,194.8,1976.0,2,109.0,38.55,0.25,61.5,6.2,2010.0,132.40987095999998
43.199999999999996,21.6,7,2,0.0,1.0,105.1696224,143.2,1475.0,2,104.0,39.31,0.125,58.0,7.3,2008.0,98.45198495999999
50.839999999999996,25.4,4,5,0.0,1.0,105.1696224,289.3,1691.0,2,96.0,37.99,0.225,60.8,4.9,2004.0,44.91757788
45.5,22.8,11,2,0.0,1.0,105.1696224,609.9,1615.0,2,123.0,43.04,0.5,68.5,6.8,2015.0,65.472927
47.95,24.0,9,7,0.0,1.0,169.4,110.4,1387.0,2,106.0,36.47,0.15,58.7,3.7,2011.0,112.45940235
55.650000000000006,27.8,3,5,0.0,1.0,105.1696224,452.0,1988.0,2,76.0,32.54,0.05,55.9,6.0,2005.0,30.970188540000002
50.4,25.2,3,0,0.0,1.0,105.1696224,105.1696224,1932.0,2,85.0,36.0,0.05,53.8,6.0,2008.0,37.25544096
73.92,37.0,1,7,0.0,1.0,105.1696224,262.4,2147.0,2,109.0,41.01,0.175,59.4,3.9,2013.0,26.00553648
55.650000000000006,27.8,2,3,0.0,1.0,208.6,105.1696224,2294.0,2,97.0,30.01,0.05,55.2,5.3,2005.0,30.67889259
46.900000000000006,23.5,8,7,0.0,1.0,95.8,109.9,2176.0,2,91.0,35.15,0.3,62.9,8.2,2012.0,41.65202266
45.5,22.8,5,0,0.0,1.0,229.9,107.5,1524.0,2,87.0,35.5,0.1,57.3,6.4,2015.0,67.1842613
60.199999999999996,30.1,9,0,0.0,1.0,156.1,152.5,1933.0,2,132.0,28.89,0.375,65.0,5.6,2002.0,51.3981494
46.2,23.1,1,0,0.0,1.0,249.9,71.8,1444.0,2,118.0,40.68,0.175,59.4,2.1,2013.0,61.005966120000004
50.839999999999996,25.4,9,1,0.0,1.0,105.1696224,65.8,1717.0,2,98.0,34.51,0.25,61.5,5.0,2004.0,68.07969148
49.699999999999996,24.8,4,1,0.0,1.0,129.7,335.9,1487.0,2,92.0,32.23,0.05,51.7,4.1,2010.0,55.86305133999999
52.15,26.1,10,0,0.0,1.0,213.1,170.8,2289.0,2,92.0,28.54,0.25,61.5,8.4,2007.0,94.19164928
52.15,26.1,12,1,0.0,1.0,3.8,105.1696224,1849.0,2,96.0,29.55,0.4,65.7,9.5,2007.0,27.29255499
61.25,30.6,8,0,0.0,1.0,281.3,105.1696224,1736.0,2,94.0,24.54,0.175,59.4,5.7,2001.0,23.93809775
50.4,25.2,3,2,0.0,1.0,105.1696224,105.1696224,2122.0,2,105.0,34.24,0.5,68.5,6.8,2009.0,39.470240159999996
57.599999999999994,28.8,9,0,0.0,1.0,342.2,166.1,1016.0,2,101.0,33.13,0.075,56.6,1.7,2009.0,17.576680319999998
43.84,21.9,5,2,0.0,1.0,117.5,310.0,933.0,2,139.0,45.64,0.375,65.0,4.0,2011.0,74.90368962000001
45.5,22.8,3,0,0.0,1.0,56.1,337.7,1934.0,2,110.0,40.37,0.125,58.0,6.2,2014.0,22.7610734
58.8,29.4,9,2,0.0,1.0,253.1,118.8,1809.0,2,102.0,18.69,0.05,53.1,5.1,2003.0,19.42215408
29.52,14.8,12,0,0.0,1.0,105.1696224,105.1696224,1583.0,2,102.0,34.76,0.15,58.7,9.4,2008.0,14.52869712
53.9,27.0,8,5,0.0,1.0,329.3,194.3,1275.0,2,83.0,29.1,0.05,53.8,4.0,2006.0,19.25952952
45.5,22.8,9,0,0.0,1.0,450.3,86.9,1647.0,2,123.0,43.76,0.475,67.8,5.0,2015.0,79.5365246
53.9,27.0,9,1,0.0,1.0,315.3,383.5,2440.0,2,118.0,34.54,0.375,65.0,8.0,2006.0,64.77872169999999
77.0,38.5,2,2,0.0,1.0,105.1696224,105.1696224,2258.0,2,114.0,18.06,0.4,65.7,4.2,1992.0,10.2343494
60.199999999999996,30.1,11,7,0.0,1.0,322.6,105.1696224,1861.0,2,114.0,27.72,0.3,62.9,7.3,2002.0,28.962925199999997
71.05,35.5,9,0,0.0,1.0,105.1696224,105.1696224,1757.0,2,135.0,16.26,0.425,66.4,4.3,1995.0,30.449999999999996
70.68,35.3,11,2,0.0,1.0,144.8,105.1696224,1769.0,2,138.0,22.49,0.4,65.7,6.4,1999.0,1.18127856
53.9,27.0,1,0,0.0,1.0,105.1696224,105.1696224,994.0,2,93.0,36.69,0.2,60.1,1.0,2006.0,16.16432818
44.2,22.1,9,0,1.0,1.0,105.1696224,105.1696224,1732.0,2,113.0,58.67,0.5,68.5,5.4,2014.0,452.81581930000004
45.5,22.8,3,1,0.0,1.0,67.5,228.3,1951.0,2,91.0,34.57,0.05,54.5,6.3,2015.0,18.7606289
72.76,36.4,9,2,0.0,1.0,262.4,166.1,1376.0,2,139.0,27.79,0.5,68.5,2.6,1993.0,69.0266416
53.9,27.0,9,2,0.0,1.0,13.3,707.4,1508.0,2,96.0,38.91,0.45,67.1,4.0,2006.0,23.5695306
130.20000000000002,65.1,9,0,0.0,1.0,105.1696224,105.1696224,2097.0,2,101.0,17.44,0.075,56.6,3.3,1999.0,20.95097676
46.900000000000006,23.5,5,0,0.0,1.0,272.9,125.7,1331.0,2,96.0,34.57,0.05,55.2,5.6,2012.0,2.82278638
60.01588655999999,30.0,7,5,0.0,1.0,391.2,105.1696224,1819.0,2,100.0,44.44,0.625,72.0,8.1,2008.0,269.97050592
44.2,22.1,4,2,0.0,1.0,60.3,105.1696224,912.0,2,128.0,45.12,0.575,70.6,1.9,2015.0,81.9172653
139.5,69.8,8,2,0.0,1.0,105.1696224,53.7,2810.0,2,109.0,36.93,0.1,57.3,6.9,1999.0,36.45337368
46.2,23.1,12,2,0.0,1.0,105.1696224,538.0,1926.0,2,141.0,33.65,0.375,65.0,10.0,2013.0,36.0756
88.0,44.0,12,2,0.0,1.0,105.1696224,374.3,1992.0,2,138.0,44.67,0.525,69.2,8.6,1992.0,535.1283916
87.5,43.8,3,0,0.0,1.0,163.9,157.1,1207.0,2,101.0,31.32,0.075,56.6,1.3,2001.0,139.92754825
54.0,27.0,5,7,0.0,1.0,105.1696224,219.0,1391.0,2,98.0,38.81,0.15,58.7,5.5,2000.0,313.1269884
41.1,20.6,12,3,0.0,1.0,105.1696224,72.6,2043.0,2,89.0,38.3,0.05,53.1,10.0,2011.0,88.53869682
44.220000000000006,22.1,7,2,0.0,2.0,105.1696224,105.1696224,670.0,2,99.0,41.12,0.425,66.4,3.8,2012.0,188.23079964
50.82,25.4,8,0,0.0,1.0,122.2,148.9,1587.0,2,105.0,36.33,0.05,55.2,5.5,2006.0,95.51390156
54.12,27.1,4,0,0.0,1.0,105.1696224,137.0,1328.0,2,124.0,43.04,0.275,62.2,3.2,2004.0,89.70817219999999
47.7,23.8,6,2,0.0,1.0,76.0,105.1696224,1959.0,2,118.0,34.38,0.4,65.7,9.2,2005.0,43.90128807000001
40.2,20.1,4,0,0.0,1.0,246.1,79.7,1366.0,2,94.0,41.93,0.325,63.6,4.0,2012.0,54.06388924000001
43.199999999999996,21.6,3,0,0.0,37.0,105.1696224,105.1696224,1773.0,2,108.0,37.38,0.2,60.1,5.6,2008.0,31.98445344
46.08,23.0,12,2,0.0,1.0,134.8,1285.9,1859.0,2,124.0,42.64,0.55,69.9,9.8,2008.0,162.74777759999998
46.900000000000006,23.5,2,1,0.0,1.0,133.0,77.8,2312.0,2,98.0,37.04,0.075,56.6,5.8,2012.0,32.37431156
53.76,26.9,10,1,0.0,1.0,9.6,57.6,1667.0,2,97.0,34.62,0.35,64.3,5.7,2003.0,291.30951024
63.04,31.5,7,2,0.0,1.0,331.4,325.6,1962.0,2,123.0,33.3,0.3,62.9,8.6,1996.0,299.51167254
49.28,24.6,6,1,0.0,1.0,105.1696224,220.6,1173.0,2,92.0,33.0,0.15,58.7,5.8,2006.0,123.50490922
44.525000000000006,22.3,4,1,0.0,1.0,105.1696224,105.1696224,2062.0,2,125.0,34.76,0.375,65.0,6.8,2011.0,395.08542651000005
42.24,21.1,6,0,0.0,1.0,105.1696224,286.2,1356.0,2,107.0,44.03,0.325,63.6,6.9,2013.0,166.37454504
53.940000000000005,27.0,9,3,0.0,1.0,105.1696224,105.1696224,1543.0,2,103.0,33.27,0.25,61.5,4.2,1999.0,93.07762152000001
57.6,28.8,9,2,0.0,1.0,105.1696224,201.3,1768.0,2,129.0,38.7,0.5,68.5,5.0,2000.0,87.86683620000001
45.44,22.7,8,0,0.0,1.0,105.1696224,105.1696224,1107.0,2,107.0,35.63,0.25,61.5,3.7,2010.0,98.0590869
46.2,23.1,4,1,0.0,1.0,105.1696224,226.3,1742.0,2,90.0,35.85,0.175,59.4,5.3,2013.0,28.801539360000003
43.84,21.9,2,7,1.0,2.0,212.9,214.4,1977.0,2,107.0,33.93,0.075,56.6,4.5,2011.0,114.55311718000002
43.84,21.9,3,7,0.0,1.0,14.1,153.5,1741.0,2,93.0,49.17,0.525,69.2,5.4,2011.0,201.84579489
68.48,34.2,1,0,0.0,1.0,126.1,105.1696224,1329.0,2,120.0,32.88,0.425,66.4,1.0,1993.0,78.61056526
44.7,22.4,2,7,0.0,1.0,143.5,388.1,1604.0,2,101.0,38.23,0.325,63.6,2.8,2007.0,115.57455435000001
43.56,21.8,10,0,0.0,1.0,212.4,105.1696224,1895.0,2,105.0,29.46,0.425,66.4,7.1,2013.0,12.533121480000002
50.88,25.4,9,2,0.0,1.0,5.3,177.3,1052.0,2,96.0,42.88,0.475,67.8,2.2,2005.0,96.57791493
50.88,25.4,8,0,0.0,2.0,78.2,113.0,1333.0,2,87.0,46.59,0.3,62.9,4.4,2005.0,135.41654601
64.96,32.5,2,0,0.0,1.0,105.1696224,105.1696224,2156.0,2,107.0,34.33,0.325,63.6,4.3,1995.0,37.661493799999995
45.919999999999995,23.0,4,0,0.0,1.0,137.3,467.8,1754.0,2,90.0,23.69,0.15,58.7,5.4,2004.0,49.2265106
45.44,22.7,3,0,0.0,1.0,105.1696224,144.3,1799.0,2,111.0,39.46,0.3,62.9,5.6,2010.0,26.142045219999996
104.3,52.2,2,8,0.0,1.0,105.1696224,105.1696224,2894.0,2,90.0,21.14,0.05,47.5,5.8,2007.0,79.84523195999999
39.6,19.8,3,1,0.0,1.0,105.1696224,287.1,1760.0,2,100.0,39.96,0.075,56.6,5.7,2013.0,36.21800292
61.76,30.9,3,5,0.0,1.0,105.1696224,105.1696224,2048.0,2,75.0,19.55,0.525,69.2,6.0,1997.0,6.88360941
49.28,24.6,12,0,0.0,1.0,444.6,372.8,2642.0,2,108.0,22.18,0.225,60.8,10.0,2006.0,9.10895832
45.44,22.7,9,1,0.0,1.0,105.1696224,119.0,1580.0,2,102.0,32.18,0.25,61.5,4.7,2010.0,59.70510131999999
40.32,20.2,4,0,0.0,1.0,2.6,54.8,1324.0,2,113.0,40.36,0.175,59.4,3.8,2016.0,18.82713088
41.54,20.8,11,2,0.0,1.0,463.0,200.3,1765.0,2,138.0,45.19,0.375,65.0,7.6,2012.0,216.77498250000002
39.0,19.5,2,1,0.0,1.0,74.6,202.8,1744.0,2,99.0,51.88,0.75,75.5,3.7,2014.0,226.9804134
54.25,27.1,9,2,0.0,1.0,105.1696224,38.8,1558.0,2,101.0,25.05,0.35,64.3,4.2,2001.0,42.32511675
73.47,36.7,8,1,0.0,1.0,105.1696224,105.1696224,1573.0,2,103.0,33.92,0.3,62.9,4.5,1990.0,126.10338660000001
55.800000000000004,27.9,4,7,0.0,1.0,105.1696224,119.8,2566.0,2,118.0,36.1,0.5,68.5,8.5,2000.0,122.59124100000001
40.300000000000004,20.2,7,1,1.0,2.0,105.1696224,105.1696224,1717.0,2,99.0,46.64,0.3,62.9,8.5,2015.0,135.6994444
61.40749999999999,30.7,10,1,0.0,1.0,434.7,447.1,1558.0,2,105.0,33.7,0.35,64.3,4.9,1995.0,233.65629266
77.4,38.7,12,0,0.0,1.0,105.1696224,105.1696224,2295.0,2,113.0,42.04,0.475,67.8,10.0,2002.0,527.6559790399999
63.61200000000001,31.8,6,1,0.0,1.0,81.2,217.3,1798.0,2,93.0,42.96,0.275,62.2,7.8,1999.0,436.7315247
52.5,26.2,8,1,0.0,2.0,105.1696224,235.9,1636.0,2,108.0,43.47,0.25,61.5,5.6,2001.0,503.21879125
60.89999999999999,30.4,10,5,1.0,1.0,105.1696224,704.2,2006.0,2,81.0,51.75,0.675,73.4,6.8,1995.0,758.3146869899999
62.699999999999996,31.4,6,0,0.0,1.0,105.1696224,105.1696224,1375.0,2,116.0,47.07,0.45,67.1,6.1,1994.0,732.43662305
40.2,20.1,2,2,0.0,1.0,105.1696224,121.7,1725.0,2,104.0,39.89,0.5,68.5,3.5,2012.0,262.7935238
44.019999999999996,22.0,1,2,0.0,1.0,244.8,337.3,2310.0,2,105.0,24.16,0.25,61.5,5.9,2010.0,21.490696059999998
54.0,27.0,9,2,0.0,1.0,105.1696224,176.1,1903.0,2,113.0,39.55,0.6,71.3,5.7,2000.0,246.0720294
71.10000000000001,35.6,3,0,0.0,1.0,105.1696224,105.1696224,1779.0,2,134.0,46.26,0.55,69.9,4.4,1990.0,472.104
33.0,16.5,8,2,0.0,1.0,68.5,52.2,1353.0,2,132.0,42.0,0.55,69.9,5.2,2013.0,153.017271
32.8,16.4,6,1,0.0,1.0,105.1696224,9.6,1384.0,2,92.0,44.9,0.3,62.9,7.4,2004.0,275.0645884
68.1,34.0,11,3,0.0,1.0,105.1696224,105.1696224,1792.0,2,99.0,43.71,0.425,66.4,6.6,1991.0,434.71050702
60.89999999999999,30.4,11,7,0.0,1.0,105.1696224,491.9,1677.0,2,90.0,42.8,0.275,62.2,6.4,1995.0,431.14263199
64.75,32.4,8,1,0.0,1.0,836.5,105.1696224,2168.0,2,115.0,44.61,0.375,65.0,7.4,2001.0,289.33651775
51.22,25.6,9,1,0.0,1.0,105.1696224,105.1696224,1106.0,2,102.0,29.52,0.375,65.0,2.4,1996.0,229.30800000000002
66.99,33.5,9,7,0.0,1.0,351.5,401.6,2172.0,2,127.0,52.67,0.775,76.2,6.3,1995.0,664.44307377
43.199999999999996,21.6,8,4,0.0,1.0,105.1696224,105.1696224,1499.0,2,112.0,49.93,0.575,70.6,5.4,2009.0,303.58023984
49.199999999999996,24.6,11,5,0.0,1.0,105.1696224,105.1696224,1824.0,2,87.0,40.35,0.425,66.4,7.6,2004.0,229.86533887999997
42.0,21.0,10,7,0.0,1.0,158.3,150.0,1226.0,2,138.0,41.68,0.65,72.7,4.3,2003.0,263.4609936
49.199999999999996,24.6,12,2,0.0,1.0,137.1,181.0,2157.0,2,132.0,51.23,0.675,73.4,10.0,2004.0,355.49237944
148.8,74.4,3,1,0.0,1.0,151.7,218.3,3124.0,2,103.0,40.98,0.35,64.3,6.9,1999.0,329.00732388
47.559999999999995,23.8,6,6,0.0,1.0,175.9,105.1696224,2011.0,2,123.0,48.33,0.675,73.4,9.4,2004.0,189.58929555999998
43.199999999999996,21.6,1,1,0.0,1.0,175.9,105.1696224,1102.0,2,111.0,41.47,0.275,62.2,1.0,2008.0,230.77341936
50.4,25.2,4,1,0.0,1.0,144.3,105.1696224,1994.0,2,102.0,32.33,0.25,61.5,6.2,2009.0,223.98520176
68.1,34.0,12,2,0.0,1.0,105.1696224,105.1696224,2023.0,2,132.0,18.94,0.225,60.8,9.6,1991.0,169.76784973
62.699999999999996,31.4,12,0,0.0,1.0,105.1696224,467.5,1265.0,2,133.0,39.97,0.55,69.9,6.6,1994.0,335.73526546999994
36.0,18.0,9,2,0.0,1.0,192.1,181.4,1551.0,2,109.0,42.56,0.425,66.4,5.0,2009.0,235.68479999999997
51.6,25.8,12,2,0.0,1.0,105.1696224,285.8,1844.0,2,125.0,36.49,0.425,66.4,9.5,2002.0,182.03543632
46.2,23.1,1,3,0.0,1.0,28.9,105.1696224,1857.0,2,97.0,45.61,0.35,64.3,3.8,2013.0,154.41447384
40.2,20.1,9,0,0.0,1.0,8.0,92.8,1664.0,2,118.0,46.3,0.4,65.7,5.3,2012.0,63.036280000000005
60.89999999999999,30.4,7,8,0.0,1.0,105.1696224,105.1696224,1911.0,2,89.0,42.79,0.25,61.5,8.4,1995.0,515.8938672999999
40.2,20.1,8,2,0.0,1.0,288.2,322.2,2118.0,2,100.0,31.64,0.2,60.1,8.2,2012.0,153.13660834
43.199999999999996,21.6,4,1,0.0,1.0,105.1696224,11.0,2061.0,2,111.0,47.34,0.35,64.3,6.8,2008.0,151.4492856
71.55,35.8,8,0,0.0,1.0,166.2,207.8,912.0,2,109.0,38.96,0.425,66.4,1.7,2005.0,146.87573166
43.199999999999996,21.6,4,1,0.0,1.0,105.1696224,105.1696224,1521.0,2,99.0,30.22,0.2,60.1,4.5,2008.0,91.92016656
43.199999999999996,21.6,1,1,0.0,1.0,190.0,125.4,1574.0,2,89.0,42.45,0.225,60.8,2.8,2009.0,165.11538384
31.159999999999997,15.6,8,0,0.0,1.0,294.6,1.2,898.0,2,95.0,27.12,0.075,56.6,3.4,2004.0,114.19503352
60.68,30.3,4,1,0.0,1.0,105.1696224,105.1696224,1840.0,2,98.0,45.01,0.325,63.6,5.1,2004.0,158.18734308
41.1,20.6,5,8,0.0,1.0,78.9,261.4,2048.0,2,94.0,45.61,0.6,71.3,8.9,2011.0,207.03333003
92.75,46.4,4,7,0.0,1.0,105.1696224,58.5,1747.0,2,124.0,40.55,0.6,71.3,3.4,2001.0,145.744018
148.8,74.4,2,6,0.0,1.0,105.1696224,239.0,2806.0,2,131.0,29.63,0.2,60.1,3.5,1999.0,221.11682976
62.699999999999996,31.4,3,1,0.0,1.0,105.1696224,197.3,1506.0,2,83.0,40.66,0.325,63.6,3.6,1994.0,106.86712982
47.7,23.8,9,0,0.0,1.0,404.7,105.1696224,1442.0,2,85.0,41.35,0.45,67.1,4.0,2005.0,306.00000288
44.7,22.4,11,2,0.0,1.0,42.9,58.8,2164.0,2,126.0,41.01,0.475,67.8,9.2,2007.0,233.68465511
47.7,23.8,1,1,0.0,1.0,72.5,79.0,1487.0,2,102.0,26.44,0.05,55.2,2.2,2005.0,149.09830998
44.7,22.4,8,2,0.0,1.0,192.6,213.5,1809.0,2,123.0,42.45,0.6,71.3,6.7,2007.0,192.60643089
40.2,20.1,4,1,0.0,1.0,104.3,105.1696224,947.0,2,92.0,32.96,0.05,53.8,2.2,2012.0,73.45786334
63.6,31.8,9,6,0.0,1.0,361.5,466.0,2488.0,2,77.0,45.57,0.55,69.9,7.8,2005.0,186.34014699
39.0,19.5,9,0,0.0,1.0,85.6,39.5,1801.0,2,121.0,48.39,0.55,69.9,5.9,2015.0,109.2335608
39.0,19.5,6,0,0.0,1.0,158.3,187.7,1526.0,2,123.0,50.34,0.575,70.6,7.7,2015.0,119.2227751
43.199999999999996,21.6,3,3,0.0,1.0,1015.9,105.1696224,1833.0,2,99.0,45.97,0.3,62.9,5.9,2009.0,130.76768447999999
32.5,16.2,4,8,0.0,1.0,105.1696224,111.2,1032.0,2,112.0,53.03,0.6,71.3,2.9,2015.0,85.36225879999999
42.599999999999994,21.3,8,2,0.0,1.0,217.2,105.1696224,2040.0,2,107.0,39.12,0.4,65.7,7.8,2010.0,226.19436878
43.0,21.5,8,0,0.0,1.0,29.6,105.1696224,1517.0,2,104.0,30.24,0.15,58.7,5.5,2002.0,89.16940788
46.2,23.1,9,1,0.0,1.0,135.0,177.5,1591.0,2,113.0,42.06,0.525,69.2,4.7,2006.0,82.62596496
44.7,22.4,10,3,0.0,1.0,11.2,121.6,1475.0,2,113.0,42.45,0.3,62.9,5.3,2007.0,112.50389976999999
40.2,20.1,4,3,0.0,1.0,105.1696224,105.1696224,1399.0,2,95.0,51.81,0.375,65.0,4.1,2012.0,89.0913472
43.199999999999996,21.6,1,1,0.0,1.0,102.1,105.1696224,1875.0,2,84.0,29.42,0.05,45.4,4.0,2008.0,121.89143664000001
41.1,20.6,4,0,0.0,1.0,143.6,25.7,1701.0,2,111.0,41.66,0.375,65.0,5.4,2011.0,87.38144686000001
57.9,29.0,11,0,0.0,1.0,105.1696224,105.1696224,2007.0,2,95.0,30.7,0.05,46.1,8.0,1997.0,99.15734173
41.1,20.6,6,1,0.0,1.0,105.1696224,778.0,1608.0,2,98.0,36.74,0.175,59.4,8.0,2011.0,49.539713750000004
39.6,19.8,10,2,0.0,1.0,18.8,105.1696224,1776.0,2,100.0,50.06,0.2,60.1,6.8,2013.0,108.76046016000001
46.2,23.1,3,2,0.0,1.0,105.1696224,192.5,1515.0,2,108.0,27.63,0.4,65.7,4.4,2006.0,53.50278164
46.2,23.1,9,0,0.0,1.0,105.1696224,150.8,2442.0,2,125.0,27.96,0.375,65.0,8.3,2006.0,63.88051054
43.199999999999996,21.6,8,0,1.0,9.0,105.1696224,6.8,1083.0,2,79.0,48.48,0.4,65.7,3.6,2009.0,69.73641072
39.6,19.8,2,7,0.0,1.0,194.6,120.7,2037.0,2,106.0,46.76,0.35,64.3,4.9,2013.0,83.65203924000001
41.1,20.6,4,5,0.0,1.0,105.1696224,82.0,2090.0,2,63.0,36.03,0.45,67.1,7.1,2011.0,19.810200000000002
31.919999999999998,16.0,6,1,0.0,1.0,105.1696224,105.1696224,1221.0,2,85.0,33.77,0.05,48.2,6.7,2003.0,65.9694252
57.0,28.5,5,1,0.0,1.0,245.9,245.9,2550.0,2,108.0,20.51,0.325,63.6,10.0,1998.0,55.4854796
60.89999999999999,30.4,8,0,0.0,1.0,70.6,154.6,2157.0,2,106.0,22.09,0.1,57.3,7.5,1995.0,48.81743999999999
41.1,20.6,2,0,0.0,1.0,105.1696224,430.7,1951.0,2,108.0,36.57,0.2,60.1,4.5,2011.0,148.7947547
57.4,28.7,8,1,0.0,1.0,105.1696224,105.1696224,1784.0,2,111.0,23.77,0.05,55.9,6.0,2004.0,36.13712448
40.2,20.1,4,1,0.0,1.0,139.6,56.2,1526.0,2,124.0,40.29,0.175,59.4,4.7,2012.0,72.23906634000001
49.199999999999996,24.6,6,1,0.0,1.0,99.1,105.1696224,1619.0,2,104.0,16.18,0.05,54.5,7.7,2004.0,35.75249528
42.599999999999994,21.3,11,6,0.0,1.0,102.7,181.8,1763.0,2,133.0,42.81,0.475,67.8,7.6,2010.0,72.63108442
46.2,23.1,3,4,0.0,1.0,9.2,130.1,2152.0,2,87.0,33.92,0.05,53.1,7.1,2006.0,47.848124940000005
47.7,23.8,1,7,0.0,1.0,105.1696224,35.1,1740.0,2,109.0,35.77,0.25,61.5,3.3,2005.0,56.118207299999995
57.0,28.5,2,0,0.0,1.0,105.1696224,105.1696224,1451.0,2,87.0,28.34,0.25,61.5,1.6,1998.0,36.4893651
49.25,24.6,7,0,0.0,1.0,105.1696224,130.5,1981.0,2,98.0,15.93,0.05,55.9,9.2,1996.0,33.87066507
42.599999999999994,21.3,11,2,0.0,1.0,357.3,155.4,1948.0,2,112.0,36.67,0.4,65.7,8.4,2010.0,146.00441136
44.7,22.4,2,7,0.0,1.0,105.1696224,168.4,1876.0,2,108.0,34.61,0.175,59.4,4.0,2007.0,25.22701716
55.650000000000006,27.8,2,2,0.0,1.0,69.6,101.4,2017.0,2,126.0,31.48,0.45,67.1,4.1,2005.0,40.10654478
65.6,32.8,4,1,0.0,1.0,105.1696224,178.0,1761.0,2,98.0,33.07,0.125,58.0,4.6,2004.0,42.89548084
43.199999999999996,21.6,9,7,0.0,1.0,105.7,116.2,1307.0,2,130.0,29.52,0.325,63.6,3.6,2008.0,44.85359232
47.7,23.8,8,0,0.0,1.0,105.1696224,27.2,1373.0,2,97.0,29.57,0.05,55.2,4.7,2005.0,23.862705690000002
50.4,25.2,6,1,0.0,1.0,287.9,73.7,1132.0,2,96.0,20.13,0.05,54.5,5.5,2003.0,25.81974696
49.199999999999996,24.6,9,2,0.0,1.0,105.1696224,302.7,1775.0,2,114.0,27.99,0.425,66.4,5.4,2004.0,21.32206148
23.290000000000003,11.6,8,3,0.0,1.0,16.8,105.1696224,1404.0,2,106.0,35.5,0.25,61.5,5.9,2011.0,34.14346469
47.7,23.8,12,2,0.0,1.0,186.4,117.3,1523.0,2,135.0,36.01,0.35,64.3,8.3,2005.0,48.55226067
41.0,20.5,4,2,0.0,1.0,105.1696224,3.5,576.0,2,102.0,30.87,0.05,52.4,1.0,2004.0,49.38775868
41.1,20.6,4,1,1.0,2.0,105.1696224,55.8,1174.0,2,86.0,29.51,0.05,53.1,3.1,2011.0,18.52490573
47.7,23.8,9,2,0.0,1.0,169.4,217.9,2069.0,2,108.0,23.94,0.425,66.4,6.7,2005.0,29.60307156
43.199999999999996,21.6,10,0,0.0,1.0,94.3,38.3,1399.0,2,123.0,43.71,0.325,63.6,5.0,2009.0,92.66775408000001
42.599999999999994,21.3,10,1,0.0,1.0,105.1696224,122.4,1752.0,2,134.0,21.41,0.55,69.9,6.5,2010.0,12.005107419999998
39.6,19.8,9,7,0.0,1.0,117.0,201.2,1109.0,2,91.0,38.12,0.125,58.0,2.9,2013.0,82.65397272000001
52.5,26.2,1,0,0.0,1.0,110.2,31.8,2229.0,2,108.0,26.84,0.2,60.1,5.2,2001.0,31.842317499999996
46.2,23.1,12,2,0.0,1.0,515.9,593.0,1612.0,2,92.0,26.87,0.325,63.6,8.8,2006.0,54.02049114
44.7,22.4,9,0,0.0,1.0,105.1696224,319.7,1749.0,2,160.0,43.18,0.5,68.5,5.4,2007.0,21.92057157
41.1,20.6,9,0,0.0,1.0,261.2,231.6,2425.0,2,129.0,31.9,0.35,64.3,8.5,2011.0,3.46322848
24.32,12.2,7,0,0.0,1.0,775.1,197.9,1974.0,2,83.0,50.5,0.15,58.7,10.0,2016.0,180.16334976
37.7,18.8,5,1,1.0,2.0,105.1696224,154.6,1470.0,2,115.0,51.4,0.45,67.1,6.5,2015.0,373.7580522
44.52,22.3,9,2,0.0,1.0,119.1,122.2,1438.0,2,136.0,43.19,0.575,70.6,4.1,2005.0,296.43782397
54.0,27.0,4,1,0.0,1.0,105.1696224,42.2,1626.0,2,127.0,26.48,0.225,60.8,4.5,2000.0,66.6648072
51.6,25.8,12,1,0.0,1.0,105.1696224,105.1696224,1894.0,2,113.0,35.44,0.4,65.7,9.8,2002.0,56.7837446
49.88,24.9,8,1,0.0,1.0,89.4,105.1696224,1662.0,2,100.0,27.56,0.05,54.5,5.8,2002.0,29.1199182
37.12,18.6,4,1,0.0,1.0,130.7,130.7,1433.0,2,91.0,36.85,0.125,58.0,4.4,2016.0,100.65440896
19.68,9.8,11,2,0.0,1.0,105.1696224,105.1696224,1910.0,2,87.0,31.37,0.05,53.8,9.2,2004.0,40.72061615999999
46.11,23.1,3,2,0.0,1.0,105.1696224,206.5,1621.0,2,103.0,38.74,0.45,67.1,4.8,2005.0,33.590697750000004
61.60000000000001,30.8,11,5,0.0,1.0,105.1696224,105.1696224,2621.0,2,90.0,54.52,0.6,71.3,10.0,1992.0,1108.9104818
36.4,18.2,8,2,0.0,1.0,157.8,105.1696224,1596.0,2,147.0,49.67,0.675,73.4,6.1,2015.0,262.12548830000003
57.0,28.5,11,5,1.0,2.0,105.1696224,105.1696224,2395.0,2,79.0,26.34,0.175,59.4,9.7,1998.0,190.93419769999997
105.0,52.5,4,7,0.0,1.0,105.1696224,99.1,2375.0,2,104.0,37.23,0.275,62.2,5.5,2001.0,184.06248175000002
37.12,18.6,5,1,0.0,1.0,89.0,200.2,1908.0,2,110.0,36.09,0.4,65.7,8.4,2016.0,62.59577984
48.72,24.4,9,0,0.0,1.0,184.6,140.3,1434.0,2,102.0,40.22,0.3,62.9,3.9,2003.0,164.95177776
40.32,20.2,2,1,0.0,1.0,105.1696224,105.1696224,1304.0,2,99.0,39.06,0.35,64.3,1.7,2008.0,133.02853488
36.4,18.2,12,1,0.0,1.0,211.0,456.9,1725.0,2,130.0,48.83,0.575,70.6,9.7,2015.0,173.35045780000002
45.919999999999995,23.0,2,2,0.0,1.0,105.1696224,51.3,2005.0,2,135.0,25.73,0.5,68.5,4.5,2004.0,105.69096111999998
45.919999999999995,23.0,3,8,0.0,1.0,105.1696224,52.9,1673.0,2,101.0,45.82,0.45,67.1,5.1,2004.0,167.86446483999998
61.25,30.6,1,1,0.0,1.0,105.1696224,189.2,1362.0,2,103.0,33.23,0.125,58.0,1.1,2001.0,165.77492575
39.6,19.8,9,5,0.0,1.0,105.1696224,105.1696224,1120.0,2,115.0,33.06,0.375,65.0,3.0,2013.0,22.621238639999998
36.75,18.4,10,1,0.0,1.0,16.8,105.1696224,1068.0,2,110.0,38.69,0.6,71.3,3.9,2001.0,125.0221875
50.4,25.2,4,7,0.0,1.0,86.6,77.9,1085.0,2,90.0,46.18,0.525,69.2,2.3,2003.0,151.63602047999998
36.96,18.5,10,1,0.0,1.0,326.4,193.0,1608.0,2,105.0,40.43,0.35,64.3,6.2,2013.0,177.41123399999998
49.0,24.5,10,1,0.0,1.0,18.2,58.6,2084.0,2,90.0,32.91,0.4,65.7,7.7,2001.0,135.653532
56.42999999999999,28.2,9,7,0.0,1.0,105.1696224,68.3,1760.0,2,99.0,31.93,0.125,58.0,5.0,1994.0,212.44135429
49.0,24.5,9,1,0.0,1.0,202.6,186.4,899.0,2,89.0,43.99,0.275,62.2,1.6,2001.0,106.36671675
36.96,18.5,2,6,0.0,1.0,110.9,79.6,1503.0,2,115.0,43.88,0.475,67.8,2.7,2013.0,128.8242648
59.92,30.0,7,1,0.0,1.0,105.1696224,105.1696224,1742.0,2,96.0,35.74,0.35,64.3,7.8,1993.0,84.56148582
41.72,20.9,7,1,0.0,1.0,42.3,527.7,2351.0,2,104.0,33.85,0.275,62.2,10.0,2007.0,137.9755645
39.76,19.9,3,0,0.0,1.0,110.7,105.1696224,1088.0,2,117.0,45.96,0.525,69.2,2.8,2010.0,136.58824226
38.36,19.2,8,0,0.0,1.0,147.4,288.9,1447.0,2,83.0,39.12,0.15,58.7,5.4,2011.0,55.549992800000005
50.4,25.2,12,7,0.0,1.0,105.1696224,105.1696224,2301.0,2,99.0,24.58,0.05,51.7,10.0,2000.0,59.4006066
36.4,18.2,10,5,0.0,1.0,29.0,329.8,1721.0,2,81.0,37.7,0.275,62.2,6.7,2014.0,130.8503937
44.52,22.3,9,2,0.0,1.0,105.1696224,411.5,1842.0,2,135.0,43.52,0.675,73.4,5.8,2005.0,192.62523573
56.839999999999996,28.4,4,0,0.0,1.0,105.1696224,687.7,1809.0,2,139.0,29.52,0.375,65.0,5.2,1995.0,64.14172932999999
36.4,18.2,2,0,0.0,1.0,344.6,102.7,1679.0,2,113.0,45.03,0.25,61.5,3.5,2014.0,68.3773987
31.29,15.6,5,2,0.0,1.0,105.1696224,209.3,1785.0,2,117.0,32.9,0.375,65.0,8.2,2007.0,81.84106014000001
62.76619475,31.4,12,9,0.0,1.0,105.1696224,105.1696224,1544.0,2,98.0,18.7,0.5,68.5,7.8,2001.0,35.379889999999996
43.120000000000005,21.6,5,1,0.0,1.0,192.8,121.6,1939.0,2,103.0,37.66,0.2,60.1,8.3,2006.0,58.76625370000001
52.080000000000005,26.0,10,2,0.0,1.0,354.5,105.1696224,1240.0,2,119.0,20.32,0.25,61.5,3.9,1999.0,16.53194598
39.76,19.9,1,0,0.0,1.0,308.1,105.1696224,1713.0,2,94.0,33.0,0.125,58.0,3.5,2010.0,64.23589106
54.04,27.0,7,0,0.0,1.0,105.1696224,105.1696224,1803.0,2,86.0,12.22,0.125,58.0,8.3,1997.0,16.105958079999997
49.0,24.5,8,0,0.0,1.0,57.4,230.1,1474.0,2,98.0,31.79,0.05,53.1,5.1,2001.0,24.518956000000003
36.4,18.2,9,1,0.0,1.0,58.3,632.4,1556.0,2,108.0,31.6,0.2,60.1,5.0,2015.0,9.102939300000001
35.84,17.9,2,6,0.0,1.0,91.0,706.6,1341.0,2,108.0,40.57,0.125,58.0,2.1,2016.0,20.95913984
54.04,27.0,12,2,0.0,1.0,207.4,105.1696224,1365.0,2,134.0,25.01,0.45,67.1,7.4,1997.0,10.97164277
38.879999999999995,19.4,10,1,1.0,1.0,105.1696224,105.1696224,1465.0,2,110.0,34.54,0.3,62.9,5.5,2008.0,24.89227056
36.96,18.5,7,0,0.0,2.0,38.0,136.6,1183.0,2,103.0,44.65,0.325,63.6,6.3,2013.0,80.12400000000001
36.96,18.5,9,0,0.0,1.0,105.1696224,136.9,1683.0,2,145.0,23.37,0.15,58.7,5.5,2006.0,35.91580916
36.4,18.2,4,0,0.0,1.0,105.1696224,140.1,1161.0,2,90.0,39.34,0.175,59.4,3.3,2014.0,89.5658777
44.7,22.4,6,1,0.0,1.0,174.0,105.1696224,1896.0,2,129.0,37.9,0.3,62.9,9.1,2007.0,326.42401182
43.199999999999996,21.6,6,2,0.0,1.0,182.7,406.2,1218.0,2,109.0,38.67,0.525,69.2,6.2,2009.0,137.82942
50.4,25.2,2,1,0.0,1.0,67.9,264.4,1506.0,2,114.0,23.77,0.175,59.4,2.2,2008.0,62.857130399999996
23.1,11.6,12,2,0.0,1.0,105.1696224,105.1696224,1212.0,2,92.0,31.3,0.475,67.8,8.1,2006.0,76.18365216000001
40.975,20.5,9,2,0.0,1.0,15.7,105.1696224,2074.0,2,120.0,31.44,0.3,62.9,7.0,2007.0,36.8755183
61.29,30.6,12,4,0.0,1.0,105.1696224,105.1696224,1929.0,2,113.0,34.13,0.425,66.4,9.5,1991.0,219.96300000000002
52.11,26.1,10,2,0.0,1.0,1.1,105.1696224,1647.0,2,115.0,35.9,0.3,62.9,5.7,1997.0,116.81879488999999
38.879999999999995,19.4,8,0,0.0,2.0,105.1696224,105.1696224,1763.0,2,117.0,30.66,0.25,61.5,6.7,2008.0,63.867480480000005
46.44,23.2,4,2,0.0,1.0,438.0,283.3,927.0,2,101.0,40.5,0.4,65.7,1.8,2002.0,221.88
50.220000000000006,25.1,7,3,0.0,1.0,105.1696224,3.8,1687.0,2,82.0,30.48,0.125,58.0,7.9,1999.0,105.77897004
41.58,20.8,2,2,0.0,1.0,21.3,162.0,2315.0,2,110.0,43.63,0.6,71.3,6.0,2006.0,86.71567674
41.1,20.6,10,2,0.0,1.0,999.5,105.1696224,1657.0,2,130.0,34.48,0.325,63.6,6.2,2011.0,21.091269190000002
51.3,25.6,2,7,0.0,1.0,196.5,105.1696224,1737.0,2,100.0,44.36,0.55,69.9,3.1,1998.0,51.680600399999996
51.3,25.6,3,7,0.0,1.0,14.2,300.0,1905.0,2,113.0,17.0,0.225,60.8,5.8,1998.0,144.4
38.879999999999995,19.4,8,3,0.0,1.0,105.1696224,200.4,1902.0,2,109.0,38.59,0.275,62.2,7.3,2009.0,41.76
44.279999999999994,22.1,8,7,0.0,1.0,14.9,105.1696224,944.0,2,99.0,27.29,0.125,58.0,3.0,2004.0,21.32
36.99,18.5,8,5,0.0,1.0,97.3,186.5,981.0,2,89.0,33.11,0.05,50.3,3.5,2011.0,117.22310470000002
34.56,17.3,5,7,0.0,1.0,1.3,147.5,1619.0,2,98.0,44.05,0.375,65.0,7.3,2016.0,119.40173312000002
44.279999999999994,22.1,5,7,0.0,1.0,195.0,105.1696224,1393.0,2,106.0,34.81,0.325,63.6,5.9,2004.0,34.684079559999994
36.0,18.0,10,1,0.0,1.0,131.4,273.6,2019.0,2,104.0,26.78,0.05,55.9,8.0,2008.0,9.60972768
37.44,18.7,1,0,0.0,1.0,230.7,105.1696224,1464.0,2,91.0,41.68,0.05,55.9,2.5,2009.0,263.94210863999996
43.68,21.8,8,1,0.0,1.0,18.2,64.8,960.0,2,97.0,38.79,0.25,61.5,3.1,2003.0,185.18695776
41.34,20.7,8,1,0.0,1.0,105.1696224,105.1696224,1170.0,2,116.0,44.11,0.3,62.9,4.1,2005.0,174.02428683
47.5,23.8,12,6,0.0,1.0,105.1696224,105.1696224,713.0,2,122.0,41.88,0.45,67.1,4.9,1998.0,549.7038086
36.4,18.2,9,7,0.0,1.0,105.1696224,216.3,1482.0,2,113.0,49.59,0.3,62.9,4.6,2014.0,69.13608
35.550000000000004,17.8,12,1,0.0,1.0,105.1696224,619.3,1490.0,2,111.0,22.3,0.2,60.1,8.7,1990.0,478.63972056
38.879999999999995,19.4,8,0,0.0,1.0,105.1696224,326.4,1440.0,2,111.0,45.09,0.4,65.7,5.4,2008.0,146.33977392
49.4,24.7,7,2,0.0,1.0,105.1696224,105.1696224,2072.0,2,121.0,37.62,0.45,67.1,9.6,1998.0,124.84096679999999
36.96,18.5,8,0,0.0,1.0,519.7,102.7,1989.0,2,139.0,35.99,0.5,68.5,7.8,2003.0,114.73777224000001
61.620000000000005,30.8,8,2,0.0,1.0,105.1696224,105.1696224,1757.0,2,115.0,38.68,0.325,63.6,5.7,1990.0,145.72955805
41.34,20.7,8,3,0.0,1.0,207.1,189.6,866.0,2,85.0,27.39,0.3,62.9,2.8,2005.0,92.04796677000002
43.68,21.8,1,3,0.0,2.0,105.1696224,105.1696224,1853.0,2,90.0,43.76,0.225,60.8,3.9,2003.0,151.9163604
46.800000000000004,23.4,8,0,0.0,1.0,87.8,289.1,1862.0,2,106.0,44.49,0.575,70.6,6.8,2000.0,129.3629886
36.92,18.5,1,3,0.0,1.0,105.1696224,105.1696224,1677.0,2,100.0,41.58,0.05,55.9,3.5,2010.0,96.44449436
33.0,16.5,4,7,0.0,1.0,903.9,220.5,1874.0,2,130.0,41.92,0.275,62.2,6.5,2013.0,113.75138412000001
44.72,22.4,3,0,0.0,1.0,259.8,105.1696224,1240.0,2,94.0,23.17,0.05,53.8,3.3,2002.0,66.72444676
37.44,18.7,1,2,0.0,1.0,73.8,1006.8,2277.0,2,104.0,37.67,0.45,67.1,6.0,2009.0,62.37842256
42.64,21.3,12,1,0.0,1.0,105.1696224,94.9,1291.0,2,100.0,29.74,0.05,55.9,7.6,2004.0,47.263151799999996
76.72,38.4,12,1,0.0,1.0,282.0,206.3,2229.0,2,118.0,37.21,0.175,59.4,10.0,2011.0,194.60115406
73.5,36.8,8,2,0.0,1.0,105.1696224,480.7,1344.0,2,118.0,33.14,0.2,60.1,3.5,2001.0,61.954060000000005
34.84,17.4,3,7,0.0,1.0,145.6,298.9,1223.0,2,111.0,37.89,0.275,62.2,3.6,2012.0,39.741386340000005
49.199999999999996,24.6,2,1,0.0,1.0,249.4,659.2,2223.0,2,110.0,17.54,0.05,53.1,5.3,2004.0,22.959999999999997
54.339999999999996,27.2,11,0,0.0,3.0,105.1696224,14.8,1652.0,2,99.0,26.32,0.05,51.0,6.6,1994.0,76.91199999999999
50.2941,25.1,5,0,0.0,1.0,105.1696224,10.2,1997.0,2,95.0,20.4,0.075,56.6,8.3,1996.0,39.5576394
33.800000000000004,16.9,7,4,0.0,1.0,247.9,163.8,1621.0,2,116.0,50.47,0.325,63.6,8.4,2015.0,39.680193800000005
39.75,19.9,8,2,0.0,1.0,52.7,238.6,1561.0,2,129.0,36.92,0.45,67.1,5.8,2005.0,131.12200529999998
49.199999999999996,24.6,2,2,0.0,1.0,426.3,129.7,2169.0,2,127.0,44.02,0.475,67.8,5.0,2004.0,1003.5150487999999
53.5,26.8,11,1,0.0,1.0,959.8,682.9,1652.0,2,125.0,41.55,0.5,68.5,6.6,1993.0,944.3524573000001
47.519999999999996,23.8,12,2,0.0,1.0,197.8,215.9,1052.0,2,116.0,47.36,0.7,74.1,6.3,2008.0,388.73984832
36.144,18.1,10,2,0.0,1.0,241.2,105.1696224,1280.0,2,131.0,29.25,0.275,62.2,4.8,2008.0,42.48930816
36.0,18.0,2,0,0.0,1.0,15.7,534.8,1753.0,2,93.0,52.86,0.55,69.9,3.8,2008.0,326.63601792
33.800000000000004,16.9,10,2,0.0,1.0,105.1696224,105.1696224,1676.0,2,117.0,42.64,0.55,69.9,6.6,2014.0,46.7040769
55.00000000000001,27.5,11,7,0.0,1.0,105.1696224,105.1696224,1202.0,2,129.0,39.8,0.275,62.2,4.6,1992.0,904.214828
47.080000000000005,23.5,11,2,0.0,1.0,1326.0,105.1696224,1417.0,2,195.0,55.9,0.825,77.6,5.9,1993.0,687.7223133800001
34.25,17.1,8,2,0.0,1.0,105.1696224,106.4,1339.0,2,146.0,45.19,0.7,74.1,5.1,2011.0,170.25280988000003
36.96,18.5,10,2,0.0,1.0,453.9,105.1696224,1442.0,2,128.0,36.69,0.175,59.4,5.5,2013.0,11.292610560000002
50.4,25.2,8,3,0.0,1.0,96.3,79.2,1222.0,2,97.0,39.86,0.2,60.1,3.9,2003.0,193.0468344
43.75,21.9,12,0,0.0,1.0,105.1696224,105.1696224,1418.0,2,83.0,31.44,0.15,58.7,8.1,2001.0,141.638406
36.0,18.0,1,0,0.0,1.0,105.1696224,105.1696224,1305.0,2,85.0,46.44,0.35,64.3,1.9,2008.0,245.90019744
56.75,28.4,3,4,0.0,2.0,105.1696224,105.1696224,2038.0,2,88.0,33.64,0.2,60.1,6.2,1991.0,177.06
37.25,18.6,11,7,0.0,1.0,139.5,242.3,1856.0,2,122.0,48.01,0.675,73.4,8.2,2007.0,255.684
32.5,16.2,1,0,0.0,1.0,229.9,112.7,1474.0,2,99.0,40.6,0.275,62.2,2.8,2014.0,200.1971647
43.75,21.9,4,1,0.0,1.0,105.1696224,105.1696224,1500.0,2,97.0,43.11,0.375,65.0,4.4,2001.0,493.37714125
45.0,22.5,12,1,0.0,1.0,64.2,30.4,1699.0,2,121.0,40.7,0.45,67.1,9.2,2000.0,274.5006174
75.6,37.8,7,1,0.0,1.0,17.5,279.4,1670.0,2,95.0,20.1,0.05,55.2,6.8,2003.0,209.85693455999998
33.5,16.8,12,1,0.0,1.0,117.8,105.1696224,1134.0,2,104.0,32.97,0.175,59.4,7.3,2012.0,160.49479088
34.25,17.1,1,1,0.0,1.0,395.1,243.4,1213.0,2,107.0,44.17,0.275,62.2,1.6,2011.0,202.4592028
53.5,26.8,12,0,0.0,1.0,105.1696224,105.1696224,1513.0,2,130.0,41.41,0.6,71.3,8.0,1993.0,120.92083910000001
45.0,22.5,3,0,0.0,1.0,105.1696224,105.1696224,1243.0,2,115.0,36.39,0.25,61.5,3.3,2000.0,163.86616800000002
38.5,19.2,2,3,0.0,3.0,111.6,105.1696224,1642.0,2,93.0,41.83,0.2,60.1,3.2,2006.0,181.28750331999998
33.5,16.8,4,2,0.0,1.0,90.2,89.3,1790.0,2,101.0,39.91,0.45,67.1,6.1,2012.0,133.13856492000002
89.4,44.7,2,0,0.0,1.0,105.1696224,105.1696224,1539.0,2,96.0,44.75,0.5,68.5,1.0,2007.0,205.00472387
41.0,20.5,10,2,0.0,1.0,78.6,313.1,1619.0,2,106.0,42.72,0.55,69.9,6.0,2004.0,191.49715184
33.5,16.8,1,0,0.0,1.0,54.8,480.0,1458.0,2,117.0,46.84,0.35,64.3,2.7,2012.0,103.55296354
39.75,19.9,1,3,0.0,1.0,59.2,110.3,1717.0,2,101.0,35.48,0.275,62.2,3.5,2005.0,195.0052638
42.64,21.3,7,1,0.0,1.0,105.1696224,174.5,1622.0,2,94.0,40.95,0.425,66.4,8.0,2004.0,148.54166832
59.25,29.6,9,2,0.0,1.0,105.1696224,105.1696224,1284.0,2,145.0,50.03,0.8,76.9,2.8,1990.0,111.00225378
47.04,23.5,3,0,0.0,1.0,105.1696224,91.1,1229.0,2,102.0,30.65,0.05,54.5,3.1,2003.0,98.77696752
39.75,19.9,10,8,0.0,1.0,105.1696224,105.1696224,1608.0,2,97.0,38.8,0.35,64.3,6.0,2005.0,194.75881698
33.5,16.8,1,7,0.0,1.0,105.1696224,156.1,1895.0,2,109.0,41.72,0.275,62.2,4.5,2012.0,84.554
37.25,18.6,12,2,0.0,1.0,67.5,78.8,798.0,2,158.0,43.91,0.725,74.8,5.7,2007.0,115.04097938999999
43.0,21.5,5,0,0.0,1.0,64.3,105.1696224,1751.0,2,86.0,23.5,0.125,58.0,7.5,2002.0,71.55969356
39.75,19.9,6,2,0.0,1.0,105.1696224,105.1696224,2014.0,2,119.0,34.8,0.325,63.6,9.8,2005.0,62.094366990000005
43.75,21.9,7,0,0.0,1.0,105.1696224,163.9,1584.0,2,98.0,34.64,0.35,64.3,7.8,2001.0,112.76623225
36.0,18.0,8,6,0.0,1.0,105.1696224,260.8,1753.0,2,97.0,39.48,0.15,58.7,6.8,2008.0,101.43783359999999
39.75,19.9,6,1,0.0,1.0,105.2,105.1696224,1351.0,2,105.0,22.69,0.1,57.3,6.9,2005.0,57.7986465
32.5,16.2,5,2,0.0,1.0,25.5,105.1696224,1483.0,2,124.0,34.89,0.4,65.7,6.8,2014.0,49.7999151
32.5,16.2,8,2,0.0,1.0,285.0,166.7,958.0,2,94.0,48.05,0.35,64.3,3.6,2014.0,87.0745928
28.56,14.3,8,3,0.0,2.0,103.6,105.1696224,665.0,2,104.0,35.98,0.125,58.0,2.5,2003.0,106.01247887999999
37.25,18.6,9,1,0.0,1.0,105.1696224,59.1,1902.0,2,101.0,37.48,0.125,58.0,6.4,2007.0,88.19627072
42.0,21.0,2,0,0.0,1.0,151.9,177.2,1275.0,2,101.0,31.53,0.2,60.1,1.5,2003.0,94.90245744
43.0,21.5,12,2,0.0,1.0,198.0,178.4,1471.0,2,114.0,37.07,0.5,68.5,8.3,2002.0,71.5482676
30.8,15.4,3,1,0.0,1.0,105.1696224,105.1696224,1023.0,2,105.0,29.63,0.35,64.3,2.9,2006.0,52.18930486
37.25,18.6,3,5,0.0,1.0,105.1696224,269.8,1079.0,2,90.0,40.28,0.275,62.2,2.9,2007.0,342.30715256
32.8,16.4,8,0,0.0,1.0,105.1696224,105.1696224,1467.0,2,97.0,28.62,0.05,53.8,5.7,2004.0,116.42835271999999
33.660000000000004,16.8,8,7,0.0,1.0,68.9,93.0,1281.0,2,128.0,31.46,0.25,61.5,4.9,2013.0,3.18842304
37.25,18.6,11,2,0.0,1.0,105.1696224,166.2,1705.0,2,114.0,41.03,0.525,69.2,7.6,2007.0,98.52181874
57.0,28.5,9,2,0.0,1.0,105.1696224,105.1696224,1928.0,2,124.0,32.64,0.525,69.2,5.7,1998.0,156.0862198
47.5,23.8,10,3,0.0,1.0,105.1696224,105.1696224,1787.0,2,89.0,32.77,0.125,58.0,6.5,1998.0,96.27651499999999
48.25,24.1,12,0,0.0,1.0,105.1696224,105.1696224,1766.0,2,93.0,24.79,0.05,52.4,9.4,1997.0,193.0
34.25,17.1,12,1,0.0,1.0,91.1,124.5,2095.0,2,81.0,36.2,0.1,57.3,10.0,2011.0,47.87079756000001
52.25,26.1,9,2,0.0,1.0,105.1696224,105.1696224,1349.0,2,142.0,59.11,0.875,79.0,3.4,1994.0,59.23367020999999
37.012499999999996,18.5,4,0,0.0,1.0,25.5,105.1696224,1551.0,2,92.0,23.49,0.05,52.4,4.9,2001.0,69.0176795
53.19,26.6,7,1,0.0,1.0,516.8,105.1696224,2128.0,2,113.0,34.9,0.425,66.4,9.7,1996.0,49.29616498
32.5,16.2,12,7,0.0,1.0,661.5,498.4,1968.0,2,111.0,37.95,0.175,59.4,10.0,2014.0,50.922469
33.0,16.5,12,1,0.0,1.0,105.1696224,177.2,1032.0,2,121.0,36.85,0.475,67.8,6.9,2013.0,97.92939684
39.75,19.9,3,2,0.0,1.0,105.1696224,105.1696224,1488.0,2,98.0,31.91,0.225,60.8,4.5,2005.0,43.95633069
47.7,23.8,4,1,0.0,1.0,105.1696224,153.3,2152.0,2,107.0,36.08,0.375,65.0,7.0,2005.0,68.18988321
29.44,14.7,2,1,0.0,1.0,105.1696224,105.1696224,1672.0,2,106.0,40.96,0.55,69.9,3.8,2016.0,59.075584
47.5,23.8,5,2,0.0,1.0,41.3,142.3,1743.0,2,136.0,29.03,0.425,66.4,7.3,1998.0,40.978920699999996
52.25,26.1,10,6,0.0,1.0,105.1696224,67.4,1646.0,2,97.0,27.47,0.3,62.9,5.7,1994.0,46.397999999999996
35.5,17.8,2,2,0.0,1.0,91.1,105.1696224,1421.0,2,115.0,36.19,0.4,65.7,2.4,2010.0,163.26748768
35.5,17.8,4,0,0.0,1.0,112.5,105.1696224,1656.0,2,97.0,39.05,0.3,62.9,5.4,2010.0,33.483599999999996
35.5,17.8,11,8,0.0,1.0,105.1696224,18.4,1467.0,2,99.0,32.94,0.1,57.3,6.6,2010.0,52.53029855999999
37.25,18.6,8,0,1.0,1.0,105.1696224,144.2,1558.0,2,103.0,35.89,0.25,61.5,5.9,2007.0,60.27443807
43.0,21.5,10,1,0.0,1.0,86.7,291.5,1658.0,2,95.0,33.97,0.475,67.8,6.1,2002.0,29.24
41.0,20.5,2,1,0.0,1.0,105.1696224,105.1696224,1373.0,2,93.0,39.48,0.375,65.0,2.0,2004.0,34.10682908
39.75,19.9,9,2,0.0,1.0,22.9,105.1696224,1784.0,2,120.0,25.74,0.475,67.8,5.8,2005.0,24.53557143
43.199999999999996,21.6,9,7,0.0,1.0,2.2,293.2,2652.0,2,115.0,37.42,0.1,57.3,9.4,2009.0,48.00028464
45.0,22.5,3,1,0.0,1.0,105.1696224,277.9,1028.0,2,108.0,18.59,0.05,49.6,2.3,2000.0,43.8529896
35.5,17.8,10,2,0.0,1.0,217.5,105.1696224,1668.0,2,107.0,24.96,0.05,55.9,6.5,2010.0,28.15853894
41.0,20.5,4,1,0.0,1.0,148.4,105.1696224,1344.0,2,108.0,44.5,0.325,63.6,3.9,2004.0,49.87434012
49.25,24.6,9,0,0.0,1.0,105.1696224,162.9,1895.0,2,100.0,28.9,0.05,55.9,5.9,1996.0,101.85389151
32.5,16.2,9,7,0.0,1.0,162.8,176.1,1541.0,2,131.0,42.26,0.425,66.4,5.1,2015.0,55.8648922
38.36,19.2,9,3,0.0,1.0,152.0,105.1696224,1850.0,2,91.0,26.84,0.05,53.8,6.1,2011.0,13.87324746
32.5,16.2,4,2,0.0,1.0,330.9,72.1,1936.0,2,109.0,32.63,0.375,65.0,6.8,2014.0,37.4804885
35.5,17.8,9,7,0.0,1.0,173.4,7.7,1622.0,2,122.0,27.83,0.3,62.9,5.3,2010.0,21.979896
39.75,19.9,6,2,0.0,1.0,7.7,49.9,1994.0,2,107.0,26.54,0.5,68.5,9.7,2005.0,21.32501163
32.5,16.2,8,2,0.0,1.0,105.1696224,307.2,704.0,2,120.0,29.52,0.25,61.5,2.5,2015.0,32.373539900000004
34.25,17.1,9,0,0.0,1.0,75.3,105.1696224,2099.0,2,140.0,47.62,0.675,73.4,7.4,2011.0,31.588247550000002
55.16,27.6,10,2,0.0,1.0,302.5,375.9,1883.0,2,132.0,26.78,0.425,66.4,6.6,1996.0,33.293
36.0,18.0,3,2,0.0,1.0,21.5,55.1,1937.0,2,113.0,19.32,0.275,62.2,6.6,2008.0,16.138267199999998
43.0,21.5,10,2,0.0,1.0,105.1696224,105.1696224,1203.0,2,99.0,19.04,0.05,51.7,4.2,2002.0,18.43729404
46.5,23.2,8,2,0.0,1.0,105.1696224,105.1696224,1374.0,2,100.0,25.39,0.3,62.9,4.8,1999.0,24.18
18.76,9.4,8,3,0.0,1.0,105.1696224,33.5,1439.0,2,92.0,37.46,0.2,60.1,6.2,2012.0,114.49774049999999
49.25,24.6,4,1,1.0,1.0,105.1696224,105.1696224,1687.0,2,105.0,26.3,0.075,56.6,5.0,1996.0,19.8379
34.25,17.1,9,2,0.0,1.0,48.4,96.5,1642.0,2,110.0,25.64,0.125,58.0,5.4,2011.0,14.144484170000002
38.5,19.2,10,1,0.0,1.0,122.8,192.9,1965.0,2,116.0,21.65,0.35,64.3,7.6,2006.0,18.12958994
46.08,23.0,11,0,0.0,1.0,8.0,84.7,1043.0,2,111.0,44.87,0.45,67.1,4.4,2009.0,39.7948392
50.74999999999999,25.4,3,0,0.0,1.0,79.2,105.1696224,2048.0,2,98.0,26.61,0.125,58.0,6.5,1995.0,8.250924849999999
36.0,18.0,5,2,0.0,1.0,91.9,70.0,1563.0,2,121.0,35.08,0.35,64.3,7.0,2008.0,28.576769759999998
39.75,19.9,10,0,0.0,1.0,16.6,105.1696224,1526.0,2,95.0,24.97,0.05,44.0,5.7,2005.0,3.8246178
34.25,17.1,9,1,0.0,1.0,116.9,1005.1,1028.0,2,80.0,36.54,0.5,68.5,2.8,2011.0,37.81620453000001
47.5,23.8,9,2,0.0,1.0,105.1696224,105.1696224,1851.0,2,117.0,18.95,0.3,62.9,5.8,1998.0,1.4771036999999998
36.0,18.0,11,1,0.0,1.0,82.8,196.2,715.0,2,114.0,18.29,0.4,65.7,3.4,2009.0,3.36408768
17.82,8.9,1,2,0.0,1.0,105.1696224,44.3,1605.0,2,124.0,41.23,0.675,73.4,4.0,2013.0,25.41775236
36.0,18.0,9,2,0.0,1.0,11.1,179.3,1038.0,2,122.0,34.91,0.25,61.5,2.8,2009.0,15.24830688
35.5,17.8,10,1,0.0,1.0,105.1696224,105.1696224,1574.0,2,154.0,33.48,0.525,69.2,6.1,2010.0,68.91468739999999
35.5,17.8,3,5,0.0,1.0,105.1696224,105.1696224,1513.0,2,85.0,22.92,0.325,63.6,4.8,2010.0,9.23
33.0,16.5,10,7,0.0,1.0,321.3,17.0,1939.0,2,117.0,43.01,0.05,54.5,7.8,2013.0,93.73232088
33.5,16.8,5,0,0.0,1.0,25.6,568.1,1472.0,2,137.0,32.98,0.125,58.0,6.7,2012.0,11.770986120000002
36.96,18.5,12,2,0.0,1.0,105.1696224,101.5,1327.0,2,102.0,41.38,0.375,65.0,8.0,2006.0,239.81054328000002
46.32,23.2,12,3,1.0,2.0,139.6,340.9,1486.0,2,120.0,43.08,0.275,62.2,8.2,1997.0,332.66117093
32.0,16.0,1,0,0.0,1.0,60.7,233.2,1966.0,2,98.0,33.52,0.1,57.3,4.9,2016.0,1.78852352
31.200000000000003,15.6,6,1,0.0,1.0,222.5,105.1696224,1700.0,2,105.0,33.45,0.35,64.3,8.8,2014.0,91.2358564
74.34,37.2,2,1,0.0,1.0,141.0,646.0,1808.0,2,98.0,38.36,0.3,62.9,2.4,2000.0,191.4689718
40.32,20.2,2,1,0.0,1.0,215.6,1.1,1520.0,2,91.0,38.96,0.4,65.7,2.6,2003.0,146.25298632000002
54.480000000000004,27.2,9,1,0.0,1.0,105.1696224,105.1696224,1196.0,2,137.0,34.1,0.55,69.9,2.6,1991.0,95.10276457
123.5,61.8,11,3,0.0,1.0,105.1696224,145.5,2571.0,2,100.0,36.98,0.05,55.2,7.6,1998.0,76.00401279999998
43.2,21.6,4,6,0.0,1.0,105.1696224,359.5,1016.0,2,115.0,22.95,0.275,62.2,2.4,2000.0,65.897991
34.56,17.3,9,1,0.0,1.0,44.2,236.4,1809.0,2,102.0,40.13,0.275,62.2,6.1,2008.0,60.63135984
34.56,17.3,10,1,0.0,1.0,105.1696224,226.7,1591.0,2,93.0,36.92,0.225,60.8,6.2,2009.0,98.97027552
27.88,13.9,1,1,0.0,1.0,248.1,105.1696224,2314.0,2,95.0,25.96,0.125,58.0,6.6,2004.0,27.84736072
44.64,22.3,7,8,0.0,1.0,105.1696224,105.1696224,1261.0,2,87.0,24.32,0.2,60.1,6.3,1999.0,30.301215360000004
43.2,21.6,4,0,0.0,1.0,105.1696224,321.6,1596.0,2,107.0,16.97,0.05,52.4,4.8,2000.0,22.270338000000002
44.64,22.3,12,1,0.0,1.0,106.1,214.0,2276.0,2,124.0,22.58,0.175,59.4,10.0,1999.0,15.68751156
32.88,16.4,9,6,0.0,1.0,1.8,409.5,1946.0,2,89.0,27.18,0.05,54.5,6.8,2011.0,41.855548150000004
34.08,17.0,8,1,0.0,1.0,105.8,105.1696224,1297.0,2,88.0,38.31,0.075,56.6,5.0,2010.0,118.12719429999999
45.599999999999994,22.8,3,5,0.0,1.0,105.1696224,105.1696224,1734.0,2,93.0,14.52,0.05,48.2,5.3,1998.0,8.6680774
59.92,30.0,9,0,0.0,1.0,105.1696224,105.1696224,1800.0,2,72.0,14.82,0.45,67.1,5.0,1993.0,1.4322506400000001
34.08,17.0,11,7,0.0,1.0,87.9,135.5,1639.0,2,98.0,39.69,0.275,62.2,7.4,2010.0,32.776050919999996
39.36,19.7,11,8,0.0,1.0,394.4,105.1696224,1349.0,2,119.0,47.08,0.8,76.9,6.0,2004.0,384.9251462
33.984,17.0,10,1,0.0,1.0,105.1696224,24.7,1509.0,2,88.0,48.79,0.55,69.9,5.9,2009.0,147.44359007999998
43.699999999999996,21.8,11,1,0.0,1.0,105.1696224,81.2,1078.0,2,90.0,38.55,0.225,60.8,4.6,1998.0,353.3841274
38.56999999999999,19.3,4,0,0.0,1.0,105.1696224,105.1696224,1633.0,2,118.0,42.62,0.375,65.0,5.2,1995.0,287.05625871999996
52.21,26.1,6,1,0.0,1.0,105.1696224,105.1696224,1880.0,2,85.0,40.13,0.4,65.7,8.7,1991.0,197.33203297000003
41.4,20.7,3,3,0.0,1.0,105.1696224,7.7,1534.0,2,98.0,44.21,0.35,64.3,4.7,2000.0,95.9441652
17.125,8.6,9,2,0.0,1.0,67.7,38.7,806.0,2,101.0,36.71,0.375,65.0,2.6,2011.0,104.11049357
41.4,20.7,2,7,0.0,1.0,105.1696224,105.1696224,1960.0,2,108.0,35.64,0.425,66.4,4.5,2000.0,95.7377862
30.360000000000003,15.2,12,6,0.0,1.0,81.0,108.6,1631.0,2,126.0,48.02,0.725,74.8,9.5,2013.0,62.50365132
40.25,20.1,10,7,0.0,1.0,43.6,3.6,1348.0,2,97.0,30.0,0.325,63.6,4.9,2001.0,64.1249665
42.78,21.4,11,2,0.0,1.0,105.1696224,162.9,1530.0,2,114.0,27.6,0.225,60.8,6.6,1999.0,34.6957239
31.51,15.8,11,0,0.0,1.0,261.5,105.1696224,990.0,2,93.0,39.66,0.15,58.7,4.7,2011.0,45.72047022
42.78,21.4,12,2,0.0,1.0,212.8,457.0,1269.0,2,102.0,24.83,0.4,65.7,7.5,1999.0,20.139737760000003
52.21,26.1,8,0,0.0,1.0,105.1696224,105.1696224,1534.0,2,98.0,31.56,0.275,62.2,5.2,1991.0,16.87682802
34.27,17.1,8,2,0.0,1.0,161.4,461.0,1973.0,2,124.0,33.77,0.4,65.7,7.8,2007.0,44.0172671
33.12,16.6,2,2,0.0,1.0,99.7,52.3,1307.0,2,86.0,22.45,0.225,60.8,2.0,2009.0,13.48736688
37.72,18.9,9,2,0.0,1.0,6.9,256.2,1801.0,2,141.0,24.37,0.125,58.0,6.0,2004.0,26.443115639999995
33.12,16.6,12,2,0.0,1.0,105.1696224,105.1696224,1343.0,2,139.0,26.2,0.375,65.0,8.2,2009.0,8.40625056
37.25,18.6,7,3,0.0,1.0,91.4,92.6,1659.0,2,104.0,43.06,0.375,65.0,8.4,2007.0,141.07260102
29.25,14.6,12,0,0.0,1.0,105.1696224,226.5,1443.0,2,112.0,37.68,0.45,67.1,8.8,2014.0,20.1760299
52.14,26.1,7,8,0.0,1.0,105.1696224,105.1696224,2027.0,2,127.0,45.13,0.475,67.8,9.3,1990.0,1196.8500000000001
43.699999999999996,21.8,7,6,0.0,1.0,283.1,105.1696224,1450.0,2,119.0,48.75,0.375,65.0,7.2,1998.0,702.7808369
45.98,23.0,11,8,0.0,1.0,105.1696224,105.1696224,1109.0,2,97.0,34.16,0.325,63.6,4.6,1994.0,396.75171613
34.4,17.2,3,2,0.0,1.0,105.1696224,120.7,1060.0,2,127.0,30.08,0.375,65.0,2.9,2002.0,130.02691224
32.78,16.4,9,1,0.0,1.0,52.2,133.4,1342.0,2,110.0,36.93,0.25,61.5,4.2,2007.0,220.34200907
48.72,24.4,5,2,0.0,1.0,350.1,327.8,1250.0,2,135.0,35.08,0.575,70.6,5.1,1995.0,369.49373251
38.5,19.2,6,0,0.0,1.0,105.1696224,121.9,1729.0,2,84.0,32.32,0.05,51.7,8.6,2001.0,148.3522985
28.6,14.3,8,2,0.0,1.0,81.7,136.1,1323.0,2,122.0,40.37,0.575,70.6,5.3,2014.0,115.5450673
44.66,22.3,7,7,0.0,1.0,105.1696224,105.1696224,2478.0,2,114.0,38.25,0.15,58.7,10.0,1995.0,224.57476895
38.5,19.2,12,2,0.0,1.0,105.1696224,186.4,977.0,2,132.0,39.58,0.55,69.9,6.4,2001.0,161.9492315
28.6,14.3,2,2,0.0,1.0,105.1696224,105.1696224,1557.0,2,138.0,27.84,0.225,60.8,3.3,2014.0,88.1400832
36.96,18.5,9,8,0.0,1.0,105.1696224,105.1696224,1175.0,2,121.0,53.0,0.4,65.7,3.3,2003.0,160.79020776
34.980000000000004,17.5,11,2,0.0,1.0,105.1696224,105.1696224,1377.0,2,108.0,35.15,0.275,62.2,6.3,2005.0,91.39173084000001
31.68,15.8,9,2,0.0,1.0,372.2,353.7,1566.0,2,108.0,35.19,0.25,61.5,5.2,2009.0,51.01174944
34.980000000000004,17.5,8,1,0.0,1.0,105.1696224,135.1,736.0,2,83.0,29.05,0.05,52.4,2.5,2005.0,35.61624486
34.32,17.2,10,1,0.0,1.0,105.1696224,216.7,1626.0,2,105.0,41.25,0.3,62.9,6.4,2013.0,67.53661991999999
38.5,19.2,2,1,0.0,1.0,259.0,438.0,2251.0,2,90.0,31.57,0.1,57.3,5.9,2001.0,33.86524575
29.48,14.7,8,1,0.0,1.0,87.3,103.4,1336.0,2,94.0,32.02,0.25,61.5,5.3,2012.0,103.33031584000001
38.5,19.2,8,1,0.0,1.0,30.7,105.1696224,1676.0,2,104.0,37.56,0.35,64.3,6.4,2001.0,59.129281750000004
52.5,26.2,9,2,0.0,1.0,105.1696224,105.1696224,2084.0,2,106.0,28.16,0.1,57.3,6.5,2001.0,41.33431575
28.16,14.1,2,1,0.0,1.0,187.7,55.8,1424.0,2,106.0,44.27,0.175,59.4,2.8,2016.0,81.46899968
29.040000000000003,14.5,11,0,0.0,1.0,76.8,62.8,1287.0,2,100.0,43.25,0.35,64.3,6.1,2013.0,56.83774536
39.6,19.8,10,5,0.0,1.0,105.1696224,105.1696224,799.0,2,95.0,20.16,0.275,62.2,2.6,2000.0,24.4007784
47.080000000000005,23.5,4,0,1.0,2.0,105.1696224,105.1696224,1895.0,2,104.0,33.06,0.05,48.9,6.0,1993.0,22.8898894
32.5,16.2,9,7,1.0,2.0,89.6,105.1696224,1485.0,2,96.0,39.1,0.05,55.9,4.8,2015.0,94.41857100000001
32.34,16.2,9,2,0.0,1.0,309.2,105.1696224,1169.0,2,145.0,32.42,0.55,69.9,3.5,2006.0,40.33732472
34.980000000000004,17.5,11,6,0.0,1.0,105.1696224,105.1696224,1594.0,2,116.0,32.47,0.55,69.9,7.2,2005.0,28.15755645
2.68,1.3,8,0,0.0,1.0,105.1696224,45.8,1023.0,2,100.0,34.46,0.125,58.0,5.1,2012.0,19.296000000000003
28.6,14.3,9,7,0.0,1.0,105.1696224,72.7,1301.0,2,92.0,46.89,0.3,62.9,4.2,2014.0,20.0813002
31.24,15.6,10,2,0.0,1.0,105.1696224,105.1696224,1725.0,2,105.0,31.18,0.05,55.9,6.9,2010.0,13.461199559999999
29.040000000000003,14.5,12,7,0.0,1.0,56.8,774.8,1022.0,2,116.0,40.91,0.375,65.0,7.0,2013.0,20.328000000000003
37.25,18.6,9,2,0.0,1.0,105.1696224,283.8,1939.0,2,119.0,35.93,0.375,65.0,6.6,2007.0,138.55783415
29.040000000000003,14.5,7,5,0.0,1.0,48.9,105.1696224,1001.0,2,106.0,33.17,0.25,61.5,5.9,2013.0,31.68
22.78,11.4,4,6,0.0,1.0,116.1,184.4,1196.0,2,111.0,33.28,0.15,58.7,4.0,2012.0,98.14814054000001
44.940000000000005,22.5,3,0,0.0,3.0,105.1696224,177.1,2322.0,2,96.0,29.0,0.05,55.2,7.9,1993.0,89.88000000000001
56.0,28.0,9,1,0.0,1.0,22.3,424.7,2155.0,2,106.0,22.8,0.325,63.6,6.7,2001.0,70.38977575
28.14,14.1,9,2,0.0,1.0,120.9,258.2,1516.0,2,122.0,50.02,0.475,67.8,5.1,2012.0,275.68987676
31.29,15.6,1,7,0.0,1.0,24.5,21.5,1184.0,2,123.0,35.17,0.625,72.0,1.6,2007.0,61.34446816
36.12,18.1,10,0,0.0,1.0,105.1696224,150.4,1376.0,2,92.0,42.81,0.4,65.7,5.2,2002.0,75.55776304
28.799999999999997,14.4,3,2,0.0,1.0,16.0,105.1696224,1514.0,2,115.0,39.64,0.35,64.3,5.1,2008.0,59.943500639999996
39.06,19.5,3,3,1.0,2.0,105.1696224,105.1696224,1604.0,2,104.0,21.06,0.05,55.2,5.1,1999.0,33.038631300000006
24.48,12.2,6,2,0.0,1.0,309.1,105.1696224,1413.0,2,98.0,28.92,0.425,66.4,7.9,2009.0,21.45516048
30.24,15.1,8,2,0.0,1.0,105.1696224,104.4,1492.0,2,120.0,23.03,0.2,60.1,6.0,2008.0,25.344
36.12,18.1,9,6,0.0,1.0,481.0,2.2,1486.0,2,117.0,27.61,0.375,65.0,4.7,2002.0,17.219005999999997
28.770000000000003,14.4,2,2,0.0,1.0,105.1696224,410.6,983.0,2,91.0,32.37,0.325,63.6,1.0,2011.0,1.3300179200000002
27.900000000000002,14.0,4,0,0.0,1.0,105.1696224,105.1696224,1298.0,2,97.0,37.59,0.425,66.4,4.2,1999.0,5.31348432
39.6,19.8,11,1,0.0,1.0,1129.7,1129.7,1916.0,2,120.0,52.95,0.325,63.6,8.4,1992.0,789.7816982000002
58.52,29.3,8,3,0.0,1.0,105.1696224,105.1696224,1306.0,2,90.0,28.4,0.05,54.5,3.9,2006.0,46.0578349
33.6,16.8,3,1,0.0,1.0,118.3,83.2,1470.0,2,105.0,26.83,0.1,57.3,4.7,2003.0,222.89467535999998
43.13,21.6,2,7,0.0,1.0,105.1696224,105.1696224,1344.0,2,119.0,35.44,0.775,76.2,1.8,1991.0,619.1264329400001
44.0,22.0,2,2,0.0,1.0,105.1696224,105.1696224,1679.0,2,94.0,37.53,0.375,65.0,3.2,1992.0,267.7341106
28.4,14.2,10,1,0.0,1.0,111.3,132.9,1348.0,2,94.0,37.09,0.35,64.3,5.4,2010.0,166.45846482
28.799999999999997,14.4,10,0,0.0,1.0,393.6,101.0,2005.0,2,91.0,31.01,0.05,53.8,8.2,2008.0,214.96551264000001
17.16,8.6,7,3,1.0,1.0,111.2,74.5,1549.0,2,112.0,47.18,0.6,71.3,8.8,2013.0,419.76018612
50.88,25.4,1,0,0.0,1.0,358.9,89.2,1250.0,2,95.0,32.16,0.05,55.9,1.0,2005.0,155.69067417
26.0,13.0,7,1,0.0,1.0,105.1696224,105.1696224,1695.0,2,97.0,37.45,0.05,54.5,9.0,2014.0,130.6830616
58.8,29.4,10,1,0.0,1.0,57.6,105.1696224,1517.0,2,108.0,45.43,0.425,66.4,4.8,2003.0,220.55535432
36.54,18.3,8,0,0.0,1.0,105.1696224,45.9,1363.0,2,101.0,34.33,0.1,57.3,5.1,1995.0,248.0577176
60.68,30.3,6,1,0.0,1.0,154.3,105.1696224,1917.0,2,109.0,40.69,0.325,63.6,8.5,2004.0,185.461819
27.400000000000002,13.7,9,1,0.0,1.0,180.8,146.1,1302.0,2,115.0,44.82,0.425,66.4,4.3,2011.0,242.82316345000004
26.400000000000002,13.2,10,2,0.0,1.0,24.2,105.1696224,1776.0,2,134.0,54.89,0.725,74.8,7.3,2013.0,246.84
34.4,17.2,12,2,0.0,1.0,105.1696224,105.1696224,1273.0,2,118.0,20.99,0.3,62.9,7.8,2002.0,99.0521942
28.4,14.2,4,1,0.0,1.0,85.2,85.2,1267.0,2,121.0,16.59,0.275,62.2,4.1,2010.0,85.30308631999999
47.400000000000006,23.7,12,8,0.0,1.0,105.1696224,105.1696224,1444.0,2,105.0,46.58,0.625,72.0,8.0,1990.0,125.61
25.6,12.8,6,2,0.0,1.0,105.1696224,105.1696224,1258.0,2,110.0,47.9,0.65,72.7,7.2,2016.0,266.169696
25.6,12.8,7,1,0.0,1.0,63.4,239.2,1841.0,2,100.0,45.28,0.325,63.6,9.6,2016.0,235.43817472
30.8,15.4,2,1,0.0,1.0,105.1696224,105.1696224,1728.0,2,83.0,28.88,0.05,44.7,3.9,2006.0,74.76457604
34.4,17.2,2,0,0.0,1.0,105.1696224,105.1696224,2142.0,2,72.0,33.52,0.275,62.2,5.6,2002.0,188.96381304000002
26.0,13.0,12,2,0.0,1.0,105.1696224,105.1696224,2254.0,2,127.0,40.82,0.6,71.3,10.0,2014.0,86.8242804
33.6,16.8,2,5,1.0,2.0,105.1696224,849.5,1175.0,2,72.0,36.43,0.15,58.7,1.5,2003.0,227.9424
31.8,15.9,2,7,0.0,1.0,34.9,105.1696224,1543.0,2,89.0,30.43,0.05,51.7,3.1,2005.0,106.83664581000001
29.8,14.9,2,7,0.0,1.0,105.1696224,160.8,1086.0,2,96.0,37.65,0.2,60.1,1.2,2007.0,125.37877968000001
54.0,27.0,2,5,0.0,1.0,105.1696224,105.1696224,1468.0,2,77.0,28.59,0.325,63.6,1.8,2000.0,81.9981594
28.799999999999997,14.4,7,3,0.0,1.0,109.3,105.1696224,1267.0,2,123.0,40.93,0.425,66.4,7.1,2009.0,59.89860144
26.0,13.0,6,0,0.0,1.0,150.1,105.1696224,1090.0,2,111.0,32.61,0.45,67.1,6.4,2015.0,57.1574315
29.8,14.9,1,0,0.0,1.0,74.8,31.0,1130.0,2,86.0,23.46,0.05,41.9,1.4,2007.0,129.42969036
26.0,13.0,11,2,0.0,1.0,105.1696224,83.8,1410.0,2,128.0,45.0,0.7,74.1,6.8,2015.0,114.8504149
28.799999999999997,14.4,9,2,0.0,1.0,105.1696224,124.6,1062.0,2,110.0,36.81,0.225,60.8,3.2,2008.0,39.80164032
30.8,15.4,10,3,0.0,2.0,300.9,150.1,1803.0,2,102.0,32.42,0.05,55.9,7.3,2006.0,60.281512060000004
38.0,19.0,8,1,0.0,1.0,105.1696224,105.1696224,1259.0,2,124.0,13.2,0.25,61.5,4.6,1998.0,71.577465
30.8,15.4,10,1,0.0,1.0,208.2,239.8,2491.0,2,115.0,30.02,0.2,60.1,10.0,2006.0,63.50597792
28.4,14.2,8,7,0.0,1.0,105.1696224,139.4,1326.0,2,104.0,35.73,0.2,60.1,5.3,2010.0,92.95934008
38.6,19.3,3,2,0.0,1.0,105.1696224,105.1696224,1611.0,2,127.0,24.84,0.5,68.5,5.1,1997.0,115.8
28.4,14.2,8,3,0.0,1.0,86.6,105.1696224,1031.0,2,82.0,34.79,0.05,48.9,4.1,2010.0,114.37796972
38.5,19.2,9,2,0.0,1.0,69.6,328.8,2182.0,2,143.0,39.45,0.475,67.8,7.6,2006.0,208.40848028000002
25.740000000000002,12.9,9,2,0.0,1.0,432.8,81.6,1849.0,2,103.0,36.71,0.375,65.0,6.7,2014.0,53.685216000000004
28.799999999999997,14.4,11,2,0.0,1.0,105.1696224,519.6,1592.0,2,104.0,37.08,0.5,68.5,7.4,2008.0,73.30641696
52.48,26.2,10,2,0.0,1.0,105.1696224,105.1696224,1253.0,2,98.0,39.77,0.4,65.7,4.0,2004.0,83.48817207999998
26.400000000000002,13.2,1,3,1.0,2.0,98.1,105.1696224,1538.0,2,92.0,39.77,0.075,56.6,3.3,2013.0,62.359367400000004
26.400000000000002,13.2,4,1,1.0,2.0,66.2,105.1696224,1071.0,2,86.0,43.59,0.05,51.7,3.3,2013.0,103.45994208
28.799999999999997,14.4,11,2,0.0,1.0,207.8,145.6,2000.0,2,128.0,41.55,0.525,69.2,9.2,2008.0,78.60468096
25.6,12.8,2,0,0.0,1.0,517.5,105.1696224,1739.0,2,107.0,34.46,0.175,59.4,4.2,2016.0,58.96904704
60.199999999999996,30.1,10,3,0.0,1.0,105.1696224,105.1696224,1835.0,2,91.0,40.29,0.075,56.6,6.1,2002.0,117.56180048
26.03,13.0,11,1,1.0,2.0,105.1696224,105.1696224,608.0,2,108.0,35.32,0.25,61.5,3.3,2011.0,48.48048044
38.0,19.0,3,7,0.0,1.0,105.1696224,105.1696224,1236.0,2,108.0,39.12,0.325,63.6,3.5,1998.0,127.67999999999999
28.4,14.2,4,2,0.0,1.0,329.2,171.8,1725.0,2,113.0,33.16,0.325,63.6,6.0,2010.0,64.80364256
54.0,27.0,3,1,0.0,1.0,24.4,45.5,2165.0,2,113.0,38.62,0.5,68.5,6.8,2000.0,84.827331
28.799999999999997,14.4,2,7,0.0,1.0,212.1,106.9,1876.0,2,112.0,41.36,0.4,65.7,4.7,2008.0,93.34482623999999
32.8,16.4,3,4,0.0,1.0,105.1696224,371.5,971.0,2,108.0,48.62,0.725,74.8,2.6,2004.0,118.50332664
28.4,14.2,9,1,0.0,1.0,141.9,46.1,1590.0,2,105.0,36.51,0.25,61.5,5.5,2010.0,45.44745216
28.799999999999997,14.4,4,0,0.0,1.0,9.5,442.8,1843.0,2,109.0,35.75,0.325,63.6,6.5,2008.0,94.42061136
26.400000000000002,13.2,7,1,0.0,1.0,79.0,72.8,884.0,2,109.0,48.51,0.425,66.4,5.5,2013.0,60.83785884
28.799999999999997,14.4,1,8,0.0,1.0,105.1696224,39.3,1485.0,2,98.0,40.42,0.25,61.5,3.0,2009.0,74.03970815999999
28.4,14.2,3,1,0.0,1.0,105.1696224,105.1696224,1580.0,2,104.0,34.12,0.225,60.8,5.4,2010.0,70.68721375999999
27.400000000000002,13.7,7,0,0.0,1.0,105.1696224,105.1696224,1369.0,2,109.0,34.84,0.25,61.5,7.5,2011.0,23.87225
13.86,6.9,3,3,0.0,1.0,105.1696224,105.1696224,690.0,2,100.0,20.11,0.075,56.6,2.2,2006.0,41.7418463
28.4,14.2,9,5,0.0,1.0,105.1696224,105.1696224,1370.0,2,88.0,31.05,0.075,56.6,4.5,2010.0,55.80599999999999
30.8,15.4,9,0,0.0,1.0,114.3,105.1696224,1393.0,2,97.0,33.86,0.05,55.9,4.5,2006.0,57.900105339999996
57.599999999999994,28.8,8,1,0.0,1.0,179.2,105.1696224,1724.0,2,89.0,19.55,0.05,55.2,5.8,2009.0,41.72041152
40.599999999999994,20.3,5,8,0.0,1.0,105.1696224,105.1696224,1409.0,2,106.0,31.06,0.425,66.4,6.2,1995.0,43.20756342
25.6,12.8,7,7,0.0,1.0,236.6,70.3,1301.0,2,96.0,49.89,0.525,69.2,7.3,2016.0,107.14535680000002
28.799999999999997,14.4,9,2,0.0,1.0,105.1696224,103.3,1474.0,2,115.0,34.05,0.325,63.6,4.9,2008.0,29.104407359999996
28.799999999999997,14.4,9,6,0.0,1.0,42.9,73.6,1643.0,2,101.0,34.78,0.1,57.3,5.7,2008.0,52.73353152
26.0,13.0,2,2,0.0,1.0,29.2,98.0,1353.0,2,103.0,40.1,0.425,66.4,2.5,2014.0,44.301296
38.0,19.0,9,1,0.0,1.0,105.1696224,400.3,1437.0,2,114.0,29.91,0.375,65.0,4.4,1998.0,34.6814885
29.8,14.9,3,2,0.0,1.0,105.1696224,222.1,1530.0,2,124.0,37.0,0.525,69.2,5.1,2007.0,33.111238920000005
22.35,11.2,9,0,0.0,1.0,51.4,35.6,751.0,2,148.0,45.58,0.7,74.1,2.1,2007.0,83.82016158
30.8,15.4,9,1,0.0,1.0,213.7,88.4,1675.0,2,100.0,26.69,0.15,58.7,5.7,2006.0,27.42365626
26.8,13.4,10,7,0.0,1.0,105.1696224,105.1696224,1468.0,2,94.0,38.28,0.05,54.5,6.0,2012.0,70.08574664000001
37.43,18.7,1,3,0.0,1.0,51.6,105.1696224,1588.0,2,108.0,50.13,0.475,67.8,3.1,1996.0,50.898133519999995
32.8,16.4,2,0,0.0,1.0,105.1696224,105.1696224,1864.0,2,99.0,32.22,0.55,69.9,4.4,2004.0,165.4996898
29.8,14.9,10,2,0.0,1.0,117.6,105.1696224,815.0,2,128.0,29.25,0.575,70.6,3.1,2007.0,109.18131003
33.6,16.8,9,2,0.0,1.0,37.6,174.2,845.0,2,124.0,42.05,0.55,69.9,2.0,2003.0,101.51876951999999
32.8,16.4,9,0,0.0,1.0,105.1696224,105.1696224,1624.0,2,84.0,27.81,0.2,60.1,5.4,2004.0,27.233451319999997
33.6,16.8,1,1,0.0,1.0,105.1696224,4.3,1534.0,2,101.0,22.64,0.075,56.6,3.0,2003.0,29.286033839999998
28.799999999999997,14.4,9,9,0.0,1.0,97.7,48.9,1548.0,2,120.0,29.31,0.5,68.5,5.3,2009.0,25.10857296
25.35,12.7,10,7,0.0,1.0,4.9,246.8,1292.0,2,111.0,33.28,0.3,62.9,5.3,2015.0,45.311487
36.0,18.0,8,0,0.0,1.0,108.7,105.1696224,1793.0,2,87.0,34.17,0.05,40.5,7.0,2008.0,20.31736896
28.799999999999997,14.4,12,0,0.0,1.0,105.1696224,112.5,1814.0,2,88.0,33.43,0.125,58.0,10.0,2009.0,33.036798239999996
38.6,19.3,11,1,0.0,1.0,105.1696224,151.7,1755.0,2,97.0,24.01,0.375,65.0,7.7,1997.0,26.63738715
27.400000000000002,13.7,9,1,0.0,1.0,105.1696224,247.6,1383.0,2,106.0,36.08,0.3,62.9,4.6,2011.0,41.68375152
26.8,13.4,4,0,0.0,1.0,105.1696224,97.4,730.0,2,95.0,43.08,0.2,60.1,1.8,2012.0,43.15340020000001
28.799999999999997,14.4,4,0,1.0,2.0,66.1,95.3,1757.0,2,96.0,43.18,0.225,60.8,6.2,2009.0,49.76723088
30.8,15.4,10,2,0.0,1.0,105.1696224,105.1696224,1936.0,2,123.0,17.99,0.275,62.2,7.8,2006.0,20.62240796
51.6,25.8,11,2,0.0,1.0,338.1,105.1696224,1942.0,2,101.0,21.77,0.35,64.3,8.0,2002.0,47.59949328
31.8,15.9,10,1,0.0,1.0,679.6,181.4,1210.0,2,101.0,32.52,0.25,61.5,4.7,2005.0,19.84761225
34.4,17.2,8,0,0.0,1.0,26.7,160.5,1780.0,2,96.0,34.84,0.275,62.2,7.0,2002.0,21.32564016
28.799999999999997,14.4,3,0,0.0,1.0,90.7,34.1,1789.0,2,108.0,33.76,0.175,59.4,6.3,2009.0,24.88366944
28.4,14.2,10,2,0.0,1.0,245.9,105.1696224,2030.0,2,116.0,36.36,0.425,66.4,8.3,2010.0,34.28677046
25.6,12.8,2,0,0.0,1.0,23.9,105.1696224,1149.0,2,115.0,40.96,0.15,58.7,1.7,2016.0,16.17830016
38.6,19.3,8,1,0.0,1.0,105.1696224,105.1696224,1507.0,2,96.0,30.17,0.575,70.6,5.7,1997.0,20.62560313
26.0,13.0,10,2,0.0,1.0,97.9,276.2,1722.0,2,100.0,41.39,0.325,63.6,7.1,2015.0,47.588765900000006
29.8,14.9,8,0,0.0,1.0,170.4,165.6,1518.0,2,105.0,31.36,0.375,65.0,6.1,2007.0,25.29194391
29.8,14.9,1,0,0.0,1.0,195.5,51.1,1107.0,2,84.0,28.06,0.05,52.4,1.3,2007.0,15.40284073
32.8,16.4,4,1,0.0,1.0,297.3,634.2,1673.0,2,98.0,23.53,0.35,64.3,5.6,2004.0,18.59926624
26.0,13.0,12,1,0.0,1.0,71.1,96.6,1663.0,2,148.0,46.14,0.375,65.0,9.9,2014.0,14.4442675
26.400000000000002,13.2,9,2,0.0,1.0,105.1696224,105.1696224,1495.0,2,110.0,26.68,0.225,60.8,5.1,2013.0,21.84530964
28.799999999999997,14.4,10,1,0.0,1.0,280.9,105.1696224,1565.0,2,83.0,15.39,0.05,48.2,6.3,2008.0,10.08
15.84,7.9,9,0,0.0,1.0,70.2,44.5,1268.0,2,107.0,40.84,0.075,56.6,4.6,2013.0,19.81077252
26.0,13.0,4,1,0.0,1.0,105.1696224,105.1696224,1977.0,2,106.0,30.99,0.5,68.5,7.2,2015.0,8.3464147
20.55,10.3,9,2,0.0,1.0,61.3,208.3,1090.0,2,99.0,40.04,0.3,62.9,3.6,2011.0,37.62299617
13.398,6.7,5,5,0.0,1.0,83.9,600.5,1128.0,2,100.0,39.59,0.45,67.1,6.1,2006.0,11.79627372
31.8,15.9,1,0,0.0,1.0,105.1696224,26.3,1522.0,2,96.0,27.98,0.05,41.2,3.0,2005.0,16.60406472
28.799999999999997,14.4,8,1,0.0,1.0,105.1696224,105.1696224,1796.0,2,111.0,25.98,0.1,57.3,7.3,2009.0,7.5038227200000005
26.0,13.0,12,7,0.0,1.0,17.4,43.5,936.0,2,125.0,43.85,0.375,65.0,6.8,2014.0,15.609191000000001
29.8,14.9,10,2,0.0,1.0,49.9,76.0,1039.0,2,135.0,31.7,0.4,65.7,4.0,2007.0,5.961670290000001
26.8,13.4,4,0,0.0,1.0,105.1696224,105.1696224,755.0,2,93.0,33.37,0.05,53.1,1.9,2012.0,22.59720122
28.799999999999997,14.4,9,0,0.0,1.0,105.1696224,105.1696224,1499.0,2,114.0,29.01,0.45,67.1,5.0,2008.0,7.964300159999999
51.144999999999996,25.6,7,0,0.0,1.0,105.1696224,105.1696224,1320.0,2,134.0,49.47,0.8,76.9,6.3,1997.0,307.59434444
3.18,1.6,10,0,0.0,1.0,105.1696224,142.2,1097.0,2,104.0,32.98,0.525,69.2,5.4,2005.0,8.027421870000001
33.6,16.8,8,1,0.0,1.0,19.8,105.1696224,1767.0,2,84.0,22.74,0.05,42.6,7.0,2003.0,2.8151860799999997
34.4,17.2,12,0,0.0,1.0,105.1696224,67.9,1319.0,2,107.0,45.83,0.475,67.8,8.0,2002.0,9.2185894
57.599999999999994,28.8,7,2,0.0,1.0,407.8,135.6,1857.0,2,125.0,27.61,0.375,65.0,8.3,2008.0,10.656
13.0,6.5,11,2,0.0,1.0,212.5,393.1,1225.0,2,122.0,30.08,0.1,57.3,6.6,2015.0,4.8460697999999995
27.400000000000002,13.7,3,0,0.0,1.0,142.5,602.3,1709.0,2,107.0,29.43,0.05,51.0,6.0,2011.0,6.348664940000001
35.9304,18.0,7,7,1.0,1.0,105.1696224,265.0,1726.0,2,105.0,40.43,0.275,62.2,8.7,2013.0,7.25597532
52.14,26.1,11,0,0.0,1.0,105.1696224,105.1696224,1479.0,2,181.0,46.13,0.65,72.7,6.0,1990.0,1005.37496976
27.400000000000002,13.7,5,1,0.0,1.0,15.5,207.7,1415.0,2,92.0,40.61,0.1,57.3,6.7,2011.0,296.19056404
31.159999999999997,15.6,7,1,0.0,1.0,105.1696224,93.3,1877.0,2,95.0,39.23,0.275,62.2,9.6,2004.0,114.91137076
27.58,13.8,12,7,1.0,1.0,39.0,105.1696224,1613.0,2,111.0,46.2,0.5,68.5,9.6,1996.0,340.90192611
35.34,17.7,10,3,0.0,1.0,105.1696224,105.1696224,1064.0,2,93.0,32.23,0.125,58.0,3.9,1999.0,75.97371252
26.979999999999997,13.5,5,1,0.0,1.0,105.1696224,15.6,1699.0,2,101.0,40.2,0.225,60.8,8.0,2010.0,70.75946194
30.24,15.1,1,1,0.0,1.0,91.1,131.7,1123.0,2,95.0,35.63,0.075,56.6,1.4,2003.0,170.6290908
26.167000000000005,13.1,2,2,0.0,1.0,346.7,105.1696224,1956.0,2,109.0,29.37,0.375,65.0,5.1,2011.0,7.847651810000001
28.4,14.2,2,7,0.0,1.0,189.6,148.9,1842.0,2,101.0,40.76,0.3,62.9,4.5,2010.0,78.0377188
26.25,13.1,7,8,0.0,1.0,307.6,105.1696224,1564.0,2,125.0,57.45,0.825,77.6,8.4,2001.0,481.11891625
27.36,13.7,10,1,0.0,1.0,105.1696224,105.1696224,1529.0,2,109.0,35.3,0.25,61.5,6.2,2008.0,27.008547839999995
26.979999999999997,13.5,1,6,0.0,1.0,18.4,265.3,1397.0,2,100.0,37.6,0.35,64.3,2.7,2010.0,42.48991023999999
26.03,13.0,3,1,0.0,1.0,105.1696224,179.3,1698.0,2,97.0,30.56,0.3,62.9,6.0,2011.0,9.49145316
40.660000000000004,20.3,11,5,0.0,1.0,105.1696224,105.1696224,1477.0,2,93.0,0.79,0.15,58.7,6.4,1993.0,4.53678716
30.21,15.1,4,3,0.0,1.0,105.1696224,65.8,1585.0,2,90.0,41.29,0.25,61.5,5.4,2005.0,171.79493829
32.68,16.3,12,1,0.0,1.0,42.5,209.3,1832.0,2,114.0,39.74,0.575,70.6,10.0,2002.0,56.418017559999996
23.85,11.9,6,3,0.0,1.0,105.1696224,105.1696224,1242.0,2,93.0,33.47,0.25,61.5,7.2,2005.0,74.36525718
35.15,17.6,5,0,0.0,1.0,95.1,65.9,1336.0,2,118.0,45.82,0.55,69.9,6.1,1998.0,20.2925225
26.64,13.3,9,1,0.0,1.0,105.1696224,105.1696224,1048.0,2,100.0,34.46,0.25,61.5,3.2,2009.0,45.95442192
23.400000000000002,11.7,5,1,0.0,1.0,117.2,222.4,1061.0,2,96.0,43.48,0.3,62.9,5.4,2014.0,348.60462
48.06999999999999,24.0,7,6,0.0,1.0,105.1696224,224.1,1041.0,2,101.0,53.49,0.4,65.7,5.3,1994.0,734.80932063
27.72,13.9,11,1,0.0,1.0,105.1696224,105.1696224,1733.0,2,82.0,41.01,0.375,65.0,8.1,2006.0,402.82202576000003
31.5,15.8,7,1,0.0,1.0,105.1696224,105.1696224,2148.0,2,96.0,39.3,0.275,62.2,10.0,2001.0,248.10568825
30.21,15.1,9,7,0.0,1.0,105.1696224,308.6,2001.0,2,122.0,42.18,0.325,63.6,7.1,2005.0,229.30418412
31.62,15.8,12,1,0.0,1.0,105.1696224,105.1696224,947.0,2,88.0,28.59,0.125,58.0,6.6,1999.0,121.89522462000001
20.8,10.4,10,7,0.0,1.0,105.1696224,198.0,1662.0,2,110.0,42.47,0.05,45.4,7.1,2014.0,25.5878012
29.52,14.8,1,1,0.0,1.0,71.6,79.4,1993.0,2,106.0,24.18,0.15,58.7,5.1,2004.0,106.71547568
38.64,19.3,11,2,0.0,1.0,105.1696224,48.2,1427.0,2,91.0,39.81,0.375,65.0,6.3,2003.0,128.50133352
31.845,15.9,5,4,0.0,1.0,105.1696224,267.7,1554.0,2,94.0,43.38,0.375,65.0,7.2,1997.0,130.63009877
23.04,11.5,3,6,0.0,2.0,150.8,105.1696224,728.0,2,94.0,34.02,0.125,58.0,2.0,2016.0,113.82176127999999
28.770000000000003,14.4,3,5,0.0,1.0,81.4,107.5,1581.0,2,99.0,32.76,0.325,63.6,5.4,2011.0,99.21182978000002
27.88,13.9,4,1,0.0,1.0,101.7,48.1,1107.0,2,97.0,43.47,0.475,67.8,3.4,2004.0,211.63030843999996
34.65,17.3,11,2,0.0,1.0,105.1696224,105.1696224,1616.0,2,137.0,30.49,0.45,67.1,7.3,2001.0,153.56957699999998
23.400000000000002,11.7,8,2,0.0,1.0,115.9,380.5,888.0,2,119.0,54.11,0.6,71.3,3.7,2014.0,134.17962219999998
23.76,11.9,7,1,0.0,1.0,108.6,126.9,1628.0,2,98.0,42.9,0.5,68.5,8.8,2013.0,130.9522038
23.1,11.6,4,2,0.0,1.0,473.1,105.1696224,1790.0,2,111.0,35.01,0.475,67.8,6.5,2006.0,117.48058784
30.24,15.1,11,6,0.0,1.0,105.1696224,105.1696224,1228.0,2,94.0,35.64,0.25,61.5,5.8,2003.0,105.24656184
24.660000000000004,12.3,4,0,0.0,1.0,24.4,105.1696224,1049.0,2,106.0,36.09,0.475,67.8,3.3,2011.0,64.51191630000001
25.919999999999998,13.0,9,2,0.0,1.0,105.1696224,82.0,705.0,2,109.0,32.07,0.15,58.7,1.8,2009.0,52.03154016
25.56,12.8,11,0,0.0,1.0,205.2,27.4,1362.0,2,94.0,47.75,0.5,68.5,6.6,2010.0,50.683946399999996
32.4,16.2,5,2,0.0,1.0,89.1,105.1696224,1320.0,2,115.0,24.9,0.45,67.1,6.1,2000.0,30.961665000000004
22.1,11.0,11,1,0.0,1.0,161.9,187.1,878.0,2,107.0,27.86,0.1,57.3,4.7,2015.0,31.200000000000003
29.52,14.8,2,5,0.0,1.0,105.1696224,105.1696224,1654.0,2,92.0,20.44,0.05,53.8,3.7,2004.0,27.392696960000002
39.0,19.5,10,2,0.0,1.0,163.4,42.5,1433.0,2,122.0,48.02,0.45,67.1,5.3,2015.0,44.7744349
36.75,18.4,2,2,0.0,1.0,105.1696224,521.1,1191.0,2,109.0,25.03,0.3,62.9,1.4,2001.0,49.0148085
23.76,11.9,8,0,0.0,1.0,105.1696224,55.1,1243.0,2,90.0,34.36,0.05,53.8,5.2,2013.0,13.862558160000003
34.74,17.4,9,2,0.0,1.0,274.0,105.1696224,1922.0,2,112.0,33.21,0.475,67.8,6.6,1997.0,15.51345773
23.400000000000002,11.7,7,1,0.0,1.0,123.6,173.4,1645.0,2,94.0,28.37,0.175,59.4,8.9,2014.0,32.9061031
37.62,18.8,9,1,0.0,1.0,370.8,94.9,1531.0,2,127.0,38.89,0.575,70.6,4.8,1994.0,12.30478513
23.76,11.9,12,2,0.0,1.0,162.8,65.4,1654.0,2,111.0,35.13,0.425,66.4,9.9,2013.0,26.76407184
26.82,13.4,9,2,0.0,1.0,105.1696224,105.1696224,1062.0,2,120.0,28.93,0.375,65.0,3.3,2007.0,39.5259899
25.919999999999998,13.0,9,0,0.0,1.0,52.9,105.1696224,1471.0,2,114.0,41.92,0.475,67.8,5.0,2008.0,37.0641816
36.0,18.0,10,2,0.0,1.0,330.8,105.1696224,1612.0,2,117.0,12.68,0.45,67.1,6.2,2009.0,29.836009439999998
23.04,11.5,2,0,0.0,1.0,16.4,3.4,1266.0,2,112.0,42.22,0.3,62.9,2.3,2016.0,7.95172096
23.76,11.9,12,2,0.0,1.0,105.1696224,105.1696224,1590.0,2,116.0,32.43,0.425,66.4,9.7,2013.0,29.44817436
30.96,15.5,1,2,0.0,1.0,105.1696224,292.9,1236.0,2,103.0,29.81,0.5,68.5,1.8,2002.0,1.16392056
23.76,11.9,9,2,0.0,1.0,106.2,194.3,1616.0,2,93.0,26.19,0.425,66.4,5.8,2013.0,10.52431644
25.56,12.8,5,7,0.0,1.0,105.1696224,105.1696224,1649.0,2,338.0,9.12,0.425,66.4,7.8,2010.0,1.2372161799999999
27.72,13.9,3,0,0.0,1.0,105.1696224,19.4,456.0,2,105.0,27.92,0.425,66.4,1.0,2006.0,2.82027592
18.76,9.4,3,7,0.0,1.0,27.2,222.0,1804.0,2,119.0,38.01,0.25,61.5,6.8,2012.0,18.15857316
29.8,14.9,8,1,0.0,1.0,105.1696224,105.1696224,431.0,2,113.0,42.47,0.5,68.5,1.4,2007.0,180.98020674
33.12,16.6,2,2,0.0,1.0,105.1696224,105.1696224,1316.0,2,98.0,40.8,0.375,65.0,2.1,2008.0,217.17604799999998
23.85,11.9,12,5,0.0,1.0,105.1696224,163.4,1797.0,2,80.0,38.62,0.225,60.8,10.0,2005.0,81.17552133000001
28.7,14.4,9,2,0.0,1.0,105.1696224,105.1696224,1376.0,2,121.0,40.66,0.625,72.0,4.5,2004.0,62.31999999999999
35.76,17.9,11,0,0.0,1.0,105.1696224,105.1696224,1044.0,2,89.0,45.32,0.225,60.8,4.8,2007.0,148.94897197
23.1,11.6,11,2,0.0,1.0,105.1696224,85.8,1048.0,2,93.0,25.22,0.2,60.1,5.4,2013.0,9.26400948
23.400000000000002,11.7,8,7,0.0,1.0,105.1696224,170.1,1793.0,2,93.0,37.44,0.05,51.7,7.5,2014.0,346.56284
32.81,16.4,10,3,0.0,1.0,105.1696224,105.1696224,856.0,2,100.0,40.26,0.15,58.7,3.1,1997.0,242.38123862
22.1,11.0,8,1,0.0,1.0,93.4,105.1696224,1816.0,2,104.0,51.26,0.35,64.3,7.7,2014.0,177.6076523
26.24,13.1,10,1,0.0,1.0,182.0,105.1696224,1443.0,2,126.0,38.35,0.475,67.8,5.9,2004.0,179.58377692
26.95,13.5,8,1,0.0,1.0,72.2,105.1696224,1052.0,2,110.0,32.74,0.2,60.1,4.2,2006.0,29.53715226
22.44,11.2,11,1,0.0,1.0,75.5,37.5,1220.0,2,123.0,25.26,0.425,66.4,6.1,2013.0,94.54525740000001
26.18,13.1,12,0,0.0,1.0,21.7,89.1,1106.0,2,109.0,38.38,0.35,64.3,7.5,2006.0,87.9399983
28.4,14.2,10,3,0.0,1.0,98.3,193.1,1787.0,2,90.0,43.37,0.2,60.1,7.3,2010.0,193.33361627999997
32.3,16.2,10,1,0.0,1.0,105.1696224,105.1696224,1779.0,2,81.0,31.42,0.225,60.8,7.1,1998.0,57.62921349999999
23.290000000000003,11.6,1,2,0.0,1.0,105.1696224,36.9,831.0,2,86.0,38.65,0.25,61.5,1.0,2011.0,59.136832270000006
23.1,11.6,3,3,0.0,1.0,105.1696224,105.1696224,1290.0,2,107.0,43.04,0.275,62.2,4.4,2006.0,107.22051802
30.8,15.4,3,2,0.0,1.0,105.1696224,105.1696224,1206.0,2,105.0,22.32,0.25,61.5,3.7,2006.0,32.602667020000005
22.78,11.4,9,1,1.0,1.0,105.1696224,105.1696224,1881.0,2,112.0,42.23,0.575,70.6,6.9,2012.0,154.56957084
59.5,29.8,8,2,0.0,1.0,105.1696224,114.5,1322.0,2,108.0,19.22,0.05,53.1,4.0,2001.0,34.46430925
24.48,12.2,1,7,0.0,1.0,126.6,149.2,2006.0,2,133.0,35.82,0.3,62.9,5.4,2009.0,42.53227056
22.44,11.2,4,3,0.0,1.0,105.1696224,105.1696224,1413.0,2,91.0,42.63,0.35,64.3,5.0,2013.0,128.75669664
24.48,12.2,2,1,0.0,1.0,166.0,326.4,1038.0,2,95.0,22.98,0.15,58.7,1.3,2009.0,29.455597440000002
26.18,13.1,3,1,0.0,1.0,105.1696224,262.8,1225.0,2,107.0,26.18,0.05,53.8,4.0,2006.0,11.263601580000001
26.18,13.1,1,0,0.0,1.0,105.1696224,174.4,1181.0,2,122.0,36.13,0.5,68.5,1.8,2006.0,14.63
61.6,30.8,8,8,0.0,1.0,105.1696224,64.2,1370.0,2,110.0,43.64,0.525,69.2,4.1,2006.0,133.84912618
28.56,14.3,7,2,0.0,1.0,244.2,95.3,1519.0,2,98.0,28.31,0.45,67.1,8.1,2003.0,2.6374622399999996
22.1,11.0,10,7,0.0,1.0,105.1696224,34.4,991.0,2,120.0,39.15,0.275,62.2,4.2,2014.0,4.8858264
22.78,11.4,8,3,0.0,1.0,105.1696224,105.1696224,665.0,2,82.0,23.99,0.05,51.0,2.7,2012.0,12.900839280000001
25.872000000000003,12.9,8,2,0.0,1.0,16.0,170.9,1326.0,2,122.0,20.14,0.2,60.1,5.4,2006.0,3.51287706
33.495,16.7,12,2,0.0,1.0,105.1696224,105.1696224,904.0,2,136.0,37.04,0.55,69.9,6.3,1995.0,274.04999999999995
24.585,12.3,3,2,0.0,1.0,105.1696224,142.9,1183.0,2,120.0,35.48,0.475,67.8,3.9,2007.0,55.59439128
24.585,12.3,9,1,0.0,1.0,105.1696224,52.2,1128.0,2,108.0,29.56,0.25,61.5,3.6,2007.0,20.29391175
27.72,13.9,12,2,0.0,1.0,105.1696224,105.1696224,1172.0,2,126.0,30.87,0.5,68.5,7.7,2003.0,28.4638956
33.44,16.7,12,1,0.0,1.0,105.1696224,479.4,2235.0,2,107.0,43.26,0.375,65.0,10.0,1994.0,516.8055316599999
28.8,14.4,5,1,0.0,1.0,105.1696224,105.1696224,1508.0,2,93.0,33.09,0.225,60.8,7.1,2000.0,215.55770040000002
20.55,10.3,5,2,0.0,1.0,105.1696224,105.1696224,1491.0,2,100.0,41.19,0.575,70.6,7.4,2011.0,182.80301272
23.04,11.5,1,3,0.0,1.0,211.4,105.1696224,809.0,2,87.0,33.85,0.05,53.1,1.0,2009.0,110.18023199999999
21.44,10.7,5,1,0.0,1.0,56.5,187.6,1186.0,2,94.0,44.88,0.65,72.7,6.0,2012.0,91.47264244
23.68,11.8,3,2,0.0,1.0,105.1696224,105.1696224,1512.0,2,120.0,12.71,0.35,64.3,5.3,2016.0,8.30771328
29.26,14.6,5,8,0.0,1.0,214.8,105.1696224,1134.0,2,118.0,54.24,0.65,72.7,5.5,2006.0,128.21766804
28.0,14.0,6,7,0.0,1.0,127.5,105.1696224,1798.0,2,130.0,26.17,0.6,71.3,9.4,2001.0,51.417885749999996
21.92,11.0,2,7,0.0,1.0,105.1696224,105.1696224,998.0,2,91.0,30.6,0.075,56.6,1.2,2011.0,55.475079830000006
30.974999999999998,15.5,4,7,0.0,1.0,105.1696224,304.8,1410.0,2,91.0,33.98,0.125,58.0,4.6,2001.0,54.22846625
34.05,17.0,8,7,0.0,1.0,105.1696224,105.1696224,1335.0,2,110.0,29.29,0.075,56.6,5.1,1991.0,68.33316759
17.88,8.9,2,7,0.0,1.0,49.3,49.3,1436.0,2,121.0,44.15,0.6,71.3,3.2,2007.0,120.05492326
23.04,11.5,9,1,0.0,1.0,105.1696224,105.1696224,1206.0,2,114.0,27.43,0.05,51.7,4.0,2008.0,72.01086624
21.599999999999998,10.8,8,2,0.0,1.0,68.3,48.6,1321.0,2,96.0,42.23,0.425,66.4,5.6,2008.0,138.82845888
28.8,14.4,6,1,0.0,1.0,191.9,191.9,1405.0,2,94.0,27.77,0.1,57.3,7.6,2000.0,37.1292696
23.04,11.5,9,1,0.0,1.0,83.2,105.1696224,1173.0,2,100.0,42.05,0.075,56.6,3.9,2009.0,45.44072784
28.8,14.4,3,1,0.0,1.0,105.1696224,50.9,1658.0,2,96.0,16.7,0.1,57.3,5.7,2000.0,27.7689456
55.64,27.8,12,2,0.0,1.0,619.1,236.4,1840.0,2,125.0,45.76,0.65,72.7,9.4,1993.0,442.2918616
29.76,14.9,4,7,0.0,1.0,105.1696224,105.1696224,1467.0,2,100.0,36.47,0.45,67.1,4.9,1999.0,34.52920368
12.09,6.0,8,1,0.0,1.0,105.1696224,105.1696224,1170.0,2,95.0,22.83,0.425,66.4,5.4,1999.0,7.8438339
23.84,11.9,9,2,0.0,1.0,105.1696224,150.4,1717.0,2,113.0,27.44,0.425,66.4,6.2,2007.0,4.24522158
30.88,15.4,8,4,1.0,1.0,105.1696224,105.1696224,1426.0,2,97.0,16.17,0.05,49.6,5.6,1997.0,3.25480797
21.12,10.6,7,2,0.0,1.0,43.2,105.1696224,1304.0,2,117.0,32.36,0.3,62.9,7.5,2013.0,7.74534552
26.400000000000002,13.2,3,7,0.0,1.0,208.8,484.5,1501.0,2,101.0,44.21,0.375,65.0,5.2,2013.0,32.02527108
26.24,13.1,5,6,0.0,1.0,105.1696224,105.1696224,2056.0,2,86.0,28.1,0.05,52.4,9.5,2004.0,24.308647439999998
15.84,7.9,1,1,0.0,1.0,105.1696224,105.1696224,889.0,2,106.0,35.9,0.45,67.1,1.0,2008.0,76.59631583999999
18.72,9.4,5,8,0.0,1.0,105.1696224,105.1696224,1657.0,2,161.0,36.76,0.55,69.9,8.2,2009.0,1.0861185599999998
23.04,11.5,6,2,0.0,1.0,96.6,127.9,768.0,2,93.0,45.47,0.675,73.4,5.2,2009.0,68.83400016
20.8,10.4,5,0,0.0,1.0,19.1,102.5,1484.0,2,122.0,36.87,0.35,64.3,7.3,2014.0,4.4757089
24.645,12.3,9,7,0.0,1.0,105.1696224,22.1,1998.0,2,93.0,24.39,0.125,58.0,7.4,2005.0,1.96780785
42.660000000000004,21.3,11,1,0.0,1.0,105.1696224,105.1696224,1798.0,2,103.0,13.91,0.525,69.2,7.7,1990.0,1129.7426797500002
30.6,15.3,10,0,0.0,1.0,96.9,36.5,1566.0,2,120.0,46.14,0.55,69.9,6.3,2000.0,384.3463248
27.900000000000002,14.0,9,2,0.0,1.0,105.1696224,466.9,1283.0,2,122.0,52.86,0.725,74.8,4.2,1999.0,662.71167786
21.299999999999997,10.6,9,2,0.0,1.0,105.1696224,37.7,1424.0,2,118.0,48.1,0.65,72.7,5.0,2010.0,588.18039958
23.04,11.5,6,0,0.0,1.0,105.1696224,105.1696224,1342.0,2,120.0,20.73,0.375,65.0,7.6,2009.0,16.27437456
18.2,9.1,11,2,0.0,1.0,105.1696224,11.3,1107.0,2,113.0,59.83,0.75,75.5,5.8,2014.0,303.6224204
21.299999999999997,10.6,3,1,0.0,1.0,105.2,105.1696224,1312.0,2,92.0,37.14,0.225,60.8,4.6,2010.0,107.49470715999999
19.8,9.9,1,3,0.0,1.0,105.1696224,178.0,1467.0,2,100.0,46.57,0.25,61.5,3.3,2013.0,193.37705772
19.8,9.9,10,1,0.0,1.0,129.7,141.3,1129.0,2,92.0,40.06,0.25,61.5,4.8,2013.0,200.41762884
23.1,11.6,9,2,0.0,1.0,54.6,153.6,1149.0,2,103.0,36.02,0.45,67.1,3.8,2006.0,190.01155712000002
22.35,11.2,10,1,0.0,1.0,88.1,88.1,947.0,2,113.0,13.2,0.275,62.2,4.0,2007.0,82.22523429
22.78,11.4,2,2,0.0,1.0,105.1696224,1394.1,1565.0,2,95.0,45.59,0.275,62.2,3.6,2012.0,171.15918624
23.1,11.6,2,3,0.0,1.0,397.2,105.1696224,1622.0,2,87.0,20.86,0.1,57.3,3.8,2006.0,103.12915998000001
25.8,12.9,2,1,0.0,1.0,105.1696224,105.1696224,1539.0,2,88.0,27.78,0.15,58.7,3.3,2002.0,91.10842407999999
28.95,14.5,12,1,0.0,1.0,386.8,385.4,1827.0,2,97.0,32.16,0.425,66.4,10.0,1997.0,124.01507009
28.56,14.3,4,5,0.0,1.0,105.1696224,105.1696224,1516.0,2,94.0,30.71,0.175,59.4,5.1,2003.0,93.2978844
46.2,23.1,2,7,0.0,1.0,105.1696224,206.8,1799.0,2,112.0,41.42,0.2,60.1,3.6,2013.0,56.66820984
19.5,9.8,11,3,0.0,1.0,105.1696224,105.1696224,1501.0,2,98.0,41.8,0.225,60.8,7.5,2015.0,80.0133191
28.5,14.2,12,3,0.0,1.0,51.2,105.1696224,1453.0,2,104.0,37.38,0.3,62.9,8.9,1998.0,76.5383099
28.95,14.5,8,0,0.0,1.0,105.1696224,319.2,1304.0,2,104.0,36.12,0.4,65.7,5.2,1997.0,86.58402090999999
28.0,14.0,12,1,0.0,1.0,105.1696224,105.1696224,2255.0,2,89.0,38.35,0.125,58.0,10.0,2001.0,116.319581
9.38,4.7,9,7,0.0,1.0,52.0,193.5,1136.0,2,109.0,47.07,0.55,69.9,4.3,2012.0,64.48935456000001
27.0,13.5,3,7,0.0,1.0,270.4,105.1696224,1237.0,2,106.0,30.19,0.2,60.1,4.0,2000.0,63.012924
19.5,9.8,11,2,0.0,1.0,105.1696224,105.1696224,1547.0,2,123.0,49.56,0.7,74.1,7.7,2014.0,160.8446944
27.0,13.5,4,1,0.0,1.0,105.1696224,105.1696224,1558.0,2,120.0,24.74,0.475,67.8,5.4,2000.0,60.788113200000005
21.599999999999998,10.8,8,3,1.0,2.0,28.3,105.1696224,924.0,2,105.0,31.61,0.05,55.2,3.9,2009.0,56.766912479999995
19.5,9.8,12,2,0.0,1.0,56.2,135.9,1788.0,2,115.0,45.4,0.5,68.5,10.0,2014.0,68.25200330000001
21.599999999999998,10.8,3,7,0.0,1.0,105.1696224,105.1696224,1383.0,2,110.0,36.4,0.3,62.9,4.9,2009.0,47.1191544
23.85,11.9,2,1,0.0,1.0,105.1696224,105.1696224,1050.0,2,88.0,28.98,0.3,62.9,1.3,2005.0,75.00831042
22.36,11.2,7,3,1.0,1.0,105.1696224,105.1696224,1840.0,2,94.0,29.86,0.05,51.0,9.8,2002.0,64.7835506
22.35,11.2,12,2,0.0,1.0,40.2,229.1,1642.0,2,126.0,29.66,0.475,67.8,9.9,2007.0,45.036954560000005
20.55,10.3,8,2,0.0,1.0,105.1696224,16.0,963.0,2,100.0,47.01,0.6,71.3,4.1,2011.0,106.93511025
24.599999999999998,12.3,2,1,0.0,1.0,105.1696224,105.1696224,2068.0,2,89.0,25.57,0.05,55.2,5.7,2004.0,48.10295152
28.5,14.2,4,1,0.0,1.0,105.1696224,105.1696224,1716.0,2,111.0,21.83,0.15,58.7,6.0,1998.0,89.1211891
22.35,11.2,4,3,0.0,1.0,105.1696224,105.1696224,1420.0,2,100.0,42.92,0.375,65.0,5.0,2007.0,95.7152756
19.5,9.8,8,2,0.0,1.0,140.6,566.6,1952.0,2,115.0,25.39,0.325,63.6,8.4,2014.0,39.1663519
22.26,11.1,2,1,0.0,1.0,150.6,97.3,1478.0,2,106.0,17.6,0.275,62.2,3.2,2005.0,51.90641814000001
36.0,18.0,4,0,0.0,1.0,105.1696224,105.1696224,1550.0,2,124.0,13.29,0.6,71.3,5.0,2000.0,49.9106124
21.599999999999998,10.8,9,1,0.0,1.0,105.1696224,200.4,1185.0,2,99.0,31.87,0.05,52.4,4.0,2009.0,57.75198048
29.55,14.8,5,2,0.0,1.0,105.1696224,105.1696224,1699.0,2,101.0,36.26,0.325,63.6,7.9,1996.0,48.79584802
23.85,11.9,10,2,0.0,1.0,20.6,105.1696224,1605.0,2,124.0,41.46,0.575,70.6,6.7,2005.0,135.63713466000002
24.610000000000003,12.3,11,2,0.0,1.0,105.1696224,105.1696224,1451.0,2,134.0,33.53,0.625,72.0,7.0,1993.0,49.72912954
28.95,14.5,9,2,0.0,1.0,105.1696224,105.1696224,1213.0,2,155.0,36.45,0.625,72.0,3.8,1997.0,83.18607641999999
23.1,11.6,10,2,0.0,1.0,2.5,105.1696224,1476.0,2,95.0,16.77,0.275,62.2,6.2,2006.0,32.34
25.2,12.6,9,3,1.0,2.0,105.1696224,105.1696224,1428.0,2,97.0,27.49,0.05,50.3,4.9,2000.0,69.4338516
30.8,15.4,10,0,0.0,1.0,105.1696224,105.1696224,1041.0,2,92.0,25.93,0.05,54.5,4.0,2006.0,34.13503632
19.2,9.6,4,0,0.0,1.0,105.1696224,105.1696224,877.0,2,94.0,35.5,0.25,61.5,2.8,2016.0,26.32489856
21.299999999999997,10.6,12,2,0.0,1.0,105.1696224,178.5,1611.0,2,117.0,26.11,0.225,60.8,9.8,2010.0,29.15145548
28.5,14.2,7,7,0.0,1.0,105.1696224,105.1696224,574.0,2,84.0,28.08,0.125,58.0,4.1,1998.0,33.2639992
19.8,9.9,3,2,0.0,1.0,23.5,51.8,1470.0,2,140.0,43.13,0.45,67.1,5.3,2013.0,46.84100256
19.5,9.8,8,7,0.0,1.0,182.4,193.9,1228.0,2,108.0,46.03,0.25,61.5,5.3,2014.0,42.322954700000004
21.599999999999998,10.8,10,2,0.0,1.0,60.5,105.1696224,1874.0,2,131.0,46.46,0.55,69.9,8.0,2008.0,60.48
20.1,10.0,9,7,0.0,1.0,21.9,183.2,1228.0,2,97.0,38.92,0.2,60.1,4.3,2012.0,50.8268231
19.5,9.8,7,7,0.0,1.0,93.0,78.0,1626.0,2,121.0,39.86,0.375,65.0,9.0,2014.0,41.0213115
22.35,11.2,5,2,0.0,1.0,94.9,105.1696224,1285.0,2,85.0,3.47,0.425,66.4,6.4,2007.0,33.86895458
45.0,22.5,9,0,0.0,1.0,105.1696224,113.3,1690.0,2,87.0,30.58,0.05,50.3,5.2,2000.0,28.5184944
20.55,10.3,3,2,0.0,1.0,37.6,100.6,1663.0,2,107.0,34.43,0.5,68.5,6.1,2011.0,81.36352321
21.599999999999998,10.8,9,2,0.0,1.0,105.1696224,344.8,1254.0,2,111.0,36.57,0.425,66.4,4.3,2009.0,23.951570399999998
26.25,13.1,9,7,0.0,1.0,105.1696224,105.1696224,1811.0,2,92.0,26.52,0.225,60.8,6.5,2001.0,21.0
20.1,10.0,11,0,0.0,1.0,105.1696224,161.9,1053.0,2,96.0,35.12,0.05,55.9,5.5,2012.0,20.9154503
28.5,14.2,11,2,0.0,1.0,105.1696224,124.8,1588.0,2,93.0,16.74,0.05,53.1,7.4,1998.0,19.8423004
24.599999999999998,12.3,8,2,0.0,1.0,105.1696224,104.1,1769.0,2,103.0,29.73,0.25,61.5,7.4,2004.0,24.38272296
28.5,14.2,3,1,0.0,1.0,105.1696224,57.7,1716.0,2,117.0,47.0,0.7,74.1,6.0,1998.0,87.7601792
23.1,11.6,12,2,0.0,1.0,37.5,138.2,2102.0,2,116.0,30.24,0.4,65.7,10.0,2006.0,16.79192284
25.8,12.9,12,0,0.0,1.0,60.9,96.2,1191.0,2,118.0,23.97,0.375,65.0,7.9,2002.0,15.8884484
23.84,11.9,1,2,0.0,1.0,105.1696224,319.0,956.0,2,100.0,28.46,0.425,66.4,1.0,2007.0,28.20401779
27.0,13.5,3,2,0.0,1.0,105.1696224,105.1696224,1122.0,2,94.0,26.47,0.05,54.5,3.5,2000.0,17.823807000000002
34.4,17.2,10,1,0.0,1.0,105.1696224,85.3,1775.0,2,94.0,25.01,0.05,52.4,7.0,2002.0,14.768566719999999
21.599999999999998,10.8,2,1,0.0,1.0,105.1696224,103.5,1590.0,2,107.0,39.25,0.6,71.3,3.7,2008.0,49.728647519999996
21.599999999999998,10.8,8,1,0.0,1.0,497.7,105.1696224,1452.0,2,102.0,32.36,0.15,58.7,6.2,2008.0,12.6185616
21.599999999999998,10.8,8,1,0.0,1.0,602.3,63.9,1023.0,2,89.0,25.6,0.05,54.5,4.3,2009.0,9.2235528
20.1,10.0,9,2,0.0,1.0,175.5,137.7,1669.0,2,106.0,32.15,0.25,61.5,6.2,2012.0,10.905975920000001
21.599999999999998,10.8,6,1,0.0,1.0,85.9,105.1696224,987.0,2,92.0,37.55,0.45,67.1,6.2,2009.0,50.54085359999999
27.0,13.5,7,7,0.0,1.0,105.1696224,105.1696224,1876.0,2,105.0,2.67,0.05,52.4,9.7,2000.0,9.3914964
23.85,11.9,11,0,0.0,1.0,105.1696224,571.4,2439.0,2,121.0,30.93,0.5,68.5,10.0,2005.0,19.13747691
23.85,11.9,9,0,0.0,1.0,105.1696224,4.0,1567.0,2,103.0,42.21,0.55,69.9,5.5,2005.0,25.098385320000002
46.5,23.2,4,7,0.0,1.0,105.1696224,105.1696224,1869.0,2,92.0,27.12,0.275,62.2,5.9,1999.0,7.723147800000001
26.25,13.1,5,7,0.0,1.0,105.1696224,105.1696224,1290.0,2,147.0,41.82,0.65,72.7,6.3,2001.0,35.20534325
21.299999999999997,10.6,9,2,0.0,1.0,89.8,37.6,779.0,2,104.0,41.58,0.45,67.1,2.3,2010.0,13.42642944
21.599999999999998,10.8,1,7,0.0,1.0,13.5,49.3,1205.0,2,111.0,30.24,0.375,65.0,2.1,2008.0,8.534030399999999
22.35,11.2,10,3,0.0,1.0,105.1696224,312.1,1041.0,2,112.0,33.4,0.325,63.6,4.4,2007.0,11.82891928
19.68,9.8,11,0,0.0,1.0,105.1696224,105.1696224,890.0,2,84.0,35.01,0.375,65.0,4.8,2004.0,15.717974839999998
16.24,8.1,12,2,0.0,1.0,105.1696224,105.1696224,1965.0,2,116.0,24.85,0.425,66.4,10.0,1995.0,1.0754249799999998
19.5,9.8,8,0,0.0,1.0,105.1696224,105.1696224,1491.0,2,105.0,26.55,0.4,65.7,6.4,2015.0,0.8223046
12.24,6.1,12,0,1.0,2.0,105.1696224,43.2,1455.0,2,98.0,27.67,0.25,61.5,9.6,2008.0,12.868794719999999
17.04,8.5,2,0,0.0,1.0,32.0,105.1696224,1262.0,2,97.0,37.99,0.225,60.8,2.5,2010.0,9.677000379999999
21.599999999999998,10.8,8,7,0.0,1.0,105.1696224,105.1696224,1355.0,2,98.0,36.49,0.25,61.5,5.7,2008.0,5.08784688
26.400000000000002,13.2,7,5,0.0,1.0,105.1696224,105.1696224,1802.0,2,85.0,24.11,0.2,60.1,9.4,2013.0,35.887335
31.244,15.6,2,6,0.0,1.0,105.1696224,105.1696224,1501.0,2,101.0,47.81,0.6,71.3,3.0,1993.0,151.74092222
19.240000000000002,9.6,7,1,0.0,1.0,105.1696224,235.3,1578.0,2,115.0,41.08,0.325,63.6,8.8,2015.0,159.2669741
28.565,14.3,10,2,0.0,1.0,105.1696224,105.1696224,1417.0,2,120.0,44.99,0.425,66.4,5.7,1996.0,290.17855917
14.2,7.1,9,2,0.0,1.0,105.1696224,105.1696224,1222.0,2,111.0,28.85,0.55,69.9,4.5,2010.0,24.866906519999997
30.800000000000004,15.4,8,0,0.0,1.0,105.1696224,105.1696224,1016.0,2,131.0,43.77,0.675,73.4,3.9,1992.0,350.1463834
22.578,11.3,5,2,0.0,1.0,72.1,421.0,734.0,2,139.0,25.03,0.475,67.8,4.0,2005.0,1.0731196200000002
21.599999999999998,10.8,5,2,0.0,1.0,120.4,105.1696224,1324.0,2,120.0,49.18,0.65,72.7,6.6,2008.0,544.19118336
33.18,16.6,3,6,0.0,1.0,105.1696224,105.1696224,1552.0,2,119.0,46.07,0.5,68.5,5.1,1990.0,1097.31
29.96,15.0,9,1,0.0,1.0,105.1696224,105.1696224,1049.0,2,98.0,37.84,0.45,67.1,3.1,1993.0,331.40981813999997
21.599999999999998,10.8,1,7,0.0,1.0,59.4,105.1696224,1404.0,2,101.0,32.26,0.075,56.6,2.9,2009.0,145.05799392
19.37,9.7,5,2,0.0,1.0,105.1696224,105.1696224,1413.0,2,114.0,24.84,0.275,62.2,7.1,2007.0,112.51157327
26.599999999999998,13.3,9,3,0.0,1.0,105.1696224,105.1696224,711.0,2,99.0,30.93,0.15,58.7,1.8,1998.0,137.8024305
31.78,15.9,1,0,0.0,1.0,105.1696224,105.1696224,1198.0,2,107.0,31.79,0.375,65.0,1.6,1991.0,78.9804732
17.810000000000002,8.9,12,2,0.0,1.0,878.2,391.3,1521.0,2,105.0,38.32,0.3,62.9,9.6,2011.0,157.49067763000002
29.96,15.0,7,2,0.0,1.0,130.5,105.1696224,1635.0,2,109.0,18.44,0.475,67.8,8.6,1993.0,58.88378204
24.08,12.0,3,0,0.0,1.0,105.1696224,82.5,1037.0,2,95.0,21.7,0.2,60.1,3.3,2002.0,43.83064132
28.419999999999998,14.2,10,1,0.0,1.0,37.8,201.7,1540.0,2,100.0,24.61,0.05,51.0,6.2,1995.0,40.193999999999996
20.16,10.1,6,7,0.0,1.0,142.8,156.6,1759.0,2,98.0,36.98,0.3,62.9,9.5,2009.0,32.907798719999995
19.88,9.9,3,1,0.0,1.0,46.8,74.0,1671.0,2,103.0,24.55,0.175,59.4,6.2,2010.0,30.400819759999997
22.32,11.2,3,1,0.0,1.0,105.1696224,19.3,1390.0,2,117.0,14.1,0.2,60.1,4.9,1999.0,39.06290718
16.39,8.2,3,1,0.0,1.0,105.1696224,23.8,1200.0,2,90.0,20.54,0.05,54.5,4.3,2007.0,19.66240505
19.25,9.6,7,3,0.0,1.0,105.1696224,34.1,1172.0,2,91.0,30.04,0.05,51.0,7.1,2001.0,29.6656465
24.5,12.2,2,1,0.0,1.0,105.1696224,105.1696224,1609.0,2,86.0,20.82,0.075,56.6,3.7,2001.0,18.2428225
18.76,9.4,10,1,0.0,1.0,105.1696224,105.1696224,1456.0,2,87.0,25.66,0.125,58.0,6.3,2012.0,15.299265080000001
20.86,10.4,5,2,0.0,1.0,5.9,105.1696224,1629.0,2,112.0,32.22,0.6,71.3,7.9,2007.0,29.46869403
40.04,20.0,10,6,0.0,1.0,105.1696224,1917.5,1647.0,2,136.0,30.73,0.475,67.8,6.2,2006.0,22.825353319999998
25.2,12.6,4,2,0.0,1.0,105.1696224,63.0,1739.0,2,90.0,23.06,0.125,58.0,6.2,2000.0,9.195876
28.419999999999998,14.2,3,2,0.0,1.0,49.7,169.8,1517.0,2,139.0,7.71,0.05,55.9,5.1,1995.0,5.02222
19.88,9.9,8,6,0.0,1.0,230.2,105.1696224,1673.0,2,89.0,38.73,0.6,71.3,7.2,2010.0,2.49240104
22.26,11.1,9,2,0.0,1.0,217.5,108.7,1727.0,2,134.0,45.72,0.625,72.0,6.3,2005.0,283.08957999
23.22,11.6,9,2,0.0,1.0,105.1696224,90.1,1151.0,2,107.0,28.76,0.475,67.8,3.8,2002.0,49.928012079999995
18.2,9.1,2,1,1.0,2.0,77.7,105.1696224,749.0,2,93.0,34.43,0.05,54.5,1.0,2015.0,16.0090463
24.3,12.2,11,2,0.0,1.0,105.1696224,76.0,1983.0,2,124.0,25.34,0.45,67.1,9.3,2000.0,12.7095768
20.1,10.0,9,1,0.0,1.0,49.7,75.5,1491.0,2,110.0,42.07,0.425,66.4,5.4,2012.0,26.02582974
30.077189999999995,15.0,9,2,0.0,1.0,105.1696224,105.1696224,901.0,2,156.0,42.12,0.675,73.4,2.4,2004.0,151.17669239999998
21.001839999999998,10.5,9,2,0.0,1.0,105.1696224,105.1696224,1160.0,2,125.0,34.92,0.55,69.9,3.9,2004.0,63.19776244
17.290000000000003,8.6,3,7,0.0,1.0,105.1696224,93.7,1643.0,2,108.0,41.12,0.25,61.5,6.2,2014.0,6.994326300000001
19.028,9.5,12,0,0.0,1.0,79.8,32.3,1292.0,2,100.0,6.23,0.05,52.4,8.6,2010.0,23.714
17.810000000000002,8.9,2,9,0.0,1.0,221.7,105.1696224,1199.0,2,105.0,24.55,0.05,53.1,2.2,2011.0,134.86547698
18.46,9.2,12,2,0.0,1.0,33.7,132.4,1875.0,2,108.0,54.3,0.575,70.6,10.0,2010.0,465.48129802
22.75,11.4,1,2,0.0,1.0,105.1696224,105.1696224,1061.0,2,112.0,28.74,0.325,63.6,1.4,2001.0,159.316983
20.48,10.2,3,2,0.0,1.0,32.4,124.2,1125.0,2,117.0,29.04,0.425,66.4,3.8,2016.0,98.56
23.400000000000002,11.7,12,1,0.0,1.0,105.1696224,105.1696224,1508.0,2,83.0,39.24,0.05,55.9,9.3,2000.0,131.7253014
16.900000000000002,8.5,10,1,0.0,1.0,105.1696224,153.2,1506.0,2,102.0,45.62,0.525,69.2,6.6,2014.0,71.2884042
16.25,8.1,2,1,0.0,1.0,91.7,105.1696224,1536.0,2,100.0,30.62,0.25,61.5,3.7,2014.0,63.70348920000001
29.76,14.9,3,1,0.0,1.0,105.1696224,105.1696224,1817.0,2,97.0,48.21,0.575,70.6,6.4,1999.0,99.46938876000002
21.76,10.9,6,3,0.0,1.0,146.2,98.3,1487.0,2,86.0,49.49,0.3,62.9,8.3,2016.0,152.44897024
21.32,10.7,1,4,0.0,1.0,105.1696224,151.2,1584.0,2,113.0,51.7,0.575,70.6,3.7,2004.0,157.53980711999998
22.32,11.2,3,4,0.0,1.0,105.1696224,16.3,1332.0,2,97.0,20.63,0.05,42.6,4.6,1999.0,67.79836896
24.7,12.4,4,0,0.0,1.0,105.1696224,83.2,1469.0,2,91.0,24.06,0.275,62.2,5.1,1998.0,51.3135717
30.810000000000002,15.4,11,2,0.0,2.0,105.1696224,105.1696224,1546.0,2,84.0,34.47,0.2,60.1,7.2,1990.0,84.75974385
17.16,8.6,9,7,0.0,1.0,105.1696224,287.1,1447.0,2,83.0,38.94,0.15,58.7,5.3,2014.0,69.9795395
26.82,13.4,11,4,0.0,1.0,218.0,113.3,1739.0,2,126.0,43.68,0.425,66.4,8.2,2007.0,85.0733231
19.5,9.8,1,2,0.0,1.0,105.1696224,105.1696224,1589.0,2,108.0,54.79,0.65,72.7,3.8,2015.0,47.9302382
24.18,12.1,9,8,0.0,1.0,105.1696224,48.5,1457.0,2,112.0,40.22,0.575,70.6,5.1,1999.0,42.526288560000005
16.900000000000002,8.5,6,5,0.0,1.0,105.1696224,105.1696224,1086.0,2,89.0,34.93,0.175,59.4,6.8,2014.0,58.89
22.75,11.4,6,2,0.0,1.0,105.1696224,77.9,1451.0,2,99.0,23.57,0.4,65.7,8.1,2001.0,29.62596525
29.26,14.6,12,0,0.0,1.0,199.5,105.1696224,1483.0,2,141.0,38.85,0.55,69.9,9.0,2006.0,105.75677112
20.02,10.0,10,0,0.0,1.0,105.1696224,68.0,1468.0,2,104.0,24.59,0.3,62.9,6.3,2006.0,17.14156906
24.7,12.4,5,1,0.0,1.0,105.1696224,81.9,2219.0,2,84.0,12.14,0.125,58.0,10.0,1998.0,15.251244899999998
7.800000000000001,3.9,10,2,0.0,1.0,105.1696224,105.1696224,1095.0,2,117.0,50.48,0.775,76.2,5.2,2015.0,46.0222854
27.169999999999998,13.6,4,1,0.0,1.0,105.1696224,105.1696224,1620.0,2,95.0,23.64,0.35,64.3,5.6,1994.0,16.34523792
24.18,12.1,8,1,0.0,1.0,48.8,19.7,1816.0,2,94.0,20.97,0.175,59.4,7.6,1999.0,51.150000000000006
24.7,12.4,8,2,0.0,1.0,105.1696224,105.1696224,1481.0,2,106.0,30.67,0.125,58.0,6.1,1998.0,31.838609699999996
17.16,8.6,3,1,0.0,1.0,105.1696224,105.1696224,2190.0,2,93.0,43.17,0.175,59.4,8.5,2013.0,63.44668704
20.02,10.0,5,2,0.0,1.0,105.1696224,105.1696224,1268.0,2,120.0,29.38,0.45,67.1,6.4,2006.0,7.4803451800000005
17.16,8.6,3,1,0.0,1.0,164.3,154.1,1485.0,2,107.0,35.1,0.1,57.3,5.5,2013.0,23.76
21.599999999999998,10.8,3,2,0.0,1.0,6.3,56.2,1136.0,2,96.0,39.72,0.225,60.8,3.8,2009.0,12.18161952
25.61,12.8,4,1,0.0,1.0,105.1696224,105.1696224,1333.0,2,91.0,11.68,0.05,53.1,4.5,1996.0,19.286102999999997
20.02,10.0,3,2,0.0,1.0,105.1696224,203.4,1487.0,2,125.0,31.07,0.375,65.0,5.4,2006.0,4.06042098
17.42,8.7,9,2,0.0,1.0,105.1696224,321.6,1670.0,2,102.0,45.53,0.675,73.4,6.3,2012.0,44.756
6.42,3.2,5,0,0.0,1.0,105.1696224,105.1696224,1376.0,2,87.0,9.89,0.05,51.0,7.5,1993.0,2.568
20.02,10.0,11,2,0.0,1.0,105.1696224,332.1,1841.0,2,110.0,18.52,0.35,64.3,8.9,2006.0,1.7730482
16.900000000000002,8.5,7,7,0.0,1.0,105.1696224,105.1696224,1336.0,2,91.0,29.28,0.05,51.7,7.9,2015.0,2.3201919
19.660227470000002,9.8,5,0,0.0,1.0,105.1696224,105.1696224,1280.0,2,88.0,41.57,0.325,63.6,6.5,2011.0,5.43161434
17.16,8.6,3,7,0.0,1.0,11.0,113.8,2318.0,2,94.0,42.85,0.4,65.7,9.1,2013.0,90.51553896
18.72,9.4,1,1,0.0,1.0,105.1696224,339.0,1525.0,2,98.0,36.34,0.35,64.3,3.6,2009.0,15.338930399999999
21.5,10.8,12,2,0.0,1.0,105.1696224,105.1696224,1163.0,2,120.0,31.96,0.425,66.4,7.9,2002.0,40.19224792
26.75,13.4,9,0,0.0,1.0,374.3,105.1696224,1225.0,2,120.0,43.09,0.625,72.0,4.0,1993.0,26.28251914
27.500000000000004,13.8,9,7,0.0,1.0,105.1696224,324.1,1145.0,2,100.0,32.45,0.625,72.0,3.6,1992.0,23.595501600000002
18.0,9.0,9,3,0.0,1.0,105.1696224,105.1696224,1708.0,2,101.0,27.36,0.1,57.3,6.4,2009.0,39.17681279999999
17.88,8.9,10,1,0.0,1.0,105.1696224,7.6,1251.0,2,106.0,33.87,0.525,69.2,5.5,2007.0,16.82755787
18.0,9.0,5,0,0.0,1.0,105.1696224,105.1696224,1425.0,2,94.0,42.94,0.675,73.4,7.2,2008.0,29.39985072
23.040000000000003,11.5,5,2,0.0,1.0,105.1696224,105.1696224,1408.0,2,140.0,37.64,0.65,72.7,6.9,2000.0,72.0573822
24.625,12.3,1,7,0.0,1.0,105.1696224,105.1696224,1702.0,2,99.0,16.49,0.575,70.6,4.1,1996.0,2.41782828
21.599999999999998,10.8,9,1,0.0,1.0,21.0,205.5,1120.0,2,90.0,25.68,0.2,60.1,3.7,2009.0,7.23568608
28.4,14.2,9,0,0.0,1.0,121.4,105.1696224,1108.0,2,105.0,39.72,0.325,63.6,3.4,2010.0,44.48561658
17.75,8.9,9,7,0.0,1.0,105.1696224,352.4,1456.0,2,108.0,24.25,0.25,61.5,5.3,2010.0,1.5388298599999999
17.75,8.9,4,2,0.0,1.0,105.1696224,105.1696224,1588.0,2,118.0,7.72,0.325,63.6,5.9,2010.0,5.508170059999999
20.46,10.2,7,1,0.0,1.0,105.1696224,105.1696224,1521.0,2,95.0,49.48,0.35,64.3,8.5,1999.0,437.99838744
16.77231636,8.4,12,5,0.0,1.0,105.1696224,105.1696224,1084.0,2,78.0,29.92,0.65,72.7,7.8,2012.0,10.8662744
16.080000000000002,8.0,4,1,0.0,1.0,280.5,105.1696224,1598.0,2,122.0,23.41,0.475,67.8,6.0,2012.0,128.73447938
20.64,10.3,4,1,0.0,1.0,105.1696224,69.6,1146.0,2,102.0,29.09,0.3,62.9,3.9,2002.0,130.34442424
31.349999999999998,15.7,2,1,0.0,1.0,105.1696224,105.1696224,1331.0,2,86.0,44.92,0.35,64.3,2.2,1994.0,224.08435763999998
16.080000000000002,8.0,2,0,0.0,1.0,105.1696224,105.1696224,1030.0,2,110.0,37.6,0.325,63.6,1.6,2012.0,108.90550644000001
18.48,9.2,8,2,0.0,1.0,105.1696224,105.1696224,1840.0,2,104.0,46.07,0.425,66.4,8.0,2006.0,175.86006438
23.16,11.6,12,1,0.0,1.0,239.7,105.1696224,1653.0,2,154.0,44.75,0.575,70.6,10.0,1997.0,76.56920265999999
17.28,8.6,4,1,0.0,1.0,105.1696224,39.3,1585.0,2,107.0,39.65,0.3,62.9,5.9,2008.0,62.630097119999995
20.1,10.0,2,4,0.0,1.0,105.1696224,105.1696224,1838.0,2,84.0,50.19,0.4,65.7,4.9,2012.0,194.3
20.64,10.3,2,0,0.0,1.0,33.2,105.1696224,2391.0,2,93.0,24.5,0.05,52.4,7.2,2002.0,105.16257159999999
16.080000000000002,8.0,3,1,0.0,1.0,105.1696224,105.1696224,763.0,2,88.0,46.96,0.375,65.0,2.4,2012.0,134.0
20.64,10.3,8,3,0.0,1.0,105.1696224,294.8,1148.0,2,96.0,36.89,0.4,65.7,4.9,2002.0,89.82408632
17.28,8.6,10,3,0.0,1.0,105.1696224,105.1696224,1157.0,2,89.0,26.48,0.125,58.0,5.1,2008.0,58.831803359999995
17.28,8.6,2,2,0.0,1.0,105.1696224,178.8,1075.0,2,98.0,29.95,0.125,58.0,1.7,2008.0,81.08606304
19.68,9.8,4,1,0.0,1.0,105.1696224,105.1696224,1020.0,2,97.0,20.72,0.05,52.4,3.4,2004.0,51.13440624
21.0,10.5,12,1,0.0,1.0,105.1696224,105.1696224,1305.0,2,93.0,30.32,0.325,63.6,8.6,2001.0,54.52201125
20.64,10.3,8,2,0.0,1.0,105.1696224,105.1696224,981.0,2,123.0,35.6,0.575,70.6,4.2,2002.0,96.83337528
16.080000000000002,8.0,6,9,0.0,1.0,105.1696224,105.1696224,1478.0,2,93.0,26.9,0.375,65.0,8.5,2012.0,43.85412104
15.600000000000001,7.8,5,6,0.0,1.0,105.1696224,375.4,1374.0,2,125.0,51.87,0.65,72.7,7.1,2014.0,399.3168842
22.799999999999997,11.4,9,2,0.0,1.0,105.1696224,88.6,1596.0,2,121.0,35.6,0.475,67.8,5.7,1998.0,43.551606199999995
22.32,11.2,9,3,0.0,1.0,105.1696224,115.1,1601.0,2,99.0,23.43,0.375,65.0,5.8,1999.0,39.307541820000004
15.84,7.9,11,2,0.0,1.0,78.2,76.8,1569.0,2,98.0,40.82,0.6,71.3,7.9,2013.0,132.17143104000002
18.48,9.2,3,8,0.0,1.0,105.1696224,105.1696224,1254.0,2,104.0,34.64,0.2,60.1,4.4,2006.0,35.43054746
15.600000000000001,7.8,6,2,0.0,1.0,4.5,105.1696224,2098.0,2,109.0,50.2,0.275,62.2,10.0,2015.0,111.16599
15.84,7.9,9,2,0.0,1.0,201.5,105.1696224,1440.0,2,115.0,40.9,0.6,71.3,5.4,2013.0,23.30448384
21.0,10.5,10,1,0.0,1.0,30.3,105.1696224,758.0,2,86.0,8.8,0.1,57.3,3.2,2001.0,30.261666749999996
16.44,8.2,12,1,0.0,1.0,206.6,74.9,1014.0,2,94.0,34.13,0.15,58.7,7.5,2011.0,31.42646699
18.48,9.2,8,0,0.0,1.0,105.1696224,120.5,776.0,2,88.0,46.7,0.4,65.7,3.4,2006.0,66.11380314
22.799999999999997,11.4,10,1,0.0,1.0,105.1696224,249.7,1434.0,2,100.0,6.37,0.075,56.6,6.0,1998.0,24.515300999999997
16.080000000000002,8.0,9,2,0.0,1.0,105.1696224,122.7,1318.0,2,100.0,34.28,0.275,62.2,4.8,2012.0,47.54997504
15.600000000000001,7.8,1,4,0.0,1.0,105.1696224,105.1696224,1192.0,2,106.0,42.3,0.35,64.3,2.3,2015.0,41.922713300000005
17.6,8.8,9,0,0.0,1.0,105.1696224,105.1696224,2080.0,2,95.0,27.28,0.175,59.4,8.0,1992.0,14.8261102
18.48,9.2,11,1,0.0,1.0,31.5,105.1696224,1577.0,2,86.0,20.08,0.225,60.8,7.8,2006.0,8.5347185
18.48,9.2,10,2,0.0,1.0,105.1696224,105.1696224,1639.0,2,116.0,21.03,0.2,60.1,7.1,2006.0,10.40254292
20.16,10.1,6,1,0.0,1.0,114.5,105.1696224,1076.0,2,90.0,11.57,0.05,40.5,6.6,2003.0,8.26923888
23.64,11.8,3,1,0.0,1.0,72.1,105.1696224,1087.0,2,108.0,16.62,0.175,59.4,3.5,1996.0,9.73167983
17.28,8.6,11,2,0.0,1.0,81.8,166.8,1386.0,2,110.0,26.75,0.4,65.7,7.1,2008.0,4.53338208
16.94,8.5,7,3,0.0,1.0,105.1696224,105.1696224,1430.0,2,119.0,40.26,0.425,66.4,8.3,2006.0,136.27405022
16.368000000000002,8.2,5,1,0.0,1.0,105.1696224,105.1696224,714.0,2,142.0,42.15,0.575,70.6,4.2,2013.0,11.0498322
15.84,7.9,2,2,0.0,1.0,25.2,1456.2,1295.0,2,99.0,40.12,0.375,65.0,2.7,2013.0,15.942222120000002
19.68,9.8,5,8,0.0,1.0,105.1696224,105.1696224,1402.0,2,129.0,31.38,0.475,67.8,7.0,2004.0,31.604951680000003
17.28,8.6,9,2,0.0,1.0,164.6,108.7,1297.0,2,111.0,23.08,0.375,65.0,4.7,2009.0,2.3684472
21.6,10.8,9,7,0.0,1.0,105.1696224,105.1696224,1131.0,2,114.0,22.14,0.45,67.1,3.8,2000.0,27.45
17.28,8.6,4,2,0.0,1.0,105.1696224,105.1696224,1184.0,2,132.0,21.08,0.65,72.7,4.2,2009.0,15.339597119999999
26.03,13.0,1,5,0.0,1.0,105.1696224,105.1696224,1398.0,2,89.0,6.64,0.05,40.5,2.7,2011.0,3.5209
17.04,8.5,12,4,0.0,1.0,105.1696224,105.1696224,1402.0,2,131.0,21.81,0.325,63.6,9.1,2010.0,15.921457479999999
15.600000000000001,7.8,4,2,0.0,1.0,141.4,69.2,1568.0,2,99.0,29.97,0.25,61.5,5.9,2014.0,131.7328506
18.0,9.0,9,7,0.0,1.0,7.4,105.1696224,1758.0,2,103.0,48.0,0.675,73.4,6.6,2000.0,150.40416960000002
14.72,7.4,1,1,0.0,1.0,105.1696224,50.7,1244.0,2,102.0,48.69,0.175,59.4,2.6,2016.0,120.41347583999999
35.5,17.8,12,2,0.0,1.0,114.9,188.7,1395.0,2,116.0,41.6,0.55,69.9,8.3,2010.0,132.93615278
16.94,8.5,9,0,0.0,1.0,110.6,143.4,1523.0,2,95.0,30.04,0.35,64.3,5.7,2006.0,112.07921648
24.200000000000003,12.1,3,1,0.0,1.0,105.1696224,105.1696224,1656.0,2,120.0,36.09,0.575,70.6,5.9,1992.0,140.99481440000002
14.3,7.2,8,2,0.0,1.0,105.1696224,108.8,1191.0,2,106.0,41.65,0.575,70.6,5.3,2014.0,102.5372959
22.36,11.2,9,7,0.0,1.0,347.2,23.9,1700.0,2,81.0,43.97,0.425,66.4,6.2,2002.0,168.27987736
18.919999999999998,9.5,1,2,0.0,1.0,165.8,105.1696224,1732.0,2,101.0,42.42,0.625,72.0,4.5,2002.0,70.91055868
22.33,11.2,12,2,0.0,1.0,105.1696224,245.8,1875.0,2,122.0,33.9,0.575,70.6,10.0,1995.0,79.90817905
19.53,9.8,3,2,0.0,1.0,105.1696224,8.2,2018.0,2,97.0,38.36,0.4,65.7,7.7,1999.0,141.17810688
15.84,7.9,10,3,0.0,1.0,105.1696224,216.8,1055.0,2,90.0,41.92,0.25,61.5,4.7,2009.0,98.25642575999998
15.84,7.9,9,0,0.0,1.0,49.9,105.1696224,1363.0,2,114.0,25.89,0.6,71.3,5.0,2008.0,54.8717688
19.25,9.6,10,0,0.0,1.0,105.1696224,105.1696224,1396.0,2,86.0,18.04,0.05,48.2,6.0,2001.0,41.9622035
26.400000000000002,13.2,8,2,0.0,1.0,105.1696224,105.1696224,1430.0,2,91.0,25.76,0.225,60.8,5.9,1992.0,81.7741254
14.3,7.2,10,2,0.0,1.0,105.1696224,65.6,1116.0,2,111.0,44.37,0.55,69.9,5.0,2015.0,80.69898330000001
42.0,21.0,11,1,0.0,1.0,105.1696224,17.1,1100.0,2,89.0,19.6,0.2,60.1,4.8,2001.0,25.869683000000002
43.2,21.6,10,1,0.0,1.0,154.2,105.1696224,1664.0,2,84.0,14.18,0.175,59.4,6.1,2000.0,24.66
14.74,7.4,9,2,0.0,1.0,105.1696224,105.1696224,1078.0,2,98.0,25.99,0.325,63.6,3.8,2012.0,79.75719932
19.25,9.6,3,1,0.0,1.0,105.1696224,105.1696224,1423.0,2,95.0,25.05,0.05,53.8,5.1,2001.0,41.003840499999995
19.25,9.6,11,2,0.0,1.0,105.1696224,105.1696224,1115.0,2,100.0,34.0,0.5,68.5,5.8,2001.0,22.943284
14.3,7.2,4,2,0.0,1.0,48.0,131.0,958.0,2,120.0,37.2,0.575,70.6,3.4,2015.0,80.1057049
24.08,12.0,2,1,0.0,1.0,105.1696224,105.1696224,1523.0,2,86.0,28.07,0.1,57.3,3.4,2002.0,11.031933800000001
23.540000000000003,11.8,12,6,0.0,1.0,105.1696224,125.6,1488.0,2,118.0,42.42,0.625,72.0,9.2,1993.0,64.2
16.8,8.4,9,2,0.0,1.0,105.1696224,105.1696224,1571.0,2,125.0,17.24,0.8,76.9,5.9,2003.0,6.8360712
22.33,11.2,5,1,0.0,1.0,105.1696224,105.1696224,2188.0,2,113.0,9.39,0.4,65.7,10.0,1995.0,5.750636779999999
14.520000000000001,7.3,10,2,0.0,1.0,219.3,105.1696224,1442.0,2,105.0,43.43,0.55,69.9,6.4,2013.0,43.47462108
24.97,12.5,8,2,0.0,1.0,105.1696224,105.1696224,1619.0,2,98.0,28.45,0.05,55.2,6.7,1991.0,6.37382858
15.552,7.8,10,3,0.0,1.0,105.1696224,234.4,978.0,2,92.0,42.3,0.225,60.8,4.4,2008.0,163.95484752
11.396,5.7,8,2,0.0,1.0,105.1696224,48.2,864.0,2,193.0,17.35,0.275,62.2,4.1,2006.0,26.18
26.040000000000003,13.0,4,2,0.0,1.0,105.1696224,156.1,2014.0,2,97.0,20.5,0.325,63.6,7.4,1999.0,34.475455260000004
14.9,7.4,4,6,0.0,1.0,105.1696224,115.2,1026.0,2,97.0,31.49,0.2,60.1,3.6,2007.0,26.075
16.080000000000002,8.0,6,2,0.0,1.0,105.1696224,105.1696224,995.0,2,145.0,22.93,0.35,64.3,6.4,2012.0,12.89461364
19.3,9.6,12,2,0.0,1.0,43.2,656.9,1379.0,2,126.0,45.61,0.725,74.8,8.9,1997.0,436.05152955
15.4,7.7,10,3,0.0,3.0,243.2,243.2,1322.0,2,108.0,42.36,0.275,62.2,5.9,2006.0,252.3702951
50.4,25.2,8,1,0.0,1.0,105.1696224,35.4,1388.0,2,98.0,33.09,0.2,60.1,4.6,2000.0,162.8098722
12.8,6.4,6,0,1.0,2.0,129.7,105.1696224,1221.0,2,105.0,48.03,0.275,62.2,7.5,2016.0,151.7924864
18.6,9.3,1,1,0.0,1.0,105.1696224,105.1696224,1816.0,2,95.0,27.62,0.175,59.4,4.8,1999.0,191.89059954
14.9,7.4,10,3,0.0,4.0,247.8,247.8,1067.0,2,93.0,40.91,0.225,60.8,4.8,2007.0,207.63542317
15.9,8.0,1,2,0.0,1.0,105.1696224,616.0,871.0,2,101.0,32.85,0.15,58.7,1.0,2005.0,145.00230621000003
9.24,4.6,2,2,0.0,1.0,105.1696224,105.1696224,1622.0,2,110.0,23.15,0.25,61.5,4.4,2006.0,88.13654696
22.0,11.0,10,1,0.0,1.0,105.1696224,105.1696224,1592.0,2,101.0,27.55,0.35,64.3,6.7,1992.0,111.6551414
16.4,8.2,10,3,0.0,1.0,105.1696224,74.7,1147.0,2,92.0,43.23,0.2,60.1,5.1,2004.0,300.89834728
23.64,11.8,2,1,0.0,1.0,105.1696224,105.1696224,883.0,2,92.0,39.81,0.375,65.0,1.0,1996.0,81.17404502999999
17.5,8.8,7,3,0.0,1.0,105.1696224,105.1696224,1114.0,2,90.0,38.29,0.275,62.2,6.9,2001.0,103.63113075000001
13.700000000000001,6.8,11,2,0.0,1.0,241.1,68.2,1318.0,2,124.0,37.23,0.475,67.8,6.9,2011.0,187.46553372
17.5,8.8,1,4,0.0,1.0,105.1696224,105.1696224,1783.0,2,83.0,22.82,0.4,65.7,4.7,2001.0,77.8064875
12.8,6.4,1,3,0.0,1.0,89.0,105.1696224,965.0,2,97.0,44.02,0.2,60.1,1.4,2016.0,82.16110976
14.2,7.1,1,3,0.0,1.0,58.8,105.1696224,1312.0,2,80.0,41.56,0.2,60.1,2.9,2010.0,47.68810849999999
34.4,17.2,11,1,0.0,1.0,105.1696224,84.8,1780.0,2,85.0,25.68,0.25,61.5,8.0,2002.0,57.666156199999996
13.0,6.5,6,2,1.0,3.0,105.1696224,105.1696224,497.0,2,97.0,46.19,0.3,62.9,4.4,2015.0,135.5950063
22.0,11.0,3,3,0.0,1.0,105.1696224,105.1696224,1782.0,2,108.0,28.91,0.1,57.3,6.6,1992.0,70.6222
12.959999999999999,6.5,10,1,0.0,1.0,4.8,105.1696224,916.0,2,89.0,36.79,0.35,64.3,4.2,2008.0,47.48246928
18.6,9.3,11,8,0.0,1.0,4.3,12.7,1502.0,2,130.0,32.92,0.45,67.1,7.5,1999.0,57.0143754
20.9,10.4,11,0,0.0,1.0,105.1696224,105.1696224,1495.0,2,100.0,17.48,0.25,61.5,7.4,1994.0,61.43015361999999
14.62,7.3,9,2,0.0,1.0,105.1696224,66.7,1726.0,2,84.0,21.19,0.05,54.5,6.6,2002.0,59.1873328
18.48,9.2,10,1,0.0,1.0,105.1696224,105.1696224,1578.0,2,103.0,28.28,0.075,56.6,6.8,2006.0,59.088119860000006
19.0,9.5,6,1,0.0,1.0,105.1696224,242.4,558.0,2,100.0,30.16,0.275,62.2,4.4,1998.0,48.6495285
83.2,41.6,8,0,0.0,1.0,105.1696224,211.0,1757.0,2,102.0,41.95,0.3,62.9,4.8,2016.0,183.93003264
13.0,6.5,8,3,1.0,2.0,105.1696224,105.1696224,1378.0,2,97.0,39.59,0.1,57.3,6.2,2015.0,68.7466234
18.76,9.4,8,2,0.0,1.0,51.7,904.2,1319.0,2,116.0,15.69,0.2,60.1,5.7,2012.0,33.01420846
14.399999999999999,7.2,11,7,0.0,1.0,105.1696224,138.2,1511.0,2,98.0,38.08,0.2,60.1,7.7,2009.0,60.959944799999995
17.099999999999998,8.5,9,1,0.0,1.0,1.1,105.1696224,1647.0,2,93.0,35.51,0.625,72.0,6.2,1998.0,32.4825007
14.2,7.1,11,4,0.0,1.0,62.3,105.1696224,1555.0,2,100.0,39.67,0.05,52.4,7.9,2010.0,94.88587112
13.0,6.5,2,2,0.0,1.0,227.7,544.2,1255.0,2,122.0,35.07,0.325,63.6,2.7,2015.0,111.7717458
23.700000000000003,11.9,8,2,0.0,1.0,105.1696224,105.1696224,791.0,2,129.0,16.87,0.325,63.6,3.2,1990.0,38.28401541
26.07,13.0,1,0,0.0,1.0,105.1696224,105.1696224,1301.0,2,96.0,42.17,0.4,65.7,2.3,1990.0,115.11564000000001
21.168,10.6,5,3,0.0,1.0,105.1696224,105.1696224,1557.0,2,84.0,42.51,0.25,61.5,7.6,2003.0,48.132965999999996
46.5,23.2,3,0,0.0,1.0,23.6,67.2,1283.0,2,110.0,19.48,0.25,61.5,3.4,1999.0,28.190532
13.200000000000001,6.6,5,2,0.0,1.0,4.2,97.2,1553.0,2,130.0,35.12,0.5,68.5,7.9,2013.0,28.495764000000005
14.9,7.4,2,0,0.0,1.0,105.1696224,105.1696224,1667.0,2,84.0,19.8,0.15,58.7,4.4,2007.0,30.30981989
8.768,4.4,10,2,0.0,1.0,105.1696224,105.1696224,1332.0,2,99.0,37.1,0.4,65.7,6.2,2011.0,48.02904352
15.9,8.0,5,0,0.0,1.0,105.1696224,323.0,287.0,2,96.0,22.73,0.3,62.9,2.4,2005.0,27.50261796
6.5,3.2,7,7,0.0,1.0,105.1696224,100.9,818.0,2,108.0,40.09,0.425,66.4,6.1,2015.0,76.6722489
18.6,9.3,2,1,0.0,1.0,105.1696224,105.1696224,2046.0,2,89.0,35.56,0.6,71.3,5.8,1999.0,23.85973218
18.6,9.3,7,1,0.0,1.0,105.1696224,105.1696224,1195.0,2,98.0,24.55,0.35,64.3,7.2,1999.0,19.66281888
13.0,6.5,12,2,0.0,1.0,554.8,199.9,636.0,2,105.0,40.64,0.45,67.1,6.0,2014.0,37.5485643
57.0,28.5,9,1,0.0,1.0,105.1696224,105.1696224,2202.0,2,100.0,22.77,0.3,62.9,6.9,1998.0,18.8069828
14.2,7.1,5,0,0.0,1.0,105.1696224,105.1696224,1347.0,2,90.0,32.53,0.05,55.2,7.0,2010.0,8.6762
7.92,4.0,1,1,0.0,1.0,88.7,207.7,1666.0,2,90.0,43.12,0.05,50.3,4.7,2013.0,42.81946416
13.4,6.7,6,1,0.0,1.0,105.1696224,336.0,1431.0,2,101.0,41.54,0.325,63.6,8.4,2012.0,12.91262726
38.0,19.0,10,2,0.0,1.0,105.1696224,105.1696224,1740.0,2,119.0,51.74,0.8,76.9,6.7,1998.0,45.362741299999996
34.199999999999996,17.1,9,2,0.0,1.0,105.1696224,105.1696224,1669.0,2,131.0,23.67,0.575,70.6,5.5,1998.0,18.041275199999998
12.540000000000001,6.3,9,1,0.0,1.0,105.1696224,105.3,1570.0,2,88.0,32.58,0.35,64.3,6.0,2013.0,10.296
14.9,7.4,9,1,0.0,1.0,105.1696224,84.7,2146.0,2,100.0,33.2,0.3,62.9,8.4,2007.0,49.17
11.700000000000001,5.9,9,2,0.0,1.0,33.1,67.2,1657.0,2,121.0,30.94,0.375,65.0,6.5,2014.0,28.0425457
15.4,7.7,9,0,0.0,1.0,105.1696224,140.2,801.0,2,126.0,34.74,0.475,67.8,2.6,2006.0,11.05280022
13.0,6.5,3,1,0.0,1.0,105.1696224,108.6,1486.0,2,107.0,34.22,0.4,65.7,5.7,2015.0,14.0864776
13.700000000000001,6.8,9,2,0.0,1.0,105.1696224,81.2,1737.0,2,83.0,29.21,0.275,62.2,6.7,2011.0,6.052084600000001
24.610000000000003,12.3,9,0,0.0,1.0,105.1696224,474.9,1867.0,2,100.0,21.2,0.175,59.4,6.8,1993.0,7.0097519
18.6,9.3,5,0,0.0,1.0,147.7,105.1696224,1237.0,2,89.0,27.51,0.4,65.7,6.4,1999.0,5.939169720000001
10.66,5.3,1,2,0.0,1.0,105.1696224,146.3,1714.0,2,112.0,40.5,0.55,69.9,4.7,2004.0,161.39250004
18.0,9.0,9,2,0.0,1.0,105.1696224,105.1696224,1705.0,2,140.0,16.66,0.35,64.3,6.4,2000.0,9.295927200000001
12.8,6.4,1,3,0.0,1.0,105.1696224,105.1696224,2228.0,2,95.0,36.46,0.05,53.1,6.9,2016.0,51.27096192
13.0,6.5,4,1,0.0,1.0,17.6,400.9,1067.0,2,97.0,36.11,0.2,60.1,3.9,2015.0,9.8637305
13.700000000000001,6.8,6,2,0.0,1.0,559.2,105.1696224,1159.0,2,98.0,19.61,0.5,68.5,7.2,2011.0,2.41017524
18.0,9.0,2,0,0.0,1.0,105.1696224,210.3,1273.0,2,101.0,19.29,0.1,57.3,2.5,2000.0,2.9373102
26.8,13.4,9,7,0.0,1.0,105.1696224,4.2,1296.0,2,105.0,36.24,0.35,64.3,4.3,2012.0,2.63871862
13.700000000000001,6.8,9,7,0.0,1.0,38.8,134.1,1025.0,2,102.0,34.3,0.375,65.0,3.7,2011.0,5.02114453
14.399999999999999,7.2,9,1,0.0,1.0,105.1696224,132.0,377.0,2,96.0,33.26,0.275,62.2,1.0,2009.0,10.112728319999999
14.9,7.4,5,2,0.0,1.0,31.6,105.1696224,1197.0,2,111.0,29.55,0.25,61.5,6.3,2007.0,32.46223962
17.2,8.6,10,1,0.0,1.0,78.9,160.9,1501.0,2,89.0,20.61,0.05,53.1,6.6,2002.0,1.0296694
7.199999999999999,3.6,4,0,0.0,1.0,105.1696224,111.1,1099.0,2,106.0,23.8,0.15,58.7,4.3,2008.0,1.8665049599999999
10.549000000000001,5.3,2,2,0.0,1.0,105.1696224,243.2,1983.0,2,123.0,25.76,0.225,60.8,5.9,2011.0,1.4694647400000003
13.68,6.8,4,1,0.0,1.0,181.0,105.1696224,1341.0,2,107.0,36.52,0.35,64.3,5.0,2009.0,24.716702880000003
15.264,7.6,9,2,0.0,1.0,105.1696224,1.1,1805.0,2,144.0,18.28,0.25,61.5,6.9,2005.0,6.974115240000001
19.8,9.9,1,1,0.0,1.0,105.1696224,57.3,1489.0,2,98.0,28.03,0.35,64.3,3.4,2000.0,107.6891904
11.926000000000002,6.0,7,2,0.0,1.0,11.8,105.1696224,1609.0,2,127.0,34.78,0.625,72.0,9.2,2012.0,26.58491928
19.865795180000003,9.9,3,1,0.0,1.0,105.1696224,16.2,1496.0,2,121.0,36.39,0.575,70.6,5.4,2006.0,131.79690678
10.138000000000002,5.1,5,2,0.0,1.0,36.6,81.0,1780.0,2,136.0,43.39,0.5,68.5,9.1,2011.0,29.889698260000003
14.2,7.1,3,2,0.0,1.0,105.1696224,117.1,1362.0,2,106.0,35.09,0.325,63.6,5.1,2010.0,4.254051619999999
9.94,5.0,2,1,0.0,1.0,105.1696224,105.1696224,1473.0,2,110.0,25.99,0.5,68.5,3.7,2010.0,11.672705299999999
17.73,8.9,11,2,0.0,1.0,57.3,105.1696224,1506.0,2,118.0,24.52,0.475,67.8,7.5,1996.0,81.93404541999999
16.740000000000002,8.4,10,2,0.0,1.0,105.1696224,105.1696224,1267.0,2,120.0,19.2,0.45,67.1,5.6,1999.0,64.3072308
13.41,6.7,5,9,0.0,1.0,128.3,61.2,1476.0,2,123.0,32.58,0.575,70.6,7.6,2007.0,36.56238437
11.700000000000001,5.9,7,3,1.0,2.0,117.9,105.1696224,2099.0,2,104.0,53.17,0.4,65.7,10.0,2014.0,141.41770110000002
14.76,7.4,5,1,0.0,1.0,131.7,105.1696224,1253.0,2,88.0,35.65,0.4,65.7,6.6,2004.0,39.256529119999996
46.800000000000004,23.4,2,7,0.0,1.0,105.1696224,105.1696224,1815.0,2,118.0,30.05,0.375,65.0,3.6,2000.0,51.804459
13.86,6.9,12,3,0.0,1.0,105.1696224,105.1696224,1779.0,2,84.0,19.63,0.05,53.1,10.0,2006.0,33.12671054
15.3,7.6,9,0,0.0,1.0,105.1696224,105.1696224,1752.0,2,119.0,27.36,0.35,64.3,6.7,2000.0,34.4257218
15.48,7.7,9,1,0.0,1.0,105.1696224,105.1696224,1359.0,2,97.0,13.43,0.375,65.0,5.0,2002.0,8.2172398
18.81,9.4,4,1,0.0,1.0,105.1696224,105.1696224,554.0,2,79.0,27.31,0.25,61.5,1.4,1994.0,9.09311766
13.41,6.7,6,2,0.0,1.0,40.2,105.1696224,1515.0,2,97.0,14.56,0.25,61.5,8.8,2007.0,4.40300811
12.330000000000002,6.2,8,9,0.0,1.0,105.1696224,105.1696224,546.0,2,84.0,28.7,0.45,67.1,2.7,2011.0,25.568636060000003
7.800000000000001,3.9,4,1,0.0,1.0,105.1696224,58.8,1792.0,2,98.0,21.74,0.2,60.1,7.2,2014.0,18.6530877
12.78,6.4,5,2,0.0,1.0,105.1696224,105.1696224,1387.0,2,130.0,6.49,0.05,53.1,7.3,2010.0,1.09552858
14.31,7.2,8,1,0.0,1.0,105.1696224,95.8,1693.0,2,97.0,13.22,0.05,51.0,7.5,2005.0,1.66340394
128.14,64.1,11,7,0.0,1.0,105.1696224,4.9,2166.0,2,84.0,35.44,0.325,63.6,5.6,2007.0,21.41699925
10.08,5.0,12,2,0.0,1.0,105.1696224,108.1,757.0,2,112.0,35.14,0.45,67.1,6.7,2009.0,56.825910719999996
11.22,5.6,9,1,0.0,1.0,105.1696224,51.7,1403.0,2,96.0,30.25,0.15,58.7,5.4,2013.0,29.64259188
18.48,9.2,9,2,0.0,1.0,13.4,105.1696224,1373.0,2,122.0,18.33,0.45,67.1,4.9,2006.0,31.013807440000004
11.05,5.5,2,6,0.0,1.0,105.1696224,105.1696224,1138.0,2,100.0,44.65,0.45,67.1,2.3,2015.0,56.587224199999994
38.5,19.2,9,2,0.0,1.0,105.1696224,105.1696224,1615.0,2,104.0,18.85,0.05,43.3,5.1,2001.0,9.2254155
12.24,6.1,11,2,0.0,1.0,249.7,105.1696224,2291.0,2,119.0,27.9,0.45,67.1,10.0,2009.0,6.3936792
17.04,8.5,2,2,0.0,1.0,26.2,37.2,1662.0,2,145.0,33.06,0.675,73.4,4.3,2010.0,60.1304112
11.88,5.9,10,0,0.0,1.0,26.7,155.5,1686.0,2,106.0,40.63,0.4,65.7,7.6,2013.0,8.0635104
14.88,7.4,6,0,0.0,1.0,26.1,105.1696224,1644.0,2,126.0,0.5,0.5,68.5,9.3,1999.0,3.7159210200000006
10.01,5.0,5,2,0.0,1.0,105.1696224,142.3,1818.0,2,124.0,24.63,0.525,69.2,9.2,2006.0,35.24908772
10.164000000000001,5.1,5,6,0.0,1.0,105.1696224,105.1696224,1235.0,2,159.0,17.65,0.55,69.9,6.7,2013.0,60.720000000000006
16.72,8.4,10,7,0.0,1.0,32.3,105.1696224,648.0,2,154.0,57.69,0.825,77.6,2.9,1994.0,447.11111258
11.05,5.5,10,7,0.0,1.0,105.1696224,202.9,1244.0,2,117.0,54.01,0.65,72.7,5.7,2014.0,50.30638210000001
13.94,7.0,2,1,0.0,1.0,32.4,105.1696224,1624.0,2,104.0,15.44,0.05,55.2,4.2,2004.0,8.2027142
12.32,6.2,7,1,0.0,1.0,105.1696224,26.5,984.0,2,102.0,33.11,0.625,72.0,6.5,2006.0,154.80569874
8.6,4.3,10,3,0.0,1.0,145.9,105.1696224,1224.0,2,113.0,46.07,0.525,69.2,5.7,2002.0,142.2782022
13.76,6.9,10,1,0.0,1.0,46.6,105.1696224,1095.0,2,109.0,18.05,0.5,68.5,5.0,2002.0,47.06386464
10.96,5.5,9,1,0.0,1.0,4.2,138.0,1835.0,2,100.0,42.45,0.5,68.5,7.3,2011.0,53.687262710000006
10.4,5.2,1,1,0.0,1.0,105.1696224,100.3,1566.0,2,94.0,43.91,0.275,62.2,4.1,2014.0,33.8638066
29.259999999999998,14.6,10,3,0.0,1.0,105.1696224,105.1696224,1721.0,2,112.0,33.07,0.35,64.3,7.0,1994.0,37.80847829
14.88,7.4,10,2,0.0,1.0,105.1696224,105.1696224,1566.0,2,91.0,20.42,0.2,60.1,6.9,1999.0,42.02374074
12.32,6.2,4,2,0.0,1.0,105.1696224,105.1696224,1310.0,2,112.0,21.37,0.425,66.4,4.9,2006.0,29.180574500000002
15.2,7.6,1,1,0.0,1.0,105.1696224,105.1696224,1421.0,2,82.0,26.23,0.35,64.3,3.3,1998.0,33.174037999999996
11.52,5.8,1,1,0.0,1.0,105.1696224,279.7,900.0,2,97.0,32.49,0.05,55.9,1.2,2009.0,41.77557648
12.6,6.3,4,7,0.0,1.0,105.1696224,105.1696224,561.0,2,102.0,46.02,0.575,70.6,1.7,2000.0,61.67981520000001
13.76,6.9,1,2,0.0,1.0,105.1696224,89.1,1390.0,2,93.0,28.55,0.275,62.2,3.2,2002.0,28.99253328
12.32,6.2,7,0,0.0,1.0,105.1696224,105.1696224,1437.0,2,116.0,21.64,0.375,65.0,8.5,2006.0,19.513802000000002
11.52,5.8,11,0,1.0,2.0,105.1696224,105.1696224,1738.0,2,118.0,32.1,0.225,60.8,8.8,2009.0,15.306222239999999
11.36,5.7,9,1,0.0,1.0,105.1696224,105.1696224,1864.0,2,92.0,46.05,0.425,66.4,7.4,2010.0,106.43227309999999
14.4,7.2,5,2,0.0,1.0,105.1696224,105.1696224,1893.0,2,92.0,23.25,0.4,65.7,9.4,2000.0,14.9022306
10.96,5.5,4,1,1.0,5.0,20.3,105.1696224,960.0,2,104.0,30.63,0.175,59.4,3.5,2011.0,13.878100000000002
10.4,5.2,12,5,0.0,1.0,105.1696224,105.1696224,1181.0,2,90.0,37.11,0.5,68.5,8.5,2015.0,7.3570718
11.36,5.7,11,1,0.0,1.0,105.1696224,105.1696224,1482.0,2,129.0,25.3,0.5,68.5,7.7,2010.0,25.73645204
18.16,9.1,8,0,0.0,1.0,105.1696224,105.1696224,2268.0,2,79.0,26.89,0.175,59.4,9.8,1991.0,5.16551439
11.36,5.7,7,1,0.0,1.0,7.6,105.1696224,1832.0,2,101.0,31.79,0.475,67.8,10.0,2010.0,9.2175608
15.44,7.7,1,2,0.0,1.0,16.4,105.1696224,1746.0,2,106.0,27.29,0.425,66.4,4.7,1997.0,1.13735672
10.56,5.3,9,1,0.0,1.0,105.1696224,105.1696224,1170.0,2,104.0,43.24,0.575,70.6,4.4,2013.0,83.77361652
12.72,6.4,5,2,0.0,1.0,105.1696224,85.1,1018.0,2,112.0,25.59,0.225,60.8,5.7,2005.0,1.35606648
11.36,5.7,6,0,0.0,1.0,166.2,131.5,1590.0,2,98.0,29.61,0.35,64.3,9.2,2010.0,4.90332106
12.72,6.4,10,2,0.0,1.0,105.1696224,105.1696224,942.0,2,124.0,8.22,0.275,62.2,4.3,2005.0,3.21022431
13.104,6.6,5,7,0.0,1.0,105.1696224,105.1696224,1248.0,2,102.0,29.82,0.35,64.3,6.6,2003.0,37.70142264
15.224999999999998,7.6,1,7,0.0,1.0,105.1696224,105.1696224,1312.0,2,91.0,34.9,0.375,65.0,2.8,1995.0,65.75585541
10.335,5.2,9,1,0.0,1.0,105.1696224,124.7,1861.0,2,92.0,40.82,0.525,69.2,7.4,2005.0,39.42167931
15.197999999999999,7.6,6,3,0.0,2.0,128.1,105.1696224,1228.0,2,93.0,36.95,0.15,58.7,7.5,2007.0,53.07308629
10.799999999999999,5.4,10,2,0.0,1.0,105.1696224,105.1696224,454.0,2,100.0,34.68,0.45,67.1,2.3,2009.0,37.57946688
16.35239157,8.2,10,1,0.0,1.0,105.1696224,158.4,1540.0,2,104.0,21.14,0.175,59.4,6.8,2005.0,18.42524595
11.18,5.6,1,0,0.0,1.0,105.1696224,105.1696224,1067.0,2,105.0,27.05,0.45,67.1,2.0,2002.0,21.730044839999998
12.9,6.4,9,1,0.0,1.0,105.1696224,105.1696224,1344.0,2,102.0,10.35,0.05,51.0,5.1,2002.0,7.3028964
12.299999999999999,6.1,11,2,0.0,1.0,105.1696224,105.1696224,1293.0,2,110.0,5.43,0.275,62.2,6.9,2004.0,5.490141079999999
11.52,5.8,9,1,0.0,1.0,23.9,105.1696224,1219.0,2,92.0,33.01,0.175,59.4,4.6,2009.0,15.622247519999998
10.96,5.5,12,2,0.0,1.0,105.1696224,330.5,1586.0,2,113.0,26.1,0.3,62.9,10.0,2011.0,7.71971436
10.799999999999999,5.4,3,2,0.0,1.0,105.1696224,105.1696224,771.0,2,107.0,39.23,0.625,72.0,2.7,2008.0,27.36
8.96,4.5,6,7,0.0,1.0,60.3,23.0,1109.0,2,117.0,44.01,0.35,64.3,7.2,2016.0,1.70639872
10.511999999999999,5.3,11,7,0.0,1.0,105.1696224,47.6,1545.0,2,103.0,34.57,0.425,66.4,8.0,2009.0,14.874835679999999
11.175,5.6,12,1,0.0,1.0,39.4,105.1696224,1097.0,2,96.0,36.41,0.5,68.5,8.1,2007.0,344.80326016
10.799999999999999,5.4,7,1,0.0,1.0,105.1696224,188.5,745.0,2,95.0,46.1,0.55,69.9,5.6,2009.0,87.44073696
14.98,7.5,5,2,0.0,1.0,105.1696224,105.1696224,1584.0,2,121.0,35.13,0.525,69.2,8.0,1993.0,249.73800000000003
9.38,4.7,6,2,0.0,1.0,151.6,223.0,1687.0,2,110.0,43.3,0.275,62.2,9.7,2012.0,224.07690514000004
9.042,4.5,5,1,0.0,1.0,105.1696224,105.1696224,1275.0,2,112.0,20.44,0.25,61.5,6.9,2011.0,51.663535700000004
11.13,5.6,9,2,0.0,1.0,56.8,105.1696224,625.0,2,93.0,35.15,0.45,67.1,2.1,2005.0,86.81400000000001
11.13,5.6,9,7,0.0,1.0,105.1696224,105.1696224,1558.0,2,114.0,34.97,0.45,67.1,6.1,2005.0,78.0448797
14.209999999999999,7.1,8,7,0.0,1.0,105.1696224,105.1696224,761.0,2,104.0,39.33,0.45,67.1,3.5,1995.0,51.573053349999995
9.1,4.6,1,3,0.0,1.0,105.1696224,105.1696224,1399.0,2,89.0,33.08,0.05,50.3,3.5,2014.0,47.3641675
13.79,6.9,3,1,0.0,1.0,105.1696224,105.1696224,1027.0,2,92.0,22.46,0.325,63.6,3.7,1996.0,28.96380286
0.9099999999999999,0.5,6,7,0.0,1.0,41.4,105.1696224,803.0,2,103.0,41.12,0.55,69.9,6.3,2015.0,23.3828153
13.020000000000001,6.5,8,2,0.0,1.0,105.1696224,46.6,1176.0,2,97.0,15.93,0.3,62.9,5.3,1999.0,26.06130444
11.76,5.9,4,3,0.0,1.0,105.1696224,105.1696224,1253.0,2,89.0,36.13,0.25,61.5,4.7,2003.0,28.2736356
10.08,5.0,10,1,0.0,1.0,182.0,105.1696224,1075.0,2,105.0,38.44,0.4,65.7,5.0,2009.0,45.25968096
9.1,4.6,9,6,0.0,1.0,52.4,105.1696224,1497.0,2,116.0,26.47,0.5,68.5,5.9,2014.0,19.004345100000002
13.020000000000001,6.5,8,6,0.0,1.0,105.1696224,105.1696224,1174.0,2,96.0,15.46,0.15,58.7,5.3,1999.0,13.563445500000002
12.25,6.1,4,0,0.0,1.0,105.1696224,105.1696224,1666.0,2,113.0,13.98,0.425,66.4,6.5,2001.0,8.26064925
11.479999999999999,5.7,11,2,0.0,1.0,105.1696224,105.1696224,1413.0,2,192.0,18.63,0.6,71.3,7.4,2004.0,48.191924799999995
12.04,6.0,10,2,0.0,1.0,105.1696224,105.1696224,1076.0,2,104.0,25.03,0.275,62.2,5.0,2002.0,3.54675352
9.59,4.8,9,2,0.0,1.0,105.1696224,33.9,993.0,2,112.0,37.24,0.6,71.3,3.7,2011.0,8.273350540000001
10.08,5.0,9,1,0.0,1.0,105.1696224,105.1696224,724.0,2,106.0,25.18,0.175,59.4,2.5,2009.0,2.05819056
9.1,4.6,10,6,0.0,1.0,26.2,39.4,1393.0,2,103.0,26.61,0.525,69.2,6.4,2015.0,0.7453355
9.24,4.6,2,2,0.0,1.0,105.1696224,105.1696224,1168.0,2,170.0,16.99,0.425,66.4,2.5,2013.0,1.73008836
9.38,4.7,10,5,0.0,1.0,105.1696224,105.1696224,464.0,2,76.0,22.16,0.05,55.2,2.4,2012.0,16.616000000000003
10.08,5.0,3,0,0.0,1.0,105.1696224,105.1696224,1113.0,2,97.0,27.13,0.475,67.8,4.2,2008.0,12.816
14.766000000000002,7.4,9,1,0.0,1.0,105.1696224,105.1696224,1032.0,2,102.0,39.63,0.6,71.3,3.6,1993.0,17.10510346
9.246,4.6,9,3,0.0,1.0,105.1696224,472.9,1844.0,2,101.0,39.38,0.15,58.7,7.4,2012.0,59.34475554000001
9.655999999999999,4.8,9,2,0.0,1.0,105.1696224,105.1696224,701.0,2,130.0,37.25,0.725,74.8,2.4,2010.0,10.087449959999999
8.450000000000001,4.2,10,3,1.0,2.0,99.2,105.1696224,780.0,2,99.0,49.37,0.15,58.7,3.8,2014.0,331.8559569
14.755,7.4,7,7,0.0,1.0,105.1696224,105.1696224,1736.0,2,112.0,35.15,0.6,71.3,9.7,1991.0,130.53423663
12.09,6.0,4,7,1.0,1.0,105.1696224,105.1696224,1796.0,2,98.0,29.96,0.5,68.5,7.0,1999.0,52.92001692
10.01,5.0,9,1,0.0,1.0,105.1696224,105.1696224,1039.0,2,88.0,30.67,0.05,55.2,3.9,2006.0,20.58739298
8.905000000000001,4.5,10,2,0.0,1.0,105.1696224,9.7,1068.0,2,100.0,44.76,0.5,68.5,5.1,2011.0,24.24033475
10.66,5.3,9,2,0.0,1.0,105.1696224,105.1696224,1522.0,2,105.0,38.63,0.5,68.5,5.9,2004.0,19.434350959999996
10.335,5.2,10,2,0.0,2.0,105.1696224,5.5,489.0,2,100.0,15.5,0.75,75.5,2.5,2005.0,3.21980088
8.58,4.3,5,2,0.0,1.0,105.1696224,105.1696224,634.0,2,116.0,34.4,0.375,65.0,4.2,2013.0,3.1699932000000004
10.66,5.3,7,6,0.0,1.0,105.1696224,96.1,1208.0,2,96.0,22.43,0.45,67.1,7.6,2004.0,2.5402862
9.36,4.7,11,2,0.0,1.0,105.1696224,29.7,1836.0,2,113.0,26.93,0.525,69.2,9.3,2009.0,2.19061584
8.064,4.0,2,1,0.0,1.0,105.1696224,105.1696224,1128.0,2,121.0,29.9,0.6,71.3,2.3,2003.0,133.3665984
12.18,6.1,10,6,0.0,1.0,105.1696224,105.1696224,1357.0,2,94.0,34.1,0.45,67.1,6.2,1995.0,4.30879883
9.84,4.9,6,9,0.0,1.0,61.2,88.8,1695.0,2,122.0,34.15,0.45,67.1,9.7,2004.0,195.34780788
11.16,5.6,7,1,0.0,1.0,105.1696224,105.1696224,2049.0,2,106.0,22.53,0.525,69.2,10.0,1999.0,46.61093040000001
12.18,6.1,7,2,0.0,1.0,105.1696224,105.1696224,1120.0,2,106.0,50.1,0.775,76.2,7.1,1995.0,47.38338303999999
8.6,4.3,3,1,0.0,1.0,105.1696224,105.1696224,1280.0,2,92.0,43.04,0.225,60.8,5.0,2002.0,65.83383076
8.64,4.3,9,2,0.0,1.0,18.4,16.9,1924.0,2,109.0,44.62,0.575,70.6,7.7,2008.0,64.37375279999999
8.94,4.5,8,1,0.0,1.0,105.1696224,68.3,757.0,2,89.0,31.32,0.05,50.3,3.7,2007.0,27.11412302
24.54371929,12.3,1,7,0.0,1.0,105.1696224,65.8,1805.0,2,113.0,25.07,0.325,63.6,4.5,1997.0,36.3124096
10.08,5.0,4,1,0.0,1.0,105.1696224,105.1696224,944.0,2,91.0,19.44,0.4,65.7,3.5,2003.0,31.50041328
11.399999999999999,5.7,4,1,0.0,1.0,105.1696224,105.1696224,1350.0,2,99.0,33.74,0.375,65.0,5.2,1998.0,110.19999999999999
12.18,6.1,5,7,0.0,1.0,105.1696224,105.1696224,1237.0,2,98.0,19.05,0.1,57.3,6.6,1995.0,24.36
9.24,4.6,9,2,0.0,1.0,105.1696224,105.1696224,957.0,2,121.0,39.68,0.6,71.3,3.6,2006.0,73.9630738
6.7,3.4,4,1,0.0,1.0,81.3,474.4,923.0,2,100.0,31.4,0.375,65.0,3.5,2012.0,12.3366698
8.64,4.3,2,9,0.0,1.0,105.1696224,105.1696224,1383.0,2,42.0,0.5,0.75,75.5,3.4,2008.0,10.827181439999999
11.16,5.6,2,1,0.0,1.0,105.1696224,105.1696224,1660.0,2,101.0,18.21,0.275,62.2,4.5,1999.0,12.745557000000002
8.040000000000001,4.0,9,2,0.0,1.0,105.1696224,338.3,1235.0,2,96.0,33.26,0.35,64.3,4.8,2012.0,17.73015774
8.64,4.3,3,2,0.0,1.0,105.1696224,4.0,1311.0,2,104.0,24.17,0.475,67.8,5.1,2009.0,9.60582528
8.22,4.1,7,0,0.0,1.0,105.1696224,105.1696224,1482.0,2,96.0,36.19,0.45,67.1,8.9,2011.0,26.79757538
10.08,5.0,8,1,0.0,1.0,105.1696224,37.3,961.0,2,94.0,25.01,0.05,53.1,4.5,2008.0,8.97159744
11.16,5.6,4,2,0.0,1.0,105.1696224,105.1696224,1570.0,2,97.0,39.65,0.525,69.2,6.1,1999.0,19.36144122
7.15,3.6,1,2,0.0,1.0,43.9,271.9,1558.0,2,120.0,33.28,0.35,64.3,4.2,2014.0,7.1282887
11.16,5.6,2,1,0.0,1.0,105.1696224,105.1696224,2223.0,2,95.0,22.82,0.125,58.0,6.9,1999.0,8.18211954
12.84,6.4,8,0,0.0,1.0,68.3,105.1696224,1197.0,2,99.0,22.3,0.475,67.8,5.4,1993.0,7.02641394
10.08,5.0,11,2,0.0,1.0,105.1696224,105.1696224,1140.0,2,94.0,23.81,0.4,65.7,6.3,2003.0,4.9471833599999995
10.5,5.2,11,1,0.0,1.0,105.1696224,105.1696224,1574.0,2,95.0,19.66,0.25,61.5,8.2,2001.0,3.5441664999999998
8.64,4.3,7,2,0.0,1.0,105.1696224,3.6,1573.0,2,99.0,25.19,0.3,62.9,9.2,2008.0,4.175964
13.620000000000001,6.8,6,0,1.0,2.0,105.1696224,105.1696224,1149.0,2,107.0,10.89,0.05,51.7,7.2,1991.0,1.97336775
9.116,4.6,5,2,0.0,1.0,105.1696224,105.1696224,1150.0,2,122.0,31.7,0.5,68.5,6.4,2002.0,6.7042142799999995
5.76,2.9,11,2,0.0,1.0,105.1696224,105.1696224,1447.0,2,103.0,21.53,0.45,67.1,7.8,2008.0,0.7632691199999999
9.540000000000001,4.8,8,0,0.0,1.0,105.1696224,105.1696224,1006.0,2,108.0,30.61,0.45,67.1,4.8,2005.0,43.19327379
6.02027348,3.0,4,1,0.0,1.0,105.1696224,105.1696224,1117.0,2,112.0,37.65,0.3,62.9,4.4,2002.0,131.71526252
8.932,4.5,9,0,0.0,1.0,105.1696224,105.1696224,1321.0,2,95.0,17.23,0.05,48.9,5.1,2006.0,10.780000000000001
8.064,4.0,9,7,0.0,1.0,45.4,45.4,1629.0,2,85.0,37.8,0.35,64.3,6.5,2009.0,26.5963392
7.32798864,3.7,6,1,0.0,1.0,105.1696224,105.1696224,1062.0,2,92.0,13.5,0.15,58.7,7.1,2003.0,5.09342568
8.4,4.2,10,7,0.0,1.0,105.1696224,277.6,639.0,2,104.0,26.08,0.3,62.9,3.2,2003.0,4.14362592
3.3880000000000003,1.7,1,2,0.0,1.0,105.1696224,105.1696224,563.0,2,157.0,21.91,0.55,69.9,1.0,2006.0,17.71331254
7.15,3.6,9,2,0.0,1.0,105.1696224,185.7,831.0,2,120.0,21.57,0.225,60.8,3.1,2014.0,6.5
6.36,3.2,10,3,0.0,2.0,105.1696224,105.1696224,804.0,2,92.0,45.19,0.325,63.6,4.0,2005.0,243.15089787000002
19.2,9.6,3,7,0.0,1.0,105.1696224,181.3,1338.0,2,103.0,48.02,0.45,67.1,4.8,2016.0,138.60661888
8.6,4.3,10,9,0.0,1.0,105.1696224,105.1696224,870.0,2,87.0,33.08,0.275,62.2,4.2,2002.0,110.56557664
6.272,3.1,7,3,0.0,1.0,105.1696224,105.1696224,1017.0,2,81.0,46.74,0.325,63.6,6.9,2016.0,56.457000959999995
6.8500000000000005,3.4,10,3,1.0,2.0,105.1696224,252.1,998.0,2,83.0,40.88,0.225,60.8,4.8,2011.0,281.81423066
6.5,3.2,10,3,0.0,1.0,105.1696224,105.1696224,1111.0,2,89.0,48.58,0.05,53.8,5.3,2014.0,134.6673523
7.260000000000001,3.6,7,1,0.0,1.0,105.1696224,105.1696224,1735.0,2,115.0,28.33,0.625,72.0,10.0,2013.0,130.76871192000002
6.7,3.4,10,3,0.0,4.0,281.8,266.9,1499.0,2,95.0,36.72,0.05,55.9,7.0,2012.0,191.37610928
24.97,12.5,9,3,0.0,1.0,105.1696224,105.1696224,1455.0,2,89.0,34.59,0.05,55.2,5.0,1991.0,79.15951491
13.44,6.7,11,7,1.0,1.0,105.1696224,105.1696224,1173.0,2,110.0,36.35,0.5,68.5,6.3,2003.0,101.43602111999999
6.5,3.2,1,3,0.0,1.0,105.1696224,105.1696224,1113.0,2,84.0,36.53,0.05,55.9,2.4,2014.0,112.2710836
6.6000000000000005,3.3,9,2,0.0,1.0,39.5,75.6,1381.0,2,117.0,49.22,0.725,74.8,5.5,2013.0,72.8617362
4.29,2.1,1,7,0.0,1.0,105.1696224,103.4,1447.0,2,83.0,36.71,0.05,55.2,3.9,2015.0,83.3439464
16.2,8.1,10,7,0.0,1.0,105.1696224,105.1696224,1044.0,2,113.0,49.47,0.775,76.2,4.6,2000.0,71.5015728
6.6000000000000005,3.3,9,3,0.0,1.0,105.1696224,105.1696224,1279.0,2,104.0,43.29,0.325,63.6,5.1,2013.0,58.11992472
7.7,3.8,5,1,0.0,2.0,44.9,105.1696224,566.0,2,97.0,35.38,0.475,67.8,4.0,2006.0,41.40809904
9.0,4.5,5,2,0.0,1.0,105.1696224,105.1696224,1364.0,2,110.0,36.78,0.6,71.3,7.3,2000.0,198.0
6.072,3.0,6,1,0.0,1.0,105.1696224,105.1696224,1527.0,2,103.0,42.01,0.525,69.2,9.1,2013.0,30.622220640000002
13.700000000000001,6.8,8,1,0.0,1.0,105.1696224,132.0,1239.0,2,90.0,33.78,0.225,60.8,5.6,2011.0,23.664822410000003
6.4,3.2,2,0,0.0,1.0,158.8,105.1696224,1900.0,2,134.0,38.13,0.525,69.2,5.7,2016.0,31.74928512
6.5,3.2,8,3,0.0,1.0,53.3,105.1696224,957.0,2,93.0,39.77,0.275,62.2,4.7,2014.0,52.13
6.5,3.2,12,2,0.0,1.0,105.1696224,46.0,1341.0,2,99.0,43.1,0.625,72.0,9.3,2014.0,57.050047600000006
8.6,4.3,2,1,0.0,1.0,105.1696224,105.1696224,1273.0,2,95.0,35.41,0.3,62.9,2.9,2002.0,634.2397556799999
6.6000000000000005,3.3,1,2,0.0,1.0,105.1696224,246.5,1231.0,2,94.0,49.82,0.05,54.5,2.8,2013.0,41.876054880000005
10.149999999999999,5.1,9,3,1.0,1.0,105.1696224,105.1696224,1261.0,2,88.0,28.2,0.05,54.5,4.8,1995.0,30.686767019999994
8.75,4.4,6,2,0.0,1.0,105.1696224,37.6,1325.0,2,106.0,34.61,0.575,70.6,8.2,2001.0,58.829211
6.56,3.3,4,3,0.0,1.0,105.1696224,105.1696224,1562.0,2,99.0,46.97,0.625,72.0,6.3,2004.0,49.26460288
9.85,4.9,6,2,0.0,1.0,105.1696224,105.1696224,1781.0,2,135.0,23.28,0.475,67.8,10.0,1996.0,26.14182711
6.8500000000000005,3.4,7,3,0.0,1.0,105.1696224,105.1696224,1268.0,2,86.0,34.7,0.05,54.5,8.0,2011.0,35.021205880000004
7.199999999999999,3.6,1,1,0.0,1.0,105.1696224,507.3,1557.0,2,102.0,36.15,0.375,65.0,4.2,2008.0,23.29110288
6.5,3.2,8,0,0.0,1.0,52.9,237.5,1019.0,2,103.0,43.96,0.425,66.4,4.9,2015.0,70.7445336
25.6,12.8,1,6,0.0,1.0,79.4,117.9,1724.0,2,92.0,33.23,0.05,49.6,4.1,2016.0,27.090942719999997
13.44,6.7,5,1,0.0,1.0,105.1696224,105.1696224,1068.0,2,99.0,16.73,0.425,66.4,5.9,2003.0,5.76633456
8.75,4.4,7,0,0.0,1.0,105.1696224,105.1696224,1669.0,2,94.0,19.67,0.325,63.6,9.6,2001.0,9.583105
7.199999999999999,3.6,6,4,0.0,1.0,105.1696224,31.1,2046.0,2,97.0,46.23,0.65,72.7,10.0,2009.0,14.05454976
7.1,3.6,5,9,0.0,1.0,105.1696224,105.1696224,1228.0,2,41.0,20.45,0.225,60.8,6.8,2010.0,5.78511266
9.65,4.8,5,2,0.0,1.0,105.1696224,105.1696224,529.0,2,112.0,25.92,0.45,67.1,3.7,1997.0,6.29871905
5.68,2.8,5,2,0.0,1.0,105.1696224,105.1696224,1065.0,2,120.0,21.49,0.375,65.0,6.2,2010.0,58.82217514
7.199999999999999,3.6,8,1,0.0,1.0,105.1696224,105.1696224,1703.0,2,110.0,23.65,0.4,65.7,7.8,2008.0,5.818446719999999
10.45,5.2,9,2,0.0,1.0,105.1696224,105.1696224,1498.0,2,99.0,27.33,0.5,68.5,5.8,1994.0,6.37269215
6.5,3.2,9,2,0.0,1.0,17.1,52.5,1352.0,2,121.0,19.18,0.1,57.3,5.4,2015.0,6.2955087
7.1,3.6,10,1,0.0,1.0,105.1696224,105.1696224,1624.0,2,97.0,27.83,0.25,61.5,7.5,2010.0,3.71297766
9.5,4.8,1,1,0.0,1.0,105.1696224,105.1696224,1465.0,2,116.0,15.8,0.25,61.5,3.7,1998.0,3.7626421999999997
8.2,4.1,2,7,0.0,1.0,105.1696224,48.3,1708.0,2,101.0,43.09,0.575,70.6,4.8,2004.0,13.453305399999998
6.5,3.2,10,7,0.0,1.0,2.9,242.6,1587.0,2,112.0,37.28,0.4,65.7,7.4,2014.0,3.1860998
7.1,3.6,12,2,0.0,1.0,8.0,104.7,1804.0,2,91.0,28.88,0.475,67.8,10.0,2010.0,7.283262359999999
8.4,4.2,9,1,0.0,1.0,105.1696224,105.1696224,1410.0,2,98.0,19.62,0.225,60.8,5.5,2003.0,1.2480686399999998
6.4,3.2,4,3,0.0,1.0,105.1696224,34.1,1581.0,2,95.0,41.21,0.425,66.4,6.4,2016.0,4.12207488
6.5,3.2,9,2,0.0,3.0,105.1696224,105.1696224,1158.0,2,99.0,12.06,0.05,46.8,4.5,2014.0,1.1007152
13.79,6.9,2,1,0.0,1.0,105.1696224,105.1696224,1127.0,2,91.0,30.5,0.45,67.1,2.1,1996.0,1.10333593
7.1,3.6,1,1,0.0,1.0,105.1696224,105.1696224,1868.0,2,89.0,36.5,0.575,70.6,5.6,2010.0,7.777046059999999
6.5,3.2,9,3,0.0,1.0,299.1,105.1696224,1341.0,2,94.0,44.25,0.25,61.5,5.3,2015.0,127.9850806
7.45,3.7,1,2,0.0,1.0,262.6,105.1696224,1556.0,2,90.0,18.8,0.3,62.9,4.2,2007.0,1.16533198
7.199999999999999,3.6,9,2,0.0,1.0,105.1696224,105.1696224,1315.0,2,99.0,22.39,0.525,69.2,5.2,2009.0,25.73682624
1.97,1.0,8,2,0.0,1.0,105.1696224,105.1696224,1014.0,2,135.0,33.12,0.6,71.3,5.1,1996.0,48.21656952
7.632,3.8,1,3,0.0,1.0,105.1696224,105.1696224,1280.0,2,94.0,44.22,0.175,59.4,3.0,2005.0,128.12050506
6.8500000000000005,3.4,11,7,0.0,1.0,105.1696224,105.1696224,1771.0,2,120.0,36.42,0.525,69.2,9.2,2011.0,4.246060180000001
6.336,3.2,5,2,0.0,1.0,106.9,59.6,1458.0,2,90.0,43.25,0.15,58.7,7.8,2013.0,13.64535084
12.54,6.3,3,1,0.0,1.0,105.1696224,105.1696224,726.0,2,117.0,41.14,0.4,65.7,2.4,1994.0,532.3247388799999
25.8,12.9,12,7,0.0,1.0,41.3,116.5,1383.0,2,135.0,41.28,0.55,69.9,8.7,2002.0,22.46464996
8.865,4.4,9,7,0.0,1.0,105.1696224,105.1696224,1912.0,2,108.0,33.54,0.475,67.8,7.7,1996.0,13.81229449
8.1,4.0,10,7,0.0,1.0,105.1696224,105.1696224,1206.0,2,102.0,30.38,0.725,74.8,5.7,2000.0,13.3021944
6.5,3.2,3,1,0.0,1.0,105.1696224,105.1696224,635.0,2,98.0,29.07,0.125,58.0,2.3,2014.0,13.558619100000001
10.5,5.2,1,8,0.0,1.0,105.1696224,105.1696224,1968.0,2,113.0,49.57,0.675,73.4,5.8,2001.0,2.2234135
6.4799999999999995,3.2,10,1,0.0,1.0,5.3,105.1696224,1504.0,2,97.0,16.96,0.325,63.6,7.0,2009.0,1.07253504
6.39,3.2,4,2,0.0,1.0,105.1696224,462.6,1239.0,2,104.0,32.94,0.1,57.3,4.9,2010.0,5.1210809
5.76,2.9,1,7,0.0,1.0,105.1696224,105.1696224,1128.0,2,126.0,15.21,0.575,70.6,2.4,2016.0,40.96
4.99887,2.5,9,0,0.0,1.0,105.1696224,291.6,1629.0,2,112.0,24.86,0.175,59.4,6.6,2012.0,8.43417574
13.44,6.7,1,2,0.0,1.0,105.1696224,105.1696224,1145.0,2,101.0,31.18,0.525,69.2,2.2,2003.0,69.55199999999999
6.888,3.4,6,8,0.0,1.0,105.1696224,105.1696224,1671.0,2,114.0,31.27,0.325,63.6,9.7,2004.0,52.48
8.1521836,4.1,9,6,0.0,1.0,105.1696224,105.1696224,1471.0,2,112.0,27.44,0.475,67.8,5.8,1992.0,137.6076834
6.72,3.4,8,2,0.0,1.0,19.4,89.2,1353.0,2,102.0,46.12,0.575,70.6,6.4,2003.0,201.13607807999998
7.0,3.5,11,2,0.0,1.0,105.1696224,105.1696224,1321.0,2,111.0,32.53,0.375,65.0,7.2,2001.0,78.5916005
7.308,3.7,10,2,0.0,1.0,105.1696224,105.1696224,1212.0,2,112.0,37.64,0.525,69.2,5.7,1995.0,101.09399999999998
5.2,2.6,1,7,0.0,1.0,316.1,152.7,1618.0,2,91.0,38.7,0.05,48.2,4.6,2015.0,68.1536115
4.97,2.5,7,1,0.0,1.0,105.1696224,45.2,947.0,2,106.0,33.52,0.375,65.0,6.7,2010.0,49.282306999999996
6.6000000000000005,3.3,2,3,0.0,2.0,105.1696224,96.2,698.0,2,88.0,29.42,0.05,50.3,1.0,2013.0,20.03667864
5.2,2.6,6,2,0.0,1.0,13.7,105.1696224,1467.0,2,164.0,45.52,0.625,72.0,8.9,2014.0,57.6537
6.16,3.1,7,1,0.0,1.0,78.1,105.1696224,1483.0,2,96.0,34.84,0.35,64.3,8.9,2006.0,48.64074754
12.25,6.1,11,0,0.0,1.0,16.2,105.1696224,1491.0,2,93.0,14.87,0.075,56.6,7.7,2001.0,17.90132925
10.8,5.4,3,0,0.0,1.0,105.1696224,105.1696224,1451.0,2,82.0,10.67,0.225,60.8,5.6,2000.0,16.2
6.16,3.1,11,1,0.0,1.0,105.1696224,105.1696224,1149.0,2,84.0,20.67,0.125,58.0,6.5,2006.0,7.1302693
8.12,4.1,12,7,0.0,1.0,105.1696224,105.1696224,1557.0,2,98.0,38.07,0.375,65.0,10.0,1995.0,8.729
6.88,3.4,1,1,0.0,1.0,105.1696224,26.7,1253.0,2,104.0,36.01,0.425,66.4,2.9,2002.0,16.003927479999998
5.96,3.0,2,1,0.0,1.0,41.3,105.1696224,1089.0,2,90.0,23.51,0.3,62.9,2.3,2007.0,3.61600799
5.48,2.7,8,3,0.0,1.0,59.9,105.1696224,1146.0,2,88.0,30.84,0.225,60.8,5.5,2011.0,1.51341434
6.36,3.2,1,8,0.0,1.0,105.1696224,105.1696224,1971.0,2,101.0,26.04,0.4,65.7,6.0,2005.0,1.37852841
5.2,2.6,4,2,0.0,1.0,76.7,205.3,645.0,2,118.0,38.13,0.375,65.0,2.4,2014.0,3.0751071000000003
5.48,2.7,4,0,0.0,1.0,105.1696224,105.1696224,1430.0,2,99.0,26.77,0.3,62.9,5.7,2011.0,34.72265
1.37411412,0.7,5,1,0.0,1.0,105.1696224,105.1696224,626.0,2,101.0,36.84,0.5,68.5,4.5,2010.0,6.063399999999999
6.16,3.1,10,1,0.0,1.0,60.0,105.1696224,1224.0,2,109.0,18.75,0.4,65.7,5.8,2006.0,20.63900608
6.755,3.4,8,1,0.0,1.0,105.1696224,105.1696224,1116.0,2,91.0,34.69,0.45,67.1,5.3,1997.0,497.65073545999996
7.1049999999999995,3.6,4,1,0.0,1.0,105.1696224,105.1696224,541.0,2,91.0,39.36,0.5,68.5,1.9,1995.0,57.27831353999999
7.49,3.7,5,2,0.0,2.0,105.1696224,105.1696224,1411.0,2,97.0,17.83,0.55,69.9,7.6,1993.0,59.706
4.48,2.2,2,7,0.0,1.0,105.1696224,105.1696224,1112.0,2,92.0,47.26,0.325,63.6,2.4,2016.0,51.74264960000001
6.895,3.4,8,1,0.0,1.0,105.1696224,105.1696224,534.0,2,96.0,26.9,0.175,59.4,2.9,1996.0,18.680680629999998
19.0,9.5,1,2,0.0,1.0,105.1696224,105.1696224,1684.0,2,105.0,22.62,0.45,67.1,4.3,1998.0,12.2580932
2.88,1.4,8,7,0.0,1.0,105.1696224,105.1696224,1731.0,2,129.0,39.5,0.7,74.1,8.2,2009.0,48.910813919999995
4.97,2.5,10,8,0.0,1.0,105.1696224,105.1696224,1771.0,2,103.0,31.65,0.425,66.4,8.2,2010.0,5.90674276
12.72,6.4,1,9,0.0,1.0,105.1696224,121.7,1453.0,2,80.0,35.04,0.475,67.8,3.5,2005.0,202.55366001000002
4.795,2.4,9,7,0.0,1.0,105.1696224,304.0,1264.0,2,107.0,39.66,0.425,66.4,5.1,2011.0,26.72053343
4.32,2.2,9,1,0.0,1.0,105.1696224,56.8,1708.0,2,92.0,30.44,0.25,61.5,7.0,2008.0,5.51539728
4.29,2.1,10,2,0.0,1.0,105.1696224,36.2,1832.0,2,105.0,63.19,0.825,77.6,8.5,2014.0,17.0196
5.675999999999999,2.8,2,2,0.0,1.0,105.1696224,105.1696224,1654.0,2,130.0,45.77,0.775,76.2,4.7,2002.0,52.7038444
1.116,0.6,6,1,0.0,1.0,105.1696224,105.1696224,882.0,2,99.0,21.22,0.45,67.1,6.6,1999.0,7.44
5.092,2.5,8,2,0.0,1.0,105.1696224,105.1696224,1321.0,2,115.0,37.54,0.725,74.8,6.3,2012.0,22.512000000000004
4.544,2.3,9,2,0.0,1.0,105.1696224,356.2,1399.0,2,105.0,30.72,0.45,67.1,5.7,2010.0,7.5727549199999995
7.88,3.9,2,2,0.0,1.0,105.1696224,105.1696224,645.0,2,93.0,50.0,0.7,74.1,1.0,1996.0,32.4874276
4.26,2.1,10,3,0.0,2.0,105.1696224,105.1696224,1407.0,2,91.0,38.03,0.175,59.4,6.7,2010.0,252.06708544
6.88,3.4,10,9,0.0,1.0,105.1696224,105.1696224,2064.0,2,120.0,30.23,0.575,70.6,9.4,2002.0,61.170893559999996
3.96,2.0,5,4,0.0,1.0,105.1696224,105.1696224,1464.0,2,86.0,48.18,0.25,61.5,8.0,2013.0,117.91378764
4.0200000000000005,2.0,3,3,0.0,1.0,282.5,38.4,1756.0,2,110.0,44.86,0.425,66.4,7.2,2012.0,104.13466826000001
5.16,2.6,8,1,0.0,1.0,105.1696224,266.1,1316.0,2,113.0,3.1,0.05,54.5,6.3,2002.0,32.996505799999994
5.79,2.9,8,1,0.0,1.0,105.1696224,105.1696224,1232.0,2,98.0,30.06,0.075,56.6,5.9,1997.0,44.66888307
28.8,14.4,7,0,0.0,1.0,105.1696224,105.1696224,1621.0,2,93.0,27.86,0.225,60.8,8.6,2000.0,123.14029500000001
7.11,3.6,4,1,0.0,1.0,105.1696224,105.1696224,986.0,2,100.0,11.4,0.05,52.4,3.8,1990.0,36.42588801
6.42,3.2,8,8,1.0,2.0,105.1696224,105.1696224,927.0,2,87.0,29.14,0.05,48.9,4.6,1993.0,34.1074591
4.7700000000000005,2.4,9,1,0.0,1.0,118.5,33.2,1691.0,2,100.0,11.91,0.35,64.3,6.9,2005.0,18.63256605
3.96,2.0,4,6,0.0,1.0,54.9,56.9,1720.0,2,108.0,38.29,0.6,71.3,7.1,2013.0,14.752939080000003
4.92,2.5,9,2,0.0,1.0,105.1696224,105.1696224,902.0,2,94.0,0.5,0.05,54.5,3.5,2004.0,11.158586239999998
7.068,3.5,5,1,0.0,1.0,105.1696224,105.1696224,1609.0,2,97.0,18.49,0.375,65.0,8.5,1999.0,52.452
5.91,3.0,9,2,0.0,1.0,5.8,105.1696224,1229.0,2,117.0,19.16,0.175,59.4,4.9,1996.0,8.09491715
5.58,2.8,1,1,0.0,1.0,105.1696224,105.1696224,1375.0,2,87.0,20.1,0.225,60.8,3.5,1999.0,5.7228852
5.8352404700000005,2.9,8,2,0.0,1.0,105.1696224,105.1696224,1419.0,2,108.0,18.41,0.4,65.7,6.7,1996.0,5.93205415
4.7700000000000005,2.4,8,7,0.0,1.0,105.1696224,105.1696224,1596.0,2,94.0,15.05,0.475,67.8,7.5,2005.0,15.70915389
5.699999999999999,2.8,10,1,0.0,1.0,105.1696224,105.1696224,1286.0,2,139.0,29.57,0.6,71.3,6.1,1998.0,5.334040999999999
3.6399999999999997,1.8,9,1,0.0,1.0,48.3,1.5,1730.0,2,102.0,33.82,0.05,55.2,7.1,2014.0,2.3747165
5.04,2.5,1,2,0.0,1.0,105.1696224,105.1696224,1359.0,2,120.0,48.68,0.75,75.5,3.5,2003.0,25.166408399999998
4.11,2.1,5,0,0.0,1.0,105.1696224,105.1696224,1460.0,2,86.0,34.62,0.175,59.4,7.9,2011.0,1.02538061
4.32,2.2,5,2,0.0,1.0,105.1696224,105.1696224,952.0,2,123.0,31.4,0.475,67.8,5.8,2009.0,3.3953068799999997
4.0200000000000005,2.0,8,1,0.0,1.0,105.1696224,76.7,1996.0,2,87.0,37.07,0.075,56.6,9.2,2012.0,16.01025836
3.9000000000000004,2.0,2,7,0.0,1.0,105.1696224,105.1696224,1403.0,2,83.0,31.29,0.05,53.8,3.7,2015.0,4.4031
5.51,2.8,1,2,0.0,1.0,105.1696224,105.1696224,1505.0,2,113.0,23.23,0.65,72.7,4.1,1998.0,10.633745199999998
12.72,6.4,7,2,0.0,1.0,105.1696224,105.1696224,764.0,2,116.0,24.01,0.475,67.8,5.6,2005.0,37.46632593
2.98,1.5,9,3,0.0,1.0,74.4,105.1696224,942.0,2,95.0,33.53,0.1,57.3,3.8,2007.0,7.99363842
2.8502496,1.4,10,2,0.0,1.0,105.1696224,105.1696224,1662.0,2,80.0,31.89,0.525,69.2,7.9,2013.0,14.124
4.264,2.1,7,9,0.0,1.0,105.1696224,105.1696224,1343.0,2,105.0,7.68,0.65,72.7,8.4,2004.0,5.19224
3.874,1.9,9,4,0.0,1.0,105.1696224,105.1696224,569.0,2,92.0,35.97,0.5,68.5,2.1,2007.0,0.8242650199999999
3.3000000000000003,1.6,1,1,0.0,1.0,105.1696224,156.5,1596.0,2,86.0,35.74,0.1,57.3,4.6,2013.0,79.38702156000001
3.35,1.7,7,9,0.0,1.0,105.1696224,105.1696224,1043.0,2,87.0,8.16,0.05,51.7,7.2,2012.0,44.756
4.1,2.0,7,1,0.0,1.0,105.1696224,105.1696224,1735.0,2,102.0,41.43,0.525,69.2,10.0,2004.0,43.92202571999999
5.074999999999999,2.5,1,2,0.0,1.0,17.1,78.6,1220.0,2,105.0,38.47,0.675,73.4,2.9,1995.0,11.236872149999998
3.35,1.7,8,4,0.0,1.0,105.1696224,105.1696224,1305.0,2,85.0,38.34,0.45,67.1,6.3,2012.0,4.45555092
3.3000000000000003,1.6,8,1,0.0,1.0,105.1696224,63.4,1646.0,2,95.0,39.43,0.45,67.1,7.8,2013.0,9.04808652
4.728,2.4,10,2,0.0,1.0,51.3,105.1696224,933.0,2,120.0,20.72,0.5,68.5,4.7,1996.0,11.29027291
3.6652,1.8,9,2,0.0,1.0,105.1696224,105.1696224,889.0,2,101.0,26.88,0.6,71.3,3.5,2006.0,12.59187776
2.235,1.1,4,3,0.0,1.0,105.1696224,105.1696224,1154.0,2,78.0,41.85,0.525,69.2,4.7,2007.0,45.36752
2.6,1.3,2,3,0.0,1.0,105.1696224,105.1696224,1516.0,2,100.0,55.49,0.4,65.7,4.2,2015.0,19.0762988
3.72,1.9,9,7,0.0,1.0,105.1696224,105.1696224,771.0,2,118.0,33.68,0.55,69.9,3.0,1999.0,21.46552902
2.74,1.4,1,3,0.0,1.0,105.1696224,105.1696224,644.0,2,85.0,30.47,0.05,55.9,1.0,2011.0,17.94929064
3.08,1.5,3,2,0.0,1.0,105.1696224,105.1696224,1519.0,2,137.0,42.98,0.725,74.8,6.2,2006.0,107.8
1.37,0.7,9,2,0.0,1.0,105.1696224,105.1696224,1003.0,2,129.0,23.28,0.45,67.1,4.1,2011.0,47.29544277000001
13.44,6.7,6,0,0.0,1.0,105.1696224,105.1696224,1197.0,2,80.0,32.45,0.575,70.6,7.4,2003.0,2.48249568
4.428,2.2,2,2,0.0,1.0,98.3,38.0,594.0,2,80.0,33.12,0.65,72.7,1.0,2004.0,26.2278886
3.6,1.8,6,2,0.0,1.0,105.1696224,105.1696224,998.0,2,154.0,38.28,0.65,72.7,7.0,2000.0,37.6352406
3.36,1.7,8,7,0.0,3.0,105.1696224,105.1696224,1231.0,2,100.0,36.72,0.425,66.4,6.0,2003.0,7.729752239999999
2.84,1.4,6,2,0.0,1.0,105.1696224,105.1696224,1554.0,2,100.0,37.0,0.45,67.1,9.4,2010.0,19.64073426
2.84,1.4,10,9,0.0,1.0,2.1,275.1,958.0,2,109.0,34.64,0.675,73.4,4.8,2010.0,11.17756124
7.800000000000001,3.9,8,2,0.0,1.0,105.1696224,87.0,1858.0,2,96.0,40.74,0.325,63.6,8.5,2015.0,14.458717
3.18,1.6,9,7,0.0,1.0,105.1696224,150.7,992.0,2,120.0,31.67,0.325,63.6,4.0,2005.0,9.48759042
2.6,1.3,9,7,0.0,1.0,105.1696224,105.1696224,987.0,2,97.0,24.54,0.15,58.7,4.0,2015.0,3.6419604000000003
3.44,1.7,8,1,0.0,1.0,355.4,212.7,1772.0,2,96.0,13.01,0.05,53.1,8.3,2002.0,4.31108712
3.08,1.5,5,6,0.0,1.0,105.1696224,105.1696224,1305.0,2,101.0,33.16,0.325,63.6,7.3,2006.0,7.9757169800000005
2.88,1.4,6,2,0.0,1.0,105.1696224,105.1696224,1036.0,2,90.0,32.56,0.7,74.1,7.2,2008.0,16.021222560000002
3.36,1.7,9,2,0.0,1.0,105.1696224,105.1696224,1179.0,2,120.0,0.5,0.05,54.5,4.8,2003.0,2.8101864
2.98,1.5,7,9,0.0,1.0,105.1696224,105.1696224,1703.0,2,102.0,14.27,0.55,69.9,10.0,2007.0,2.13311827
2.6,1.3,8,2,0.0,1.0,105.1696224,105.1696224,1739.0,2,98.0,35.47,0.45,67.1,8.2,2015.0,1.9201025999999999
3.18,1.6,2,2,0.0,1.0,1.2,105.1696224,946.0,2,92.0,19.27,0.45,67.1,1.8,2005.0,1.0392573900000002
2.84,1.4,9,1,0.0,1.0,105.1696224,105.1696224,1214.0,2,120.0,17.01,0.05,51.7,4.9,2010.0,0.8004625200000001
10.08,5.0,10,5,0.0,1.0,105.1696224,105.1696224,1332.0,2,93.0,2.71,0.425,66.4,6.1,2008.0,1.584
3.08,1.5,9,2,0.0,1.0,105.1696224,105.1696224,886.0,2,96.0,19.93,0.325,63.6,3.5,2006.0,0.95912124
2.822463,1.4,9,2,0.0,1.0,105.1696224,88.8,1209.0,2,94.0,42.26,0.4,65.7,4.9,2010.0,27.1965216
2.556,1.3,8,3,0.0,1.0,105.1696224,105.1696224,1227.0,2,87.0,33.15,0.15,58.7,6.0,2010.0,96.18808779999999
2.4120000000000004,1.2,6,2,0.0,1.0,105.1696224,105.1696224,1623.0,2,93.0,31.21,0.45,67.1,9.7,2012.0,28.28437964
2.74,1.4,8,2,0.0,1.0,105.1696224,59.9,1650.0,2,109.0,11.92,0.075,56.6,7.8,2011.0,1.15317421
2.907,1.5,8,0,0.0,1.0,105.1696224,105.1696224,1114.0,2,81.0,40.14,0.55,69.9,5.5,1998.0,13.8084115
2.84,1.4,6,7,0.0,1.0,105.1696224,105.1696224,1154.0,2,108.0,39.67,0.325,63.6,7.7,2010.0,0.8133887799999999
3.162,1.6,12,1,0.0,1.0,105.1696224,105.1696224,1464.0,2,98.0,13.5,0.125,58.0,10.0,1999.0,3.61518714
1.32,0.7,9,2,0.0,1.0,105.1696224,105.1696224,1008.0,2,104.0,32.51,0.575,70.6,4.1,2013.0,5.59039932
2.98,1.5,5,1,0.0,1.0,105.1696224,105.1696224,1436.0,2,108.0,28.41,0.425,66.4,7.9,2007.0,33.0473507
3.045,1.5,7,2,0.0,1.0,105.1696224,105.1696224,1200.0,2,91.0,31.92,0.45,67.1,7.9,1995.0,15.046798479999998
2.3850000000000002,1.2,10,1,0.0,1.0,105.1696224,82.2,885.0,2,81.0,32.33,0.475,67.8,4.5,2005.0,17.64602829
1.75,0.9,4,1,0.0,1.0,105.1696224,105.1696224,883.0,2,97.0,19.29,0.225,60.8,3.6,2001.0,17.523492
2.8499999999999996,1.4,1,6,0.0,1.0,105.1696224,105.1696224,1735.0,2,110.0,28.79,0.525,69.2,5.2,1998.0,4.512684299999999
2.13,1.1,9,3,1.0,1.0,97.9,11.2,1167.0,2,103.0,49.05,0.45,67.1,4.8,2010.0,137.752993
2.3850000000000002,1.2,3,2,0.0,1.0,105.1696224,117.6,1798.0,2,111.0,18.36,0.375,65.0,7.5,2005.0,1.13254746
1.98,1.0,7,1,0.0,1.0,105.1696224,5.4,1040.0,2,104.0,33.28,0.125,58.0,7.2,2013.0,4.707417
2.0100000000000002,1.0,9,3,0.0,1.0,42.5,105.1696224,1322.0,2,101.0,32.89,0.05,55.2,5.4,2012.0,1.5622818800000002
2.565,1.3,3,1,0.0,1.0,105.1696224,105.1696224,2063.0,2,105.0,34.02,0.625,72.0,8.6,1998.0,7.4053811
2.0020000000000002,1.0,2,2,0.0,1.0,105.1696224,105.1696224,850.0,2,135.0,0.84,0.05,54.5,1.4,2006.0,0.98406
1.9679999999999997,1.0,10,3,0.0,1.0,105.1696224,105.1696224,555.0,2,103.0,50.03,0.55,69.9,3.2,2004.0,170.41513716
5.25,2.6,1,1,0.0,1.0,105.1696224,105.1696224,1703.0,2,100.0,34.22,0.4,65.7,4.9,2001.0,32.361633499999996
1.584,0.8,4,2,0.0,1.0,105.1696224,105.1696224,926.0,2,114.0,16.89,0.325,63.6,3.8,2013.0,3.7765464
2.64,1.3,9,7,0.0,1.0,105.1696224,105.1696224,1219.0,2,99.0,50.62,0.75,75.5,5.0,1992.0,32.2542154
5.564000000000001,2.8,9,0,0.0,1.0,105.1696224,105.1696224,1051.0,2,91.0,26.37,0.275,62.2,4.1,1993.0,6.09956282
4.7700000000000005,2.4,10,1,0.0,1.0,105.1696224,118.8,1342.0,2,94.0,29.02,0.3,62.9,6.4,2005.0,29.6339271
1.5070000000000003,0.8,9,0,0.0,1.0,105.1696224,105.1696224,882.0,2,101.0,44.65,0.575,70.6,3.6,2011.0,5.62410619
1.3,0.6,4,3,0.0,1.0,105.1696224,105.1696224,1150.0,2,82.0,45.13,0.125,58.0,4.7,2015.0,81.746717
6.4,3.2,4,2,0.0,2.0,105.1696224,105.1696224,1421.0,2,121.0,24.91,0.175,59.4,5.7,2016.0,30.089685760000002
1.59,0.8,9,3,0.0,1.0,105.1696224,105.1696224,863.0,2,90.0,24.84,0.15,58.7,3.5,2005.0,15.975801660000002
1.86,0.9,12,0,0.0,1.0,105.1696224,105.1696224,974.0,2,107.0,17.57,0.225,60.8,7.9,1999.0,18.6695454
4.97,2.5,12,2,0.0,1.0,105.1696224,12.2,1128.0,2,112.0,39.94,0.475,67.8,8.5,2010.0,23.5240608
1.59,0.8,12,2,0.0,1.0,105.1696224,105.1696224,716.0,2,103.0,28.52,0.475,67.8,6.9,2005.0,21.227086710000002
1.34,0.7,1,7,0.0,1.0,41.7,105.1696224,1066.0,2,83.0,31.8,0.05,51.7,2.4,2012.0,136.3563766
1.54,0.8,1,9,0.0,1.0,9.2,105.1696224,1257.0,2,100.0,32.61,0.425,66.4,3.2,2006.0,71.21422000000001
6.5,3.2,9,0,0.0,1.0,90.6,105.1696224,1125.0,2,100.0,35.24,0.05,54.5,4.4,2014.0,8.8834785
1.34,0.7,5,2,0.0,1.0,105.1696224,105.1696224,1118.0,2,98.0,27.77,0.4,65.7,6.6,2012.0,12.24537292
1.93,1.0,9,2,0.0,1.0,105.1696224,105.1696224,1212.0,2,84.0,21.23,0.1,57.3,5.0,1997.0,3.9703824899999995
1.54,0.8,8,9,0.0,1.0,105.1696224,105.1696224,986.0,2,92.0,22.13,0.55,69.9,5.0,2006.0,2.58546596
1.8,0.9,2,1,0.0,1.0,105.1696224,105.1696224,1460.0,2,94.0,17.84,0.325,63.6,4.0,2000.0,3.1407444
1.75,0.9,3,7,0.0,1.0,105.1696224,105.1696224,1720.0,2,119.0,2.96,0.575,70.6,7.2,2001.0,1.4913605
1.8,0.9,9,2,0.0,1.0,105.1696224,105.1696224,1055.0,2,170.0,0.51,0.275,62.2,4.3,2000.0,1.1228238
1.2702399,0.6,8,2,0.0,1.0,105.1696224,105.1696224,1383.0,2,113.0,27.95,0.575,70.6,6.7,2007.0,1.76681667
1.5105,0.8,1,2,0.0,1.0,105.1696224,105.1696224,1131.0,2,103.0,39.51,0.45,67.1,2.6,2005.0,11.165312310000001
1.428,0.7,7,2,0.0,1.0,105.1696224,105.1696224,1342.0,2,107.0,22.32,0.425,66.4,8.5,2003.0,1.37749752
1.139,0.6,8,1,0.0,1.0,105.1696224,105.1696224,1759.0,2,85.0,32.69,0.2,60.1,8.3,2012.0,1.6669077400000003
1.7120000000000002,0.9,10,2,0.0,1.0,105.1696224,105.1696224,1395.0,2,114.0,5.6,0.15,58.7,6.8,1993.0,2.14307518
1.3760000000000001,0.7,5,2,0.0,1.0,105.1696224,105.1696224,593.0,2,88.0,18.43,0.7,74.1,4.3,2002.0,4.84371952
1.152,0.6,1,3,0.0,1.0,105.1696224,105.1696224,1370.0,2,91.0,30.02,0.275,62.2,3.7,2009.0,2.85791328
1.0050000000000001,0.5,6,1,0.0,1.0,105.1696224,105.1696224,1642.0,2,85.0,39.18,0.45,67.1,9.8,2012.0,5.3704412800000005
1.4629999999999999,0.7,9,9,0.0,1.0,105.1696224,105.1696224,1137.0,2,171.0,27.86,0.675,73.4,4.7,1994.0,16.36597699
1.2249999999999999,0.6,1,2,0.0,1.0,105.1696224,105.1696224,1561.0,2,97.0,26.0,0.425,66.4,4.5,2001.0,2.917586
1.0779999999999998,0.5,8,2,0.0,1.0,105.1696224,105.1696224,969.0,2,107.0,31.12,0.375,65.0,5.0,2006.0,7.5640564999999995
50.4,25.2,5,1,0.0,1.0,105.1696224,132.0,1184.0,2,99.0,43.99,0.2,60.1,4.8,2008.0,244.79999999999998
10.88,5.4,9,2,0.0,1.0,105.1696224,105.1696224,1358.0,2,120.0,28.16,0.375,65.0,5.2,2016.0,20.30280448
5.2,2.6,3,7,0.0,1.0,105.1696224,105.1696224,637.0,2,95.0,40.27,0.2,60.1,2.4,2014.0,0.7811648
