tmdb_id,title,release_year,data_source,role
19995,Avatar,2009,kaggle,train
285,Pirates of the Caribbean: At World's End,2007,kaggle,train
206647,Spectre,2015,kaggle,train
49026,The Dark Knight Rises,2012,kaggle,train
49529,John Carter,2012,kaggle,train
559,Spider-Man 3,2007,kaggle,train
38757,Tangled,2010,kaggle,train
99861,Avengers: Age of Ultron,2015,kaggle,train
767,Harry Potter and the Half-Blood Prince,2009,kaggle,train
209112,Batman v Superman: Dawn of Justice,2016,kaggle,train
1452,Superman Returns,2006,kaggle,train
10764,Quantum of Solace,2008,kaggle,train
58,Pirates of the Caribbean: Dead Man's Chest,2006,kaggle,train
57201,The Lone Ranger,2013,kaggle,train
49521,Man of Steel,2013,kaggle,train
2454,The Chronicles of Narnia: Prince Caspian,2008,kaggle,train
24428,The Avengers,2012,kaggle,train
1865,Pirates of the Caribbean: On Stranger Tides,2011,kaggle,train
41154,Men in Black 3,2012,kaggle,train
122917,The Hobbit: The Battle of the Five Armies,2014,kaggle,train
1930,The Amazing Spider-Man,2012,kaggle,train
20662,Robin Hood,2010,kaggle,train
57158,The Hobbit: The Desolation of Smaug,2013,kaggle,train
2268,The Golden Compass,2007,kaggle,train
254,King Kong,2005,kaggle,train
597,Titanic,1997,kaggle,train
271110,Captain America: Civil War,2016,kaggle,train
44833,Battleship,2012,kaggle,train
135397,Jurassic World,2015,kaggle,train
37724,Skyfall,2012,kaggle,train
558,Spider-Man 2,2004,kaggle,train
68721,Iron Man 3,2013,kaggle,train
12155,Alice in Wonderland,2010,kaggle,train
36668,X-Men: The Last Stand,2006,kaggle,train
62211,Monsters University,2013,kaggle,train
8373,Transformers: Revenge of the Fallen,2009,kaggle,train
91314,Transformers: Age of Extinction,2014,kaggle,train
68728,Oz: The Great and Powerful,2013,kaggle,train
102382,The Amazing Spider-Man 2,2014,kaggle,train
20526,TRON: Legacy,2010,kaggle,train
49013,Cars 2,2011,kaggle,train
44912,Green Lantern,2011,kaggle,train
10193,Toy Story 3,2010,kaggle,train
534,Terminator Salvation,2009,kaggle,train
168259,Furious 7,2015,kaggle,train
72190,World War Z,2013,kaggle,train
127585,X-Men: Days of Future Past,2014,kaggle,train
54138,Star Trek Into Darkness,2013,kaggle,train
81005,Jack the Giant Slayer,2013,kaggle,train
64682,The Great Gatsby,2013,kaggle,train
9543,Prince of Persia: The Sands of Time,2010,kaggle,train
68726,Pacific Rim,2013,kaggle,train
38356,Transformers: Dark of the Moon,2011,kaggle,train
217,Indiana Jones and the Kingdom of the Crystal Skull,2008,kaggle,train
105864,The Good Dinosaur,2015,kaggle,train
62177,Brave,2012,kaggle,train
188927,Star Trek Beyond,2016,kaggle,train
10681,WALL·E,2008,kaggle,train
5174,Rush Hour 3,2007,kaggle,train
14161,2012,2009,kaggle,train
17979,A Christmas Carol,2009,kaggle,train
76757,Jupiter Ascending,2015,kaggle,train
258489,The Legend of Tarzan,2016,kaggle,train
411,"The Chronicles of Narnia: The Lion, the Witch and the Wardrobe",2005,kaggle,train
246655,X-Men: Apocalypse,2016,kaggle,train
155,The Dark Knight,2008,kaggle,train
14160,Up,2009,kaggle,train
15512,Monsters vs Aliens,2009,kaggle,train
1726,Iron Man,2008,kaggle,train
44826,Hugo,2011,kaggle,train
8487,Wild Wild West,1999,kaggle,train
1735,The Mummy: Tomb of the Dragon Emperor,2008,kaggle,train
297761,Suicide Squad,2016,kaggle,train
2698,Evan Almighty,2007,kaggle,train
137113,Edge of Tomorrow,2014,kaggle,train
9804,Waterworld,1995,kaggle,train
14869,G.I. Joe: The Rise of Cobra,2009,kaggle,train
150540,Inside Out,2015,kaggle,train
278927,The Jungle Book,2016,kaggle,train
10138,Iron Man 2,2010,kaggle,train
58595,Snow White and the Huntsman,2012,kaggle,train
102651,Maleficent,2014,kaggle,train
119450,Dawn of the Planet of the Apes,2014,kaggle,train
64686,47 Ronin,2013,kaggle,train
100402,Captain America: The Winter Soldier,2014,kaggle,train
10192,Shrek Forever After,2010,kaggle,train
158852,Tomorrowland,2015,kaggle,train
177572,Big Hero 6,2014,kaggle,train
82690,Wreck-It Ralph,2012,kaggle,train
5255,The Polar Express,2004,kaggle,train
47933,Independence Day: Resurgence,2016,kaggle,train
10191,How to Train Your Dragon,2010,kaggle,train
296,Terminator 3: Rise of the Machines,2003,kaggle,train
118340,Guardians of the Galaxy,2014,kaggle,train
157336,Interstellar,2014,kaggle,train
27205,Inception,2010,kaggle,train
315011,Shin Godzilla,2016,kaggle,train
49051,The Hobbit: An Unexpected Journey,2012,kaggle,train
9799,The Fast and the Furious,2001,kaggle,train
4922,The Curious Case of Benjamin Button,2008,kaggle,train
49538,X-Men: First Class,2011,kaggle,train
131634,The Hunger Games: Mockingjay - Part 2,2015,kaggle,train
27022,The Sorcerer's Apprentice,2010,kaggle,train
503,Poseidon,2006,kaggle,train
241259,Alice Through the Looking Glass,2016,kaggle,train
810,Shrek the Third,2007,kaggle,train
68735,Warcraft,2016,kaggle,train
87101,Terminator Genisys,2015,kaggle,train
10140,The Chronicles of Narnia: The Voyage of the Dawn Treader,2010,kaggle,train
676,Pearl Harbor,2001,kaggle,train
1858,Transformers,2007,kaggle,train
1966,Alexander,2004,kaggle,train
675,Harry Potter and the Order of the Phoenix,2007,kaggle,train
674,Harry Potter and the Goblet of Fire,2005,kaggle,train
8960,Hancock,2008,kaggle,train
6479,I Am Legend,2007,kaggle,train
118,Charlie and the Chocolate Factory,2005,kaggle,train
2062,Ratatouille,2007,kaggle,train
272,Batman Begins,2005,kaggle,train
10527,Madagascar: Escape 2 Africa,2008,kaggle,train
18360,Night at the Museum: Battle of the Smithsonian,2009,kaggle,train
2080,X-Men Origins: Wolverine,2009,kaggle,train
605,The Matrix Revolutions,2003,kaggle,train
109445,Frozen,2013,kaggle,train
604,The Matrix Reloaded,2003,kaggle,train
76338,Thor: The Dark World,2013,kaggle,train
76341,Mad Max: Fury Road,2015,kaggle,train
13448,Angels & Demons,2009,kaggle,train
10195,Thor,2011,kaggle,train
13053,Bolt,2008,kaggle,train
19585,G-Force,2009,kaggle,train
57165,Wrath of the Titans,2012,kaggle,train
62213,Dark Shadows,2012,kaggle,train
177677,Mission: Impossible - Rogue Nation,2015,kaggle,train
5559,Bee Movie,2007,kaggle,train
49444,Kung Fu Panda 2,2011,kaggle,train
10196,The Last Airbender,2010,kaggle,train
956,Mission: Impossible III,2006,kaggle,train
117251,White House Down,2013,kaggle,train
50321,Mars Needs Moms,2011,kaggle,train
11619,Flushed Away,2006,kaggle,train
266647,Pan,2015,kaggle,train
82703,Mr. Peabody & Sherman,2014,kaggle,train
652,Troy,2004,kaggle,train
80321,Madagascar 3: Europe's Most Wanted,2012,kaggle,train
36669,Die Another Day,2002,kaggle,train
43074,Ghostbusters,2016,kaggle,train
95,Armageddon,1998,kaggle,train
608,Men in Black II,2002,kaggle,train
2310,Beowulf,2007,kaggle,train
140300,Kung Fu Panda 3,2016,kaggle,train
56292,Mission: Impossible - Ghost Protocol,2011,kaggle,train
81188,Rise of the Guardians,2012,kaggle,train
7552,Fun with Dick and Jane,2005,kaggle,train
616,The Last Samurai,2003,kaggle,train
147441,Exodus: Gods and Kings,2014,kaggle,train
13475,Star Trek,2009,kaggle,train
557,Spider-Man,2002,kaggle,train
82702,How to Train Your Dragon 2,2014,kaggle,train
205584,Gods of Egypt,2016,kaggle,train
10048,Stealth,2005,kaggle,train
13183,Watchmen,2009,kaggle,train
944,Lethal Weapon 4,1998,kaggle,train
1927,Hulk,2003,kaggle,train
72559,G.I. Joe: Retaliation,2013,kaggle,train
7364,Sahara,2005,kaggle,train
2114,Final Fantasy: The Spirits Within,2001,kaggle,train
1771,Captain America: The First Avenger,2011,kaggle,train
36643,The World Is Not Enough,1999,kaggle,train
8619,Master and Commander: The Far Side of the World,2003,kaggle,train
50620,The Twilight Saga: Breaking Dawn - Part 2,2012,kaggle,train
65759,Happy Feet Two,2011,kaggle,train
1724,The Incredible Hulk,2008,kaggle,train
267935,The BFG,2016,kaggle,train
281957,The Revenant,2015,kaggle,train
77950,Turbo,2013,kaggle,train
44896,Rango,2011,kaggle,train
270946,Penguins of Madagascar,2014,kaggle,train
2503,The Bourne Ultimatum,2007,kaggle,train
9502,Kung Fu Panda,2008,kaggle,train
102899,Ant-Man,2015,kaggle,train
101299,The Hunger Games: Catching Fire,2013,kaggle,train
228161,Home,2015,kaggle,train
74,War of the Worlds,2005,kaggle,train
8961,Bad Boys II,2003,kaggle,train
417859,Puss in Boots,2011,kaggle,train
27576,Salt,2010,kaggle,train
86834,Noah,2014,kaggle,train
17578,The Adventures of Tintin,2011,kaggle,train
673,Harry Potter and the Prisoner of Azkaban,2004,kaggle,train
6972,Australia,2008,kaggle,train
82700,After Earth,2013,kaggle,train
10567,Dinosaur,2000,kaggle,train
181533,Night at the Museum: Secret of the Tomb,2014,kaggle,train
38055,Megamind,2010,kaggle,train
671,Harry Potter and the Philosopher's Stone,2001,kaggle,train
49524,R.I.P.D.,2013,kaggle,train
22,Pirates of the Caribbean: The Curse of the Black Pearl,2003,kaggle,train
131631,The Hunger Games: Mockingjay - Part 1,2014,kaggle,train
591,The Da Vinci Code,2006,kaggle,train
172385,Rio 2,2014,kaggle,train
36658,X2,2003,kaggle,train
51497,Fast Five,2011,kaggle,train
58574,Sherlock Holmes: A Game of Shadows,2011,kaggle,train
18823,Clash of the Titans,2010,kaggle,train
861,Total Recall,1990,kaggle,train
1911,The 13th Warrior,1999,kaggle,train
49040,The Bourne Legacy,2012,kaggle,train
415,Batman & Robin,1997,kaggle,train
8871,How the Grinch Stole Christmas,2000,kaggle,train
435,The Day After Tomorrow,2004,kaggle,train
955,Mission: Impossible II,2000,kaggle,train
2133,The Perfect Storm,2000,kaggle,train
1979,Fantastic 4: Rise of the Silver Surfer,2007,kaggle,train
87827,Life of Pi,2012,kaggle,train
1250,Ghost Rider,2007,kaggle,train
324668,Jason Bourne,2016,kaggle,train
9471,Charlie's Angels: Full Throttle,2003,kaggle,train
70981,Prometheus,2012,kaggle,train
10996,Stuart Little 2,2002,kaggle,train
68724,Elysium,2013,kaggle,train
2789,The Chronicles of Riddick,2004,kaggle,train
97020,RoboCop,2014,kaggle,train
7459,Speed Racer,2008,kaggle,train
42888,How Do You Know,2010,kaggle,train
37834,Knight and Day,2010,kaggle,train
75612,Oblivion,2013,kaggle,train
1895,Star Wars: Episode III - Revenge of the Sith,2005,kaggle,train
1894,Star Wars: Episode II - Attack of the Clones,2002,kaggle,train
585,"Monsters, Inc.",2001,kaggle,train
76170,The Wolverine,2013,kaggle,train
1893,Star Wars: Episode I - The Phantom Menace,1999,kaggle,train
49519,The Croods,2013,kaggle,train
2395,Asterix at the Olympic Games,2008,kaggle,train
12100,Windtalkers,2002,kaggle,train
290595,The Huntsman: Winter's War,2016,kaggle,train
98566,Teenage Mutant Ninja Turtles,2014,kaggle,train
49047,Gravity,2013,kaggle,train
9619,Dante's Peak,1997,kaggle,train
308531,Teenage Mutant Ninja Turtles: Out of the Shadows,2016,kaggle,train
166424,Fantastic Four,2015,kaggle,train
1593,Night at the Museum,2006,kaggle,train
254128,San Andreas,2015,kaggle,train
714,Tomorrow Never Dies,1997,kaggle,train
2024,The Patriot,2000,kaggle,train
163,Ocean's Twelve,2004,kaggle,train
787,Mr. & Mrs. Smith,2005,kaggle,train
262500,Insurgent,2015,kaggle,train
2567,The Aviator,2004,kaggle,train
38745,Gulliver's Travels,2010,kaggle,train
40805,The Green Hornet,2011,kaggle,train
53182,300: Rise of an Empire,2014,kaggle,train
41513,The Smurfs,2011,kaggle,train
13700,Home on the Range,2004,kaggle,train
262504,Allegiant,2016,kaggle,train
39254,Real Steel,2011,kaggle,train
77931,The Smurfs 2,2013,kaggle,train
1639,Speed 2: Cruise Control,1997,kaggle,train
80274,Ender's Game,2013,kaggle,train
1571,Live Free or Die Hard,2007,kaggle,train
120,The Lord of the Rings: The Fellowship of the Ring,2001,kaggle,train
10204,Around the World in 80 Days,2004,kaggle,train
8489,Ali,2001,kaggle,train
2048,"I, Robot",2004,kaggle,train
1495,Kingdom of Heaven,2005,kaggle,train
10137,Stuart Little,1999,kaggle,train
10198,The Princess and the Frog,2009,kaggle,train
286217,The Martian,2015,kaggle,train
1635,The Island,2005,kaggle,train
24113,Town & Country,2001,kaggle,train
9679,Gone in Sixty Seconds,2000,kaggle,train
98,Gladiator,2000,kaggle,train
180,Minority Report,2002,kaggle,train
672,Harry Potter and the Chamber of Secrets,2002,kaggle,train
36557,Casino Royale,2006,kaggle,train
869,Planet of the Apes,2001,kaggle,train
280,Terminator 2: Judgment Day,1991,kaggle,train
11322,Public Enemies,2009,kaggle,train
4982,American Gangster,2007,kaggle,train
36955,True Lies,1994,kaggle,train
18487,The Taking of Pelham 1 2 3,2009,kaggle,train
39451,Little Fockers,2010,kaggle,train
27581,The Other Guys,2010,kaggle,train
9268,Eraser,1996,kaggle,train
68718,Django Unchained,2012,kaggle,train
10545,The Hunchback of Notre Dame,1996,kaggle,train
11688,The Emperor's New Groove,2000,kaggle,train
76163,The Expendables 2,2012,kaggle,train
2059,National Treasure,2004,kaggle,train
2486,Eragon,2006,kaggle,train
16523,Where the Wild Things Are,2009,kaggle,train
116711,Epic,2013,kaggle,train
37710,The Tourist,2010,kaggle,train
9946,End of Days,1999,kaggle,train
1372,Blood Diamond,2006,kaggle,train
106646,The Wolf of Wall Street,2013,kaggle,train
414,Batman Forever,1995,kaggle,train
563,Starship Troopers,1997,kaggle,train
83542,Cloud Atlas,2012,kaggle,train
41216,Legend of the Guardians: The Owls of Ga'Hoole,2010,kaggle,train
314,Catwoman,2004,kaggle,train
184315,Hercules,2014,kaggle,train
9016,Treasure Planet,2002,kaggle,train
18162,Land of the Lost,2009,kaggle,train
138103,The Expendables 3,2014,kaggle,train
257088,Point Break,2015,kaggle,train
205775,In the Heart of the Sea,2015,kaggle,train
11692,The Adventures of Pluto Nash,2002,kaggle,train
22972,Green Zone,2010,kaggle,train
227973,The Peanuts Movie,2015,kaggle,train
29193,The Spanish Prisoner,1997,kaggle,train
1734,The Mummy Returns,2001,kaggle,train
3131,Gangs of New York,2002,kaggle,train
76758,The Flowers of War,2011,kaggle,train
9408,Surf's Up,2007,kaggle,train
9890,The Stepford Wives,2004,kaggle,train
855,Black Hawk Down,2001,kaggle,train
18,The Fifth Element,1997,kaggle,train
37786,Sex and the City 2,2010,kaggle,train
10501,The Road to El Dorado,2000,kaggle,train
57800,Ice Age: Continental Drift,2012,kaggle,train
150689,Cinderella,2015,kaggle,train
7980,The Lovely Bones,2009,kaggle,train
12,Finding Nemo,2003,kaggle,train
122,The Lord of the Rings: The Return of the King,2003,kaggle,train
121,The Lord of the Rings: The Two Towers,2002,kaggle,train
68737,Seventh Son,2014,kaggle,train
1995,Lara Croft: Tomb Raider,2001,kaggle,train
157353,Transcendence,2014,kaggle,train
331,Jurassic Park III,2001,kaggle,train
61791,Rise of the Planet of the Apes,2011,kaggle,train
8204,The Spiderwick Chronicles,2008,kaggle,train
47964,A Good Day to Die Hard,2013,kaggle,train
10733,The Alamo,2004,kaggle,train
9806,The Incredibles,2004,kaggle,train
1408,Cutthroat Island,1995,kaggle,train
32657,Percy Jackson & the Olympians: The Lightning Thief,2010,kaggle,train
607,Men in Black,1997,kaggle,train
863,Toy Story 2,1999,kaggle,train
44048,Unstoppable,2010,kaggle,train
5175,Rush Hour 2,2001,kaggle,train
2655,What Lies Beneath,2000,kaggle,train
22794,Cloudy with a Chance of Meatballs,2009,kaggle,train
8355,Ice Age: Dawn of the Dinosaurs,2009,kaggle,train
116745,The Secret Life of Walter Mitty,2013,kaggle,train
4327,Charlie's Angels,2000,kaggle,train
1422,The Departed,2006,kaggle,train
10674,Mulan,1998,kaggle,train
7446,Tropic Thunder,2008,kaggle,train
65754,The Girl with the Dragon Tattoo,2011,kaggle,train
1572,Die Hard: With a Vengeance,1995,kaggle,train
10528,Sherlock Holmes,2009,kaggle,train
271969,Ben-Hur,2016,kaggle,train
10865,Atlantis: The Lost Empire,2001,kaggle,train
2253,Valkyrie,2008,kaggle,train
10661,You Don't Mess with the Zohan,2008,kaggle,train
257344,Pixels,2015,kaggle,train
644,A.I. Artificial Intelligence,2001,kaggle,train
10756,The Haunted Mansion,2003,kaggle,train
686,Contact,1997,kaggle,train
9383,Hollow Man,2000,kaggle,train
179,The Interpreter,2005,kaggle,train
76285,Percy Jackson: Sea of Monsters,2013,kaggle,train
1996,Lara Croft Tomb Raider: The Cradle of Life,2003,kaggle,train
291805,Now You See Me 2,2016,kaggle,train
10003,The Saint,1997,kaggle,train
1535,Spy Game,2001,kaggle,train
2067,Mission to Mars,2000,kaggle,train
46195,Rio,2011,kaggle,train
2277,Bicentennial Man,1999,kaggle,train
4477,The Devil's Own,1997,kaggle,train
8665,K-19: The Widowmaker,2002,kaggle,train
921,Cinderella Man,2005,kaggle,train
49852,The Nutcracker: The Untold Story,2010,kaggle,train
4464,Seabiscuit,2003,kaggle,train
664,Twister,1996,kaggle,train
8358,Cast Away,2000,kaggle,train
9836,Happy Feet,2006,kaggle,train
2502,The Bourne Supremacy,2004,kaggle,train
9772,Air Force One,1997,kaggle,train
161,Ocean's Eleven,2001,kaggle,train
52451,The Three Musketeers,2011,kaggle,train
76492,Hotel Transylvania,2012,kaggle,train
4523,Enchanted,2007,kaggle,train
59961,Safe House,2012,kaggle,train
10481,102 Dalmatians,2000,kaggle,train
59108,Tower Heist,2011,kaggle,train
1581,The Holiday,2006,kaggle,train
9798,Enemy of the State,1998,kaggle,train
22897,It's Complicated,2009,kaggle,train
298,Ocean's Thirteen,2007,kaggle,train
7484,Open Season,2006,kaggle,train
157350,Divergent,2014,kaggle,train
853,Enemy at the Gates,2001,kaggle,train
10159,The Rundown,2003,kaggle,train
9593,Last Action Hero,1993,kaggle,train
1904,Memoirs of a Geisha,2005,kaggle,train
9615,The Fast and the Furious: Tokyo Drift,2006,kaggle,train
297,Meet Joe Black,1998,kaggle,train
9884,Collateral Damage,2002,kaggle,train
62764,Mirror Mirror,2012,kaggle,train
22538,Scott Pilgrim vs. the World,2010,kaggle,train
9341,The Core,2003,kaggle,train
12107,Nutty Professor II: The Klumps,2000,kaggle,train
9637,Scooby-Doo,2002,kaggle,train
49049,Dredd,2012,kaggle,train
9339,Click,2006,kaggle,train
39691,Cats & Dogs 2 : The Revenge of Kitty Galore,2010,kaggle,train
8247,Jumper,2008,kaggle,train
11253,Hellboy II: The Golden Army,2008,kaggle,train
1949,Zodiac,2007,kaggle,train
8452,The 6th Day,2000,kaggle,train
310,Bruce Almighty,2003,kaggle,train
27578,The Expendables,2010,kaggle,train
954,Mission: Impossible,1996,kaggle,train
70160,The Hunger Games,2012,kaggle,train
45243,The Hangover Part II,2011,kaggle,train
364,Batman Returns,1992,kaggle,train
7518,Over the Hedge,2006,kaggle,train
11544,Lilo & Stitch,2002,kaggle,train
9986,Charlotte's Web,2006,kaggle,train
8656,Deep Impact,1998,kaggle,train
9291,The Longest Yard,2005,kaggle,train
55301,Alvin and the Chipmunks: Chipwrecked,2011,kaggle,train
109418,Grown Ups 2,2013,kaggle,train
11665,Get Smart,2008,kaggle,train
6964,Something's Gotta Give,2003,kaggle,train
11324,Shutter Island,2010,kaggle,train
12193,Four Christmases,2008,kaggle,train
9928,Robots,2005,kaggle,train
754,Face/Off,1997,kaggle,train
10202,Bedtime Stories,2008,kaggle,train
4147,Road to Perdition,2002,kaggle,train
50546,Just Go with It,2011,kaggle,train
1701,Con Air,1997,kaggle,train
13027,Eagle Eye,2008,kaggle,train
2289,Cold Mountain,2003,kaggle,train
20504,The Book of Eli,2010,kaggle,train
9574,Flubber,1997,kaggle,train
11618,The Haunting,1999,kaggle,train
2300,Space Jam,1996,kaggle,train
10200,The Day the Earth Stood Still,2008,kaggle,train
8834,Conspiracy Theory,1997,kaggle,train
228150,Fury,2014,kaggle,train
6068,Six Days Seven Nights,1998,kaggle,train
41515,Yogi Bear,2010,kaggle,train
9023,Spirit: Stallion of the Cimarron,2002,kaggle,train
38317,Zookeeper,2011,kaggle,train
2157,Lost in Space,1998,kaggle,train
14462,The Manchurian Candidate,2004,kaggle,train
159824,Hotel Transylvania 2,2015,kaggle,train
49948,Fantasia 2000,1999,kaggle,train
2135,The Time Machine,2002,kaggle,train
9705,Swordfish,2001,kaggle,train
1656,The Legend of Zorro,2005,kaggle,train
12159,What Dreams May Come,1998,kaggle,train
4442,The Brothers Grimm,2005,kaggle,train
75,Mars Attacks!,1996,kaggle,train
19959,Surrogates,2009,kaggle,train
11973,Thirteen Days,2000,kaggle,train
11228,Daylight,1996,kaggle,train
77951,Walking With Dinosaurs,2013,kaggle,train
5491,Battlefield Earth,2000,kaggle,train
10715,Looney Tunes: Back in Action,2003,kaggle,train
10197,Nine,2009,kaggle,train
9562,Timeline,2003,kaggle,train
9922,The Postman,1997,kaggle,train
9447,Babe: Pig in the City,1998,kaggle,train
274854,The Last Witch Hunter,2015,kaggle,train
8870,Red Planet,2000,kaggle,train
9992,Arthur and the Invisibles,2006,kaggle,train
10077,A Sound of Thunder,2005,kaggle,train
76649,Pompeii,2014,kaggle,train
453,A Beautiful Mind,2001,kaggle,train
8587,The Lion King,1994,kaggle,train
72545,Journey 2: The Mysterious Island,2012,kaggle,train
109451,Cloudy with a Chance of Meatballs 2,2013,kaggle,train
9533,Red Dragon,2002,kaggle,train
2023,Hidalgo,2004,kaggle,train
71880,Jack and Jill,2011,kaggle,train
584,2 Fast 2 Furious,2003,kaggle,train
309809,The Little Prince,2015,kaggle,train
4858,The Invasion,2007,kaggle,train
17711,The Adventures of Rocky & Bullwinkle,2000,kaggle,train
328111,The Secret Life of Pets,2016,kaggle,train
8698,The League of Extraordinary Gentlemen,2003,kaggle,train
93456,Despicable Me 2,2013,kaggle,train
602,Independence Day,1996,kaggle,train
330,The Lost World: Jurassic Park,1997,kaggle,train
953,Madagascar,2005,kaggle,train
9693,Children of Men,2006,kaggle,train
36657,X-Men,2000,kaggle,train
8909,Wanted,2008,kaggle,train
9802,The Rock,1996,kaggle,train
950,Ice Age: The Meltdown,2006,kaggle,train
1824,50 First Dates,2004,kaggle,train
2976,Hairspray,2007,kaggle,train
11026,Exorcist: The Beginning,2004,kaggle,train
75656,Now You See Me,2013,kaggle,train
38365,Grown Ups,2010,kaggle,train
594,The Terminal,2004,kaggle,train
15189,Hotel for Dogs,2009,kaggle,train
11678,Vertical Limit,2000,kaggle,train
6538,Charlie Wilson's War,2007,kaggle,train
10555,Shark Tale,2004,kaggle,train
1125,Dreamgirls,2006,kaggle,train
4551,Be Cool,2005,kaggle,train
612,Munich,2005,kaggle,train
9567,Tears of the Sun,2003,kaggle,train
37821,Killers,2010,kaggle,train
203801,The Man from U.N.C.L.E.,2015,kaggle,train
2539,Spanglish,2004,kaggle,train
9297,Monster House,2006,kaggle,train
3172,Bandits,2001,kaggle,train
6520,First Knight,1995,kaggle,train
37958,Immortals,2011,kaggle,train
2026,Hostage,2005,kaggle,train
7450,Titan A.E.,2000,kaggle,train
11375,Hollywood Homicide,2003,kaggle,train
9425,Soldier,1998,kaggle,train
23685,Monkeybone,2001,kaggle,train
11866,Flight of the Phoenix,2004,kaggle,train
9741,Unbreakable,2000,kaggle,train
211672,Minions,2015,kaggle,train
23629,Sucker Punch,2011,kaggle,train
8688,Snake Eyes,1998,kaggle,train
10153,Sphere,1998,kaggle,train
153518,The Angry Birds Movie,2016,kaggle,train
8676,Fool's Gold,2008,kaggle,train
20829,Funny People,2009,kaggle,train
4349,The Kingdom,2007,kaggle,train
9718,Talladega Nights: The Ballad of Ricky Bobby,2006,kaggle,train
10808,Dr. Dolittle 2,2001,kaggle,train
197,Braveheart,1995,kaggle,train
25,Jarhead,2005,kaggle,train
35,The Simpsons Movie,2007,kaggle,train
11086,The Majestic,2001,kaggle,train
10477,Driven,2001,kaggle,train
1997,Two Brothers,2004,kaggle,train
6947,The Village,2004,kaggle,train
3050,Doctor Dolittle,1998,kaggle,train
2675,Signs,2002,kaggle,train
809,Shrek 2,2004,kaggle,train
920,Cars,2006,kaggle,train
4806,Runaway Bride,1999,kaggle,train
7451,xXx,2002,kaggle,train
228165,The SpongeBob Movie: Sponge Out of Water,2015,kaggle,train
3595,Ransom,1996,kaggle,train
16869,Inglourious Basterds,2009,kaggle,train
879,Hook,1991,kaggle,train
1573,Die Hard 2,1990,kaggle,train
9257,S.W.A.T.,2003,kaggle,train
1903,Vanilla Sky,2001,kaggle,train
9697,Lady in the Water,2006,kaggle,train
395,AVP: Alien vs. Predator,2004,kaggle,train
23398,Alvin and the Chipmunks: The Squeakquel,2009,kaggle,train
10590,We Were Soldiers,2002,kaggle,train
117263,Olympus Has Fallen,2013,kaggle,train
200,Star Trek: Insurrection,1998,kaggle,train
44943,Battle: Los Angeles,2011,kaggle,train
587,Big Fish,2003,kaggle,train
57212,War Horse,2011,kaggle,train
152760,The Monuments Men,2014,kaggle,train
33909,Wall Street: Money Never Sleeps,2010,kaggle,train
49017,Dracula Untold,2014,kaggle,train
9882,The Siege,1998,kaggle,train
2270,Stardust,2007,kaggle,train
978,Seven Years in Tibet,1997,kaggle,train
44564,The Dilemma,2011,kaggle,train
3132,Bad Company,2002,kaggle,train
8814,Doom,2005,kaggle,train
8427,I Spy,2002,kaggle,train
52520,Underworld: Awakening,2012,kaggle,train
80585,Rock of Ages,2012,kaggle,train
10592,Hart's War,2002,kaggle,train
49021,Killer Elite,2011,kaggle,train
10550,Ballistic: Ecks vs. Sever,2002,kaggle,train
11258,Hard Rain,1998,kaggle,train
12610,Osmosis Jones,2001,kaggle,train
59981,Legends of Oz: Dorothy's Return,2013,kaggle,train
201088,Blackhat,2015,kaggle,train
5137,Sky Captain and the World of Tomorrow,2004,kaggle,train
3093,Basic Instinct 2,2006,kaggle,train
107846,Escape Plan,2013,kaggle,train
188207,The Legend of Hercules,2014,kaggle,train
4614,The Sum of All Fears,2002,kaggle,train
24021,The Twilight Saga: Eclipse,2010,kaggle,train
11371,The Score,2001,kaggle,train
20352,Despicable Me,2010,kaggle,train
11517,Money Train,1995,kaggle,train
214756,Ted 2,2015,kaggle,train
26428,Agora,2009,kaggle,train
9824,Mystery Men,1999,kaggle,train
48988,Hall Pass,2011,kaggle,train
9008,The Insider,1999,kaggle,train
300673,The Finest Hours,2016,kaggle,train
12113,Body of Lies,2008,kaggle,train
38778,Dinner for Schmucks,2010,kaggle,train
72331,Abraham Lincoln: Vampire Hunter,2012,kaggle,train
1844,Entrapment,1999,kaggle,train
846,The X Files,1998,kaggle,train
9703,The Last Legion,2007,kaggle,train
857,Saving Private Ryan,1998,kaggle,train
136797,Need for Speed,2014,kaggle,train
3981,What Women Want,2000,kaggle,train
425,Ice Age,2002,kaggle,train
6171,Dreamcatcher,2003,kaggle,train
72976,Lincoln,2012,kaggle,train
603,The Matrix,1999,kaggle,train
568,Apollo 13,1995,kaggle,train
9021,The Santa Clause 2,2002,kaggle,train
82695,Les Misérables,2012,kaggle,train
9489,You've Got Mail,1998,kaggle,train
12133,Step Brothers,2008,kaggle,train
9342,The Mask of Zorro,1998,kaggle,train
41733,Due Date,2010,kaggle,train
227306,Unbroken,2014,kaggle,train
5551,Space Cowboys,2000,kaggle,train
9350,Cliffhanger,1993,kaggle,train
9208,Broken Arrow,1996,kaggle,train
4244,The Kid,2000,kaggle,train
1852,World Trade Center,2006,kaggle,train
76493,The Dictator,2012,kaggle,train
345,Eyes Wide Shut,1999,kaggle,train
196867,Annie,2014,kaggle,train
256591,Focus,2015,kaggle,train
59962,This Means War,2012,kaggle,train
36648,Blade: Trinity,2004,kaggle,train
71679,Resident Evil: Retribution,2012,kaggle,train
10483,Death Race,2008,kaggle,train
11412,The Long Kiss Goodnight,1996,kaggle,train
6795,Zathura: A Space Adventure,2005,kaggle,train
550,Fight Club,1999,kaggle,train
11170,We Are Marshall,2006,kaggle,train
9292,Hudson Hawk,1991,kaggle,train
100241,"I, Frankenstein",2014,kaggle,train
257,Oliver Twist,2005,kaggle,train
9947,Elektra,2005,kaggle,train
189,Sin City: A Dame to Kill For,2014,kaggle,train
12618,Random Hearts,1999,kaggle,train
253412,Everest,2015,kaggle,train
1427,Perfume: The Story of a Murderer,2006,kaggle,train
818,Austin Powers in Goldmember,2002,kaggle,train
16577,Astro Boy,2009,kaggle,train
329,Jurassic Park,1993,kaggle,train
12160,Wyatt Earp,1994,kaggle,train
9331,Clear and Present Danger,1994,kaggle,train
300168,Dragon Blade,2015,kaggle,train
9072,Little Man,2006,kaggle,train
3536,U-571,2000,kaggle,train
9087,The American President,1995,kaggle,train
12177,The Love Guru,2008,kaggle,train
12138,3000 Miles to Graceland,2001,kaggle,train
273248,The Hateful Eight,2015,kaggle,train
50359,Hop,2011,kaggle,train
1271,300,2006,kaggle,train
693,Meet the Fockers,2004,kaggle,train
14306,Marley & Me,2008,kaggle,train
497,The Green Mile,1999,kaggle,train
9982,Chicken Little,2005,kaggle,train
210577,Gone Girl,2014,kaggle,train
2501,The Bourne Identity,2002,kaggle,train
710,GoldenEye,1995,kaggle,train
2275,The General's Daughter,1999,kaggle,train
37165,The Truman Show,1998,kaggle,train
9837,The Prince of Egypt,1998,kaggle,train
10708,Daddy Day Care,2003,kaggle,train
136400,2 Guns,2013,kaggle,train
10992,Cats & Dogs,2001,kaggle,train
9654,The Italian Job,2003,kaggle,train
2642,Two Weeks Notice,2002,kaggle,train
8916,Antz,1998,kaggle,train
19899,Couples Retreat,2009,kaggle,train
2119,Days of Thunder,1990,kaggle,train
9641,Cheaper by the Dozen 2,2005,kaggle,train
294254,Maze Runner: The Scorch Trials,2015,kaggle,train
38167,Eat Pray Love,2010,kaggle,train
39514,RED,2010,kaggle,train
9563,Any Given Sunday,1999,kaggle,train
547,The Horse Whisperer,1998,kaggle,train
1538,Collateral,2004,kaggle,train
9334,The Scorpion King,2002,kaggle,train
11128,Ladder 49,2004,kaggle,train
75780,Jack Reacher,2012,kaggle,train
8914,Deep Blue Sea,1999,kaggle,train
39538,Contagion,2011,kaggle,train
14836,Coraline,2009,kaggle,train
8645,The Happening,2008,kaggle,train
9509,Man on Fire,2004,kaggle,train
10067,The Shaggy Dog,2006,kaggle,train
9384,Starsky & Hutch,2004,kaggle,train
9279,Jingle All the Way,1996,kaggle,train
1487,Hellboy,2004,kaggle,train
9422,A Civil Action,1998,kaggle,train
77174,ParaNorman,2012,kaggle,train
4824,The Jackal,1997,kaggle,train
9620,Paycheck,2003,kaggle,train
10199,The Tale of Despereaux,2008,kaggle,train
3512,Under Siege 2: Dark Territory,1995,kaggle,train
137094,Jack Ryan: Shadow Recruit,2014,kaggle,train
274479,Joy,2015,kaggle,train
267860,London Has Fallen,2016,kaggle,train
8078,Alien: Resurrection,1997,kaggle,train
7485,Shooter,2007,kaggle,train
170687,The Boxtrolls,2014,kaggle,train
6435,Practical Magic,1998,kaggle,train
137106,The Lego Movie,2014,kaggle,train
6278,Reign of Fire,2002,kaggle,train
82682,Gangster Squad,2013,kaggle,train
17610,Year One,2009,kaggle,train
22954,Invictus,2009,kaggle,train
16995,State of Play,2009,kaggle,train
16558,Duplicity,2009,kaggle,train
9849,My Favorite Martian,1999,kaggle,train
5820,The Sentinel,2006,kaggle,train
16866,Planet 51,2009,kaggle,train
201,Star Trek: Nemesis,2002,kaggle,train
11775,Intolerable Cruelty,2003,kaggle,train
12201,Edge of Darkness,2010,kaggle,train
11015,The Relic,1997,kaggle,train
9932,Analyze That,2002,kaggle,train
13389,Righteous Kill,2008,kaggle,train
17332,The Soloist,2009,kaggle,train
4958,The Legend of Bagger Vance,2000,kaggle,train
786,Almost Famous,2000,kaggle,train
11679,xXx: State of the Union,2005,kaggle,train
38321,Priest,2011,kaggle,train
14411,Sinbad: Legend of the Seven Seas,2003,kaggle,train
8413,Event Horizon,1997,kaggle,train
10052,Dragonfly,2002,kaggle,train
9676,The Black Dahlia,2006,kaggle,train
9664,Flyboys,2006,kaggle,train
2100,The Last Castle,2001,kaggle,train
10384,Supernova,2000,kaggle,train
137321,Winter's Tale,2014,kaggle,train
123553,The Mortal Instruments: City of Bones,2013,kaggle,train
11260,Meet Dave,2008,kaggle,train
9009,Dark Water,2005,kaggle,train
2309,Inkheart,2008,kaggle,train
8285,The Spirit,2008,kaggle,train
210860,Mortdecai,2015,kaggle,train
381902,The Monkey King 2,2016,kaggle,train
13922,The Great Raid,2005,kaggle,train
293660,Deadpool,2016,kaggle,train
190859,American Sniper,2014,kaggle,train
257445,Goosebumps,2015,kaggle,train
9007,Just Like Heaven,2005,kaggle,train
889,The Flintstones in Viva Rock Vegas,2000,kaggle,train
4942,Leatherheads,2008,kaggle,train
24438,Did You Hear About the Morgans?,2009,kaggle,train
116741,The Internship,2013,kaggle,train
35791,Resident Evil: Afterlife,2010,kaggle,train
72431,Red Tails,2012,kaggle,train
1813,The Devil's Advocate,1997,kaggle,train
87428,That's My Boy,2012,kaggle,train
8840,DragonHeart,1996,kaggle,train
10589,After the Sunset,2004,kaggle,train
71676,Ghost Rider: Spirit of Vengeance,2011,kaggle,train
1722,Captain Corelli's Mandolin,2001,kaggle,train
10022,The Pacifier,2005,kaggle,train
11358,Walking Tall,2004,kaggle,train
13,Forrest Gump,1994,kaggle,train
6477,Alvin and the Chipmunks,2007,kaggle,train
1597,Meet the Parents,2000,kaggle,train
10530,Pocahontas,1995,kaggle,train
9327,The Nutty Professor,1996,kaggle,train
8488,Hitch,2005,kaggle,train
8273,American Wedding,2003,kaggle,train
109424,Captain Phillips,2013,kaggle,train
35056,Date Night,2010,kaggle,train
8839,Casper,1995,kaggle,train
156022,The Equalizer,2014,kaggle,train
7303,Maid in Manhattan,2002,kaggle,train
8963,Crimson Tide,1995,kaggle,train
1402,The Pursuit of Happyness,2006,kaggle,train
9315,Flightplan,2005,kaggle,train
8984,Disclosure,1994,kaggle,train
795,City of Angels,1998,kaggle,train
24,Kill Bill: Vol. 1,2003,kaggle,train
393,Kill Bill: Vol. 2,2004,kaggle,train
9374,Death Becomes Her,1992,kaggle,train
8584,Shanghai Noon,2000,kaggle,train
2320,Executive Decision,1996,kaggle,train
58224,Mr. Popper's Penguins,2011,kaggle,train
1729,The Forbidden Kingdom,2008,kaggle,train
175574,Free Birds,2013,kaggle,train
8077,Alien³,1992,kaggle,train
8818,Evita,1996,kaggle,train
8195,Ronin,1998,kaggle,train
10586,The Ghost and the Darkness,1996,kaggle,train
116149,Paddington,2014,kaggle,train
80035,The Watch,2012,kaggle,train
10632,The Hunted,2003,kaggle,train
1792,Stuck on You,2003,kaggle,train
72197,The Pirates! In an Adventure with Scientists!,2012,kaggle,train
3580,Changeling,2008,kaggle,train
12123,Chain Reaction,1996,kaggle,train
9566,The Fan,1996,kaggle,train
9833,The Phantom of the Opera,2004,kaggle,train
4517,Elizabeth: The Golden Age,2007,kaggle,train
8202,Æon Flux,2005,kaggle,train
16072,Gods and Generals,2003,kaggle,train
34314,Turbulence,1997,kaggle,train
145220,Muppets Most Wanted,2014,kaggle,train
14623,Thunderbirds,2004,kaggle,train
42297,Burlesque,2010,kaggle,train
10375,D-Tox,2002,kaggle,train
36586,Blade II,2002,kaggle,train
11321,Seven Pounds,2008,kaggle,train
70074,Bullet to the Head,2013,kaggle,train
242,The Godfather: Part III,1990,kaggle,train
9621,Elizabethtown,2005,kaggle,train
1819,"You, Me and Dupree",2006,kaggle,train
8046,Gigli,2003,kaggle,train
1717,All the King's Men,2006,kaggle,train
479,Shaft,2000,kaggle,train
9444,Anastasia,1997,kaggle,train
824,Moulin Rouge!,2001,kaggle,train
11456,Domestic Disturbance,2001,kaggle,train
261023,Black Mass,2015,kaggle,train
3683,Flags of Our Fathers,2006,kaggle,train
22803,Law Abiding Citizen,2009,kaggle,train
285923,Grindhouse,2007,kaggle,train
640,Catch Me If You Can,2002,kaggle,train
97630,Zero Dark Thirty,2012,kaggle,train
9767,The Break-Up,2006,kaggle,train
11631,Mamma Mia!,2008,kaggle,train
32856,Valentine's Day,2010,kaggle,train
6519,The Dukes of Hazzard,2005,kaggle,train
8741,The Thin Red Line,1998,kaggle,train
49520,The Change-Up,2011,kaggle,train
1850,Man on the Moon,1999,kaggle,train
524,Casino,1995,kaggle,train
26389,From Paris with Love,2010,kaggle,train
2123,"Me, Myself & Irene",2000,kaggle,train
9907,Barnyard,2006,kaggle,train
18239,The Twilight Saga: New Moon,2009,kaggle,train
808,Shrek,2001,kaggle,train
38050,The Adjustment Bureau,2011,kaggle,train
8367,Robin Hood: Prince of Thieves,1991,kaggle,train
9390,Jerry Maguire,1996,kaggle,train
72105,Ted,2012,kaggle,train
2898,As Good as It Gets,1997,kaggle,train
10312,Patch Adams,1998,kaggle,train
109443,Anchorman 2: The Legend Continues,2013,kaggle,train
2022,Mr. Deeds,2002,kaggle,train
37686,Super 8,2011,kaggle,train
462,Erin Brockovich,2000,kaggle,train
9919,How to Lose a Guy in 10 Days,2003,kaggle,train
187017,22 Jump Street,2014,kaggle,train
628,Interview with the Vampire,1994,kaggle,train
10201,Yes Man,2008,kaggle,train
302699,Central Intelligence,2016,kaggle,train
274167,Daddy's Home,2015,kaggle,train
224141,Into the Woods,2014,kaggle,train
388,Inside Man,2006,kaggle,train
2112,Payback,1999,kaggle,train
10329,Congo,1995,kaggle,train
74465,We Bought a Zoo,2011,kaggle,train
13811,Knowing,2009,kaggle,train
6877,Failure to Launch,2006,kaggle,train
10320,The Ring Two,2005,kaggle,train
50646,"Crazy, Stupid, Love.",2011,kaggle,train
8920,Garfield,2004,kaggle,train
60308,Moneyball,2011,kaggle,train
6950,Outbreak,1995,kaggle,train
225574,Non-Stop,2014,kaggle,train
13836,Race to Witch Mountain,2009,kaggle,train
752,V for Vendetta,2006,kaggle,train
6038,Shanghai Knights,2003,kaggle,train
9975,Curious George,2006,kaggle,train
11451,Herbie Fully Loaded,2005,kaggle,train
12103,Don't Say a Word,2001,kaggle,train
60304,Hansel & Gretel: Witch Hunters,2013,kaggle,train
2251,Unfaithful,2002,kaggle,train
46529,I Am Number Four,2011,kaggle,train
231,Syriana,2005,kaggle,train
300671,13 Hours: The Secret Soldiers of Benghazi,2016,kaggle,train
228326,The Book of Life,2014,kaggle,train
9754,Firewall,2006,kaggle,train
66,Absolute Power,1997,kaggle,train
4421,G.I. Jane,1997,kaggle,train
2649,The Game,1997,kaggle,train
588,Silent Hill,2006,kaggle,train
71552,American Reunion,2012,kaggle,train
9631,The Negotiator,1998,kaggle,train
216282,Into the Storm,2014,kaggle,train
306,Beverly Hills Cop III,1994,kaggle,train
928,Gremlins 2: The New Batch,1990,kaggle,train
205587,The Judge,2014,kaggle,train
1577,Resident Evil: Apocalypse,2004,kaggle,train
9801,Bridget Jones: The Edge of Reason,2004,kaggle,train
2116,Out of Time,2003,kaggle,train
9624,On Deadly Ground,1994,kaggle,train
14199,The Adventures of Sharkboy and Lavagirl,2005,kaggle,train
1907,The Beach,2000,kaggle,train
4599,Raising Helen,2004,kaggle,train
22832,Ninja Assassin,2009,kaggle,train
9879,Striptease,1996,kaggle,train
38579,Marmaduke,2010,kaggle,train
44603,Hereafter,2010,kaggle,train
11892,Murder by Numbers,2002,kaggle,train
9691,Assassins,1995,kaggle,train
1248,Hannibal Rising,2007,kaggle,train
12220,The Story of Us,1999,kaggle,train
72710,The Host,2013,kaggle,train
10782,Basic,2003,kaggle,train
9573,Blood Work,2002,kaggle,train
4959,The International,2009,kaggle,train
10061,Escape from L.A.,1996,kaggle,train
10386,The Iron Giant,1999,kaggle,train
421,The Life Aquatic with Steve Zissou,2004,kaggle,train
316152,Free State of Jones,2016,kaggle,train
11615,The Life of David Gale,2003,kaggle,train
241554,Run All Night,2015,kaggle,train
2252,Eastern Promises,2007,kaggle,train
11968,Into the Blue,2005,kaggle,train
10047,The Messenger: The Story of Joan of Arc,1999,kaggle,train
38319,Your Highness,2011,kaggle,train
69668,Dream House,2011,kaggle,train
9770,Mad City,1997,kaggle,train
11212,Baby's Day Out,1994,kaggle,train
10533,The Scarlet Letter,1995,kaggle,train
38363,Fair Game,2010,kaggle,train
9923,Domino,2005,kaggle,train
11863,Jade,1995,kaggle,train
18501,Gamer,2009,kaggle,train
109491,Beautiful Creatures,2013,kaggle,train
329833,Zoolander 2,2016,kaggle,train
12634,The Big Bounce,2004,kaggle,train
47327,Drive Angry,2011,kaggle,train
15268,Street Fighter: The Legend of Chun-Li,2009,kaggle,train
10796,The One,2001,kaggle,train
9548,The Adventures of Ford Fairlane,1990,kaggle,train
18947,The Boat That Rocked,2009,kaggle,train
1900,Traffic,2000,kaggle,train
198184,Chappie,2015,kaggle,train
9481,The Bone Collector,1999,kaggle,train
4547,Panic Room,2002,kaggle,train
6415,Three Kings,1999,kaggle,train
181283,Child 44,2015,kaggle,train
9896,Rat Race,2001,kaggle,train
167,K-PAX,2001,kaggle,train
1636,Bedazzled,2000,kaggle,train
5176,3:10 to Yuma,2007,kaggle,train
260346,Taken 3,2014,kaggle,train
1389,Out of Sight,1998,kaggle,train
9894,The Cable Guy,1996,kaggle,train
8592,Dick Tracy,1990,kaggle,train
913,The Thomas Crown Affair,1999,kaggle,train
11091,Riding in Cars with Boys,2001,kaggle,train
5393,Happily N'Ever After,2006,kaggle,train
9095,Mary Reilly,1996,kaggle,train
8874,My Best Friend's Wedding,1997,kaggle,train
320,Insomnia,2002,kaggle,train
199,Star Trek: First Contact,1996,kaggle,train
20533,Jonah Hex,2010,kaggle,train
10684,Courage Under Fire,1996,kaggle,train
1624,Liar Liar,1997,kaggle,train
325789,The Infiltrator,2016,kaggle,train
888,The Flintstones,1994,kaggle,train
82675,Taken 2,2012,kaggle,train
4256,Scary Movie 3,2003,kaggle,train
1493,Miss Congeniality,2000,kaggle,train
88751,Journey to the Center of the Earth,2008,kaggle,train
11130,The Princess Diaries 2: Royal Engagement,2004,kaggle,train
9944,The Pelican Brief,1993,kaggle,train
10731,The Client,1994,kaggle,train
7350,The Bucket List,2007,kaggle,train
9869,Patriot Games,1992,kaggle,train
4379,Monster-in-Law,2005,kaggle,train
146233,Prisoners,2013,kaggle,train
2034,Training Day,2001,kaggle,train
926,Galaxy Quest,1999,kaggle,train
4248,Scary Movie 2,2001,kaggle,train
64328,The Muppets,2011,kaggle,train
36647,Blade,1998,kaggle,train
7214,Coach Carter,2005,kaggle,train
1537,Changing Lanes,2002,kaggle,train
9360,Anaconda,1997,kaggle,train
6282,Coyote Ugly,2000,kaggle,train
508,Love Actually,2003,kaggle,train
9487,A Bug's Life,1998,kaggle,train
768,From Hell,2001,kaggle,train
2636,The Specialist,1994,kaggle,train
10478,Tin Cup,1996,kaggle,train
9981,Kicking & Screaming,2005,kaggle,train
7453,The Hitchhiker's Guide to the Galaxy,2005,kaggle,train
7737,Resident Evil: Extinction,2007,kaggle,train
232672,Blended,2014,kaggle,train
17379,Last Holiday,2006,kaggle,train
82525,Savages,2012,kaggle,train
9759,Cellular,2004,kaggle,train
9486,Johnny English,2003,kaggle,train
9906,The Ant Bully,2006,kaggle,train
4148,Revolutionary Road,2008,kaggle,train
2207,16 Blocks,2006,kaggle,train
9381,Babylon A.D.,2008,kaggle,train
20856,Aliens in the Attic,2009,kaggle,train
5955,The Pledge,2001,kaggle,train
9899,The Producers,2005,kaggle,train
9826,The Phantom,1996,kaggle,train
10858,Nixon,1995,kaggle,train
11439,The Ghost Writer,2010,kaggle,train
9457,Deep Rising,1998,kaggle,train
12412,Miracle at St. Anna,2008,kaggle,train
13184,Bangkok Dangerous,2008,kaggle,train
2185,Big Trouble,2002,kaggle,train
6639,Love in the Time of Cholera,2007,kaggle,train
38153,Shadow Conspiracy,1997,kaggle,train
58233,Johnny English Reborn,2011,kaggle,train
68734,Argo,2012,kaggle,train
5503,The Fugitive,1993,kaggle,train
27573,The Bounty Hunter,2010,kaggle,train
819,Sleepers,1996,kaggle,train
834,Underworld: Evolution,2006,kaggle,train
228066,Victor Frankenstein,2015,kaggle,train
711,Finding Forrester,2000,kaggle,train
10027,Unleashed,2005,kaggle,train
11812,The Sweetest Thing,2002,kaggle,train
37233,The Firm,1993,kaggle,train
37950,Charlie St. Cloud,2010,kaggle,train
27582,The Mechanic,2011,kaggle,train
64688,21 Jump Street,2012,kaggle,train
509,Notting Hill,1999,kaggle,train
7443,Chicken Run,2000,kaggle,train
5966,Along Came Polly,2004,kaggle,train
11066,Boomerang,1992,kaggle,train
136795,The Heat,2013,kaggle,train
11560,High Crimes,2002,kaggle,train
2637,The Mothman Prophecies,2002,kaggle,train
49730,Red Riding Hood,2011,kaggle,train
2749,15 Minutes,2001,kaggle,train
9607,Super Mario Bros.,1993,kaggle,train
1830,Lord of War,2005,kaggle,train
79,Hero,2002,kaggle,train
54054,One for the Money,2012,kaggle,train
228967,The Interview,2014,kaggle,train
46528,The Warrior's Way,2010,kaggle,train
27936,Micmacs,2009,kaggle,train
65,8 Mile,2002,kaggle,train
9476,A Knight's Tale,2001,kaggle,train
745,The Sixth Sense,1999,kaggle,train
49527,Man on a Ledge,2012,kaggle,train
73937,The Big Year,2011,kaggle,train
168672,American Hustle,2013,kaggle,train
18240,The Proposal,2009,kaggle,train
10398,Double Jeopardy,1999,kaggle,train
240832,Lucy,2014,kaggle,train
216015,Fifty Shades of Grey,2015,kaggle,train
12279,Spy Kids 3-D: Game Over,2003,kaggle,train
1645,A Time to Kill,1996,kaggle,train
11007,Cheaper by the Dozen,2003,kaggle,train
193756,Lone Survivor,2013,kaggle,train
11287,A League of Their Own,1992,kaggle,train
259693,The Conjuring 2,2016,kaggle,train
37799,The Social Network,2010,kaggle,train
10184,He's Just Not That Into You,2009,kaggle,train
4257,Scary Movie 4,2006,kaggle,train
4234,Scream 3,2000,kaggle,train
196,Back to the Future Part III,1990,kaggle,train
257091,Get Hard,2015,kaggle,train
6114,Dracula,1992,kaggle,train
24803,Julie & Julia,2009,kaggle,train
109410,42,2013,kaggle,train
1213,The Talented Mr. Ripley,1999,kaggle,train
100042,Dumb and Dumber To,2014,kaggle,train
9036,Eight Below,2006,kaggle,train
257211,The Intern,2015,kaggle,train
323675,Ride Along 2,2016,kaggle,train
9361,The Last of the Mohicans,1992,kaggle,train
1677,Ray,2004,kaggle,train
187,Sin City,2005,kaggle,train
7461,Vantage Point,2008,kaggle,train
16538,"I Love You, Man",2009,kaggle,train
9889,Shallow Hal,2001,kaggle,train
820,JFK,1991,kaggle,train
11565,Big Momma's House 2,2006,kaggle,train
6073,The Mexican,2001,kaggle,train
16996,17 Again,2009,kaggle,train
193610,The Other Woman,2014,kaggle,train
19912,The Final Destination,2009,kaggle,train
296098,Bridge of Spies,2015,kaggle,train
8007,Behind Enemy Lines,2001,kaggle,train
32823,Get Him to the Greek,2010,kaggle,train
4380,Shall We Dance?,2004,kaggle,train
11551,Small Soldiers,1998,kaggle,train
10336,Spawn,1997,kaggle,train
11362,The Count of Monte Cristo,2002,kaggle,train
50348,The Lincoln Lawyer,2011,kaggle,train
48138,Unknown,2011,kaggle,train
1124,The Prestige,2006,kaggle,train
227159,Horrible Bosses 2,2014,kaggle,train
68179,Escape from Planet Earth,2013,kaggle,train
1579,Apocalypto,2006,kaggle,train
34851,Predators,2010,kaggle,train
1586,Secret Window,2004,kaggle,train
2044,The Lake House,2006,kaggle,train
9913,The Skeleton Key,2005,kaggle,train
10761,Made of Honor,2008,kaggle,train
209451,Jersey Boys,2014,kaggle,train
11975,The Rainmaker,1997,kaggle,train
4970,Gothika,2003,kaggle,train
11831,Amistad,1997,kaggle,train
440,Aliens vs Predator: Requiem,2007,kaggle,train
11172,Music and Lyrics,2007,kaggle,train
39513,Paul,2011,kaggle,train
82687,The Guilt Trip,2012,kaggle,train
41446,Scream 4,2011,kaggle,train
8224,8MM,1999,kaggle,train
10537,The Doors,1991,kaggle,train
225886,Sex Tape,2014,kaggle,train
10385,Hanging Up,2000,kaggle,train
55779,Final Destination 5,2011,kaggle,train
10647,Pay It Forward,2000,kaggle,train
11431,Fever Pitch,2005,kaggle,train
8850,The Shadow,1994,kaggle,train
64685,Extremely Loud & Incredibly Close,2011,kaggle,train
38357,Morning Glory,2010,kaggle,train
10060,Get Rich or Die Tryin',2005,kaggle,train
11398,The Art of War,2000,kaggle,train
1833,Rent,2005,kaggle,train
8970,The Out-of-Towners,1999,kaggle,train
9306,The Island of Dr. Moreau,1996,kaggle,train
11370,The Musketeer,2001,kaggle,train
1921,Sweet November,2001,kaggle,train
1683,The Reaping,2007,kaggle,train
11858,Renaissance Man,1994,kaggle,train
62835,Colombiana,2011,kaggle,train
18937,Quest for Camelot,1998,kaggle,train
13536,City By The Sea,2002,kaggle,train
10718,Torque,2004,kaggle,train
10802,Showgirls,1995,kaggle,train
1887,Marie Antoinette,2006,kaggle,train
10461,Get Carter,2000,kaggle,train
80278,The Impossible,2012,kaggle,train
10315,Fantastic Mr. Fox,2009,kaggle,train
16643,Life or Something Like It,2002,kaggle,train
2687,Memoirs of an Invisible Man,1992,kaggle,train
194,Amélie,2001,kaggle,train
8849,Alfie,2004,kaggle,train
78698,Big Miracle,2012,kaggle,train
30943,The Deep End of the Ocean,1999,kaggle,train
9544,FearDotCom,2002,kaggle,train
24418,Cirque du Freak: The Vampire's Assistant,2009,kaggle,train
7288,Duplex,2003,kaggle,train
10366,Universal Soldier: The Return,1999,kaggle,train
19898,Pandorum,2009,kaggle,train
15074,Extreme Ops,2002,kaggle,train
1272,Sunshine,2007,kaggle,train
72358,A Thousand Words,2012,kaggle,train
266396,The Gunman,2015,kaggle,train
9978,Stormbreaker,2006,kaggle,train
8271,Disturbia,2007,kaggle,train
10428,Hackers,1995,kaggle,train
110415,Snowpiercer,2013,kaggle,train
9495,The Crow,1994,kaggle,train
256040,Baahubali: The Beginning,2015,kaggle,train
24420,The Time Traveler's Wife,2009,kaggle,train
62214,Frankenweenie,2012,kaggle,train
16320,Serenity,2005,kaggle,train
8842,Against the Ropes,2004,kaggle,train
64807,Grudge Match,2013,kaggle,train
12289,Red Cliff,2008,kaggle,train
11529,Sweet Home Alabama,2002,kaggle,train
20943,The Ugly Truth,2009,kaggle,train
9488,Spy Kids 2: The Island of Lost Dreams,2002,kaggle,train
193,Star Trek: Generations,1994,kaggle,train
44865,The Grandmaster,2013,kaggle,train
55787,Water for Elephants,2011,kaggle,train
10400,The Hurricane,1999,kaggle,train
1957,Enough,2002,kaggle,train
256961,Paul Blart: Mall Cop 2,2015,kaggle,train
5852,Angel Eyes,2001,kaggle,train
622,The Ninth Gate,1999,kaggle,train
11306,Extreme Measures,1996,kaggle,train
12508,Rock Star,2001,kaggle,train
25793,Precious,2009,kaggle,train
10534,White Squall,1996,kaggle,train
87421,Riddick,2013,kaggle,train
10871,Switchback,1997,kaggle,train
13600,City of Ember,2008,kaggle,train
68722,The Master,2012,kaggle,train
14324,Virgin Territory,2007,kaggle,train
14325,The Express,2008,kaggle,train
299687,The 5th Wave,2016,kaggle,train
312221,Creed,2015,kaggle,train
23168,The Town,2010,kaggle,train
76494,What to Expect When You're Expecting,2012,kaggle,train
4944,Burn After Reading,2008,kaggle,train
10488,Nim's Island,2008,kaggle,train
96721,Rush,2013,kaggle,train
334,Magnolia,1999,kaggle,train
23742,Cop Out,2010,kaggle,train
259694,How to Be Single,2016,kaggle,train
62837,Dolphin Tale,2011,kaggle,train
8966,Twilight,2008,kaggle,train
8470,John Q,2002,kaggle,train
11001,Blue Streak,1999,kaggle,train
138832,We're the Millers,2013,kaggle,train
16911,The Inhabited Island,2008,kaggle,train
2163,Breakdown,1997,kaggle,train
23048,Hot Tub Time Machine,2010,kaggle,train
227735,Dolphin Tale 2,2014,kaggle,train
2155,Reindeer Games,2000,kaggle,train
8409,A Man Apart,2003,kaggle,train
222936,Aloha,2015,kaggle,train
48171,The Rite,2011,kaggle,train
782,Gattaca,1997,kaggle,train
75531,Isn't She Great,2000,kaggle,train
11802,Space Chimps,2008,kaggle,train
18785,The Hangover,2009,kaggle,train
365222,Ip Man 3,2015,kaggle,train
817,Austin Powers: The Spy Who Shagged Me,1999,kaggle,train
943,Lethal Weapon 3,1992,kaggle,train
22881,The Blind Side,2009,kaggle,train
10054,Spy Kids,2001,kaggle,train
51540,Horrible Bosses,2011,kaggle,train
44264,True Grit,2010,kaggle,train
350,The Devil Wears Prada,2006,kaggle,train
109431,Identity Thief,2013,kaggle,train
1598,Cape Fear,1991,kaggle,train
8065,21,2008,kaggle,train
271718,Trainwreck,2015,kaggle,train
11638,Guess Who,2005,kaggle,train
409,The English Patient,1996,kaggle,train
2118,L.A. Confidential,1997,kaggle,train
11459,Sky High,2005,kaggle,train
9348,Species,1995,kaggle,train
8843,The Cell,2000,kaggle,train
39486,Secretariat,2010,kaggle,train
1273,TMNT,2007,kaggle,train
13920,Radio,2003,kaggle,train
50544,Friends with Benefits,2011,kaggle,train
325133,Neighbors 2: Sorority Rising,2016,kaggle,train
140823,Saving Mr. Banks,2013,kaggle,train
1883,Malcolm X,1992,kaggle,train
89492,This Is 40,2012,kaggle,train
22949,Old Dogs,2009,kaggle,train
12437,Underworld: Rise of the Lycans,2009,kaggle,train
2959,License to Wed,2007,kaggle,train
11648,Must Love Dogs,2005,kaggle,train
9366,Donnie Brasco,1997,kaggle,train
1576,Resident Evil,2002,kaggle,train
13051,Max Payne,2008,kaggle,train
49530,In Time,2011,kaggle,train
34806,The Back-Up Plan,2010,kaggle,train
49022,Something Borrowed,2011,kaggle,train
11667,Street Fighter,1994,kaggle,train
423,The Pianist,2002,kaggle,train
10066,House of Wax,2005,kaggle,train
2288,Closer,2004,kaggle,train
88794,J. Edgar,2011,kaggle,train
13515,Mirrors,2008,kaggle,train
11979,Queen of the Damned,2002,kaggle,train
169,Predator 2,1990,kaggle,train
8090,Untraceable,2008,kaggle,train
11622,Blast from the Past,1999,kaggle,train
9541,Jersey Girl,2004,kaggle,train
94348,Alex Cross,2012,kaggle,train
8197,Midnight in the Garden of Good and Evil,1997,kaggle,train
336004,Heist,2015,kaggle,train
35019,Nanny McPhee and the Big Bang,2010,kaggle,train
8836,The X Files: I Want to Believe,2008,kaggle,train
14442,Ella Enchanted,2004,kaggle,train
321741,Concussion,2015,kaggle,train
59965,Abduction,2011,kaggle,train
14175,Valiant,2005,kaggle,train
11918,Superhero Movie,2008,kaggle,train
98357,Broken City,2013,kaggle,train
10012,Cursed,2005,kaggle,train
49526,Premium Rush,2012,kaggle,train
268920,Hot Pursuit,2015,kaggle,train
9093,The Four Feathers,2002,kaggle,train
119283,Parker,2013,kaggle,train
11823,Wimbledon,2004,kaggle,train
35169,Furry Vengeance,2010,kaggle,train
4515,Lions for Lambs,2007,kaggle,train
6575,Walk Hard: The Dewey Cox Story,2007,kaggle,train
13496,American Outlaws,2001,kaggle,train
18320,The Young Victoria,2009,kaggle,train
22787,Whiteout,2009,kaggle,train
8967,The Tree of Life,2011,kaggle,train
144336,Sabotage,2014,kaggle,train
9616,The Order,2003,kaggle,train
13056,Punisher: War Zone,2008,kaggle,train
14113,Zoom,2006,kaggle,train
285783,The Walk,2015,kaggle,train
9726,A Good Year,2006,kaggle,train
20763,Radio Flyer,1992,kaggle,train
9280,Femme Fatale,2002,kaggle,train
11876,The Horseman on the Roof,1995,kaggle,train
22267,Ride with the Devil,1999,kaggle,train
1969,Bandidas,2006,kaggle,train
198663,The Maze Runner,2014,kaggle,train
239573,Unfinished Business,2015,kaggle,train
10436,The Age of Innocence,1993,kaggle,train
1381,The Fountain,2006,kaggle,train
2162,Chill Factor,1999,kaggle,train
127493,Stolen,2012,kaggle,train
12429,Ponyo,2008,kaggle,train
228205,The Longest Ride,2015,kaggle,train
2900,The Astronaut's Wife,1999,kaggle,train
192136,Mandela: Long Walk to Freedom,2013,kaggle,train
881,A Few Good Men,1992,kaggle,train
10877,Exit Wounds,2001,kaggle,train
9600,Big Momma's House,2000,kaggle,train
71469,The Darkest Hour,2011,kaggle,train
85446,Step Up Revolution,2012,kaggle,train
326,Snakes on a Plane,2006,kaggle,train
7220,The Punisher,2004,kaggle,train
9763,Goal!: The Dream Begins,2005,kaggle,train
72387,Safe,2012,kaggle,train
13460,Doomsday,2008,kaggle,train
8055,The Reader,2008,kaggle,train
50647,Wanderlust,2012,kaggle,train
10719,Elf,2003,kaggle,train
9294,Phenomenon,1996,kaggle,train
9353,Nacho Libre,2006,kaggle,train
55721,Bridesmaids,2011,kaggle,train
109414,This Is the End,2013,kaggle,train
10307,Stigmata,1999,kaggle,train
11978,Men of Honor,2000,kaggle,train
22907,Takers,2010,kaggle,train
87567,The Big Wedding,2013,kaggle,train
38322,"Big Mommas: Like Father, Like Son",2011,kaggle,train
45612,Source Code,2011,kaggle,train
7305,Alive,1993,kaggle,train
3594,The Number 23,2007,kaggle,train
157841,The Young and Prodigious T.S. Spivet,2013,kaggle,train
59,A History of Violence,2005,kaggle,train
9335,Transporter 2,2005,kaggle,train
12106,The Quick and the Dead,1995,kaggle,train
11141,Laws of Attraction,2004,kaggle,train
31867,Repo Men,2010,kaggle,train
10253,Dragon Wars: D-War,2007,kaggle,train
124459,The Incredible Burt Wonderstone,2013,kaggle,train
24662,Cats Don't Dance,1997,kaggle,train
182,The Good German,2006,kaggle,train
38073,Going the Distance,2010,kaggle,train
302156,Criminal,2016,kaggle,train
87502,Flight,2012,kaggle,train
120467,The Grand Budapest Hotel,2014,kaggle,train
11313,Hearts in Atlantis,2001,kaggle,train
6488,Arachnophobia,1990,kaggle,train
10559,Frequency,2000,kaggle,train
296099,Vacation,2015,kaggle,train
8012,Get Shorty,1995,kaggle,train
1574,Chicago,2002,kaggle,train
9032,Big Daddy,1999,kaggle,train
2770,American Pie 2,2001,kaggle,train
862,Toy Story,1995,kaggle,train
1637,Speed,1994,kaggle,train
72570,The Vow,2012,kaggle,train
27569,Extraordinary Measures,2010,kaggle,train
10637,Remember the Titans,2000,kaggle,train
1669,The Hunt for Red October,1990,kaggle,train
132363,The Butler,2013,kaggle,train
9472,DodgeBall: A True Underdog Story,2004,kaggle,train
2907,The Addams Family,1991,kaggle,train
9273,Ace Ventura: When Nature Calls,1995,kaggle,train
9880,The Princess Diaries,2001,kaggle,train
2925,The First Wives Club,1996,kaggle,train
807,Se7en,1995,kaggle,train
17654,District 9,2009,kaggle,train
11836,The SpongeBob SquarePants Movie,2004,kaggle,train
322,Mystic River,2003,kaggle,train
70,Million Dollar Baby,2004,kaggle,train
9535,Analyze This,1999,kaggle,train
11036,The Notebook,2004,kaggle,train
6557,27 Dresses,2008,kaggle,train
18126,Hannah Montana: The Movie,2009,kaggle,train
10333,The Prince of Tides,1991,kaggle,train
4476,Legends of the Fall,1994,kaggle,train
22947,Up in the Air,2009,kaggle,train
2755,About Schmidt,2002,kaggle,train
82654,Warm Bodies,2013,kaggle,train
59967,Looper,2012,kaggle,train
9598,Babe,1995,kaggle,train
82696,Hope Springs,2012,kaggle,train
9870,Forgetting Sarah Marshall,2008,kaggle,train
8292,Four Brothers,2005,kaggle,train
8780,Baby Mama,2008,kaggle,train
10521,Bride Wars,2009,kaggle,train
10762,Without a Paddle,2004,kaggle,train
10096,13 Going on 30,2004,kaggle,train
59436,Midnight in Paris,2011,kaggle,train
4133,Blow,2001,kaggle,train
10207,Message in a Bottle,1999,kaggle,train
36593,The Naked Gun 33⅓: The Final Insult,1994,kaggle,train
533,The Curse of the Were-Rabbit,2005,kaggle,train
6023,P.S. I Love You,2007,kaggle,train
6439,Racing Stripes,2005,kaggle,train
4347,Atonement,2007,kaggle,train
76489,The Three Stooges,2012,kaggle,train
3933,Corpse Bride,2005,kaggle,train
273481,Sicario,2015,kaggle,train
307081,Southpaw,2015,kaggle,train
16871,Drag Me to Hell,2009,kaggle,train
293863,The Age of Adaline,2015,kaggle,train
41233,Step Up 3D,2010,kaggle,train
9266,Blue Crush,2002,kaggle,train
1262,Stranger Than Fiction,2006,kaggle,train
4513,30 Days of Night,2007,kaggle,train
22970,The Cabin in the Woods,2012,kaggle,train
7278,Meet the Spartans,2008,kaggle,train
50456,Hanna,2011,kaggle,train
9823,Mortal Kombat: Annihilation,1997,kaggle,train
59861,Larry Crowne,2011,kaggle,train
133805,Carrie,2013,kaggle,train
12763,Take the Lead,2006,kaggle,train
9766,Gridiron Gang,2006,kaggle,train
12244,9,2009,kaggle,train
109421,Side Effects,2013,kaggle,train
51162,Winnie the Pooh,2011,kaggle,train
10152,Dumb and Dumberer: When Harry Met Lloyd,2003,kaggle,train
9452,Bulworth,1998,kaggle,train
9271,Virtuosity,1995,kaggle,train
48340,Sanctum,2011,kaggle,train
14846,Little Black Book,2004,kaggle,train
72207,The Five-Year Engagement,2012,kaggle,train
16232,Mr. 3000,2004,kaggle,train
43539,The Next Three Days,2010,kaggle,train
9920,Ultraviolet,2006,kaggle,train
8978,Assault on Precinct 13,2005,kaggle,train
11702,The Replacement Killers,1998,kaggle,train
18550,Fled,1996,kaggle,train
43347,Love & Other Drugs,2010,kaggle,train
3489,88 Minutes,2007,kaggle,train
9701,North Country,2005,kaggle,train
2122,The Whole Ten Yards,2004,kaggle,train
13150,Pride and Glory,2008,kaggle,train
9042,The Cave,2005,kaggle,train
17813,Alex & Emma,2003,kaggle,train
11208,Wicker Park,2004,kaggle,train
58151,Fright Night,2011,kaggle,train
11400,The New World,2005,kaggle,train
11058,Godsend,2004,kaggle,train
57089,Hoodwinked Too! Hood VS. Evil,2011,kaggle,train
1947,An Unfinished Life,2005,kaggle,train
8054,The Imaginarium of Doctor Parnassus,2009,kaggle,train
46829,Barney's Version,2010,kaggle,train
146238,Runner Runner,2013,kaggle,train
9989,Antitrust,2001,kaggle,train
13967,Miss Potter,2006,kaggle,train
4512,The Assassination of Jesse James by the Coward Robert Ford,2007,kaggle,train
45610,Machine Gun Preacher,2011,kaggle,train
223702,Sausage Party,2016,kaggle,train
254470,Pitch Perfect 2,2015,kaggle,train
69,Walk the Line,2005,kaggle,train
4967,Keeping the Faith,2000,kaggle,train
4912,Confessions of a Dangerous Mind,2002,kaggle,train
12771,Serving Sara,2002,kaggle,train
323676,The Boss,2016,kaggle,train
11249,Seed of Chucky,2004,kaggle,train
9667,The Jacket,2005,kaggle,train
812,Aladdin,1992,kaggle,train
277216,Straight Outta Compton,2015,kaggle,train
14444,The Rugrats Movie,1998,kaggle,train
2043,Along Came a Spider,2001,kaggle,train
315664,Florence Foster Jenkins,2016,kaggle,train
1428,Once Upon a Time in Mexico,2003,kaggle,train
15373,Role Models,2008,kaggle,train
318846,The Big Short,2015,kaggle,train
14292,Miracle,2004,kaggle,train
924,Dawn of the Dead,2004,kaggle,train
2018,The Wedding Planner,2001,kaggle,train
192577,Space Pirate Captain Harlock,2013,kaggle,train
9428,The Royal Tenenbaums,2001,kaggle,train
2832,Identity,2003,kaggle,train
137093,Last Vegas,2013,kaggle,train
9778,Serendipity,2001,kaggle,train
8831,Timecop,1994,kaggle,train
9398,Zoolander,2001,kaggle,train
112949,Safe Haven,2013,kaggle,train
10439,Hocus Pocus,1993,kaggle,train
3638,No Reservations,2007,kaggle,train
23483,Kick-Ass,2010,kaggle,train
62206,30 Minutes or Less,2011,kaggle,train
10577,Dracula 2000,2000,kaggle,train
218778,"Alexander and the Terrible, Horrible, No Good, Very Bad Day",2014,kaggle,train
4348,Pride & Prejudice,2005,kaggle,train
11780,Rob Roy,1995,kaggle,train
192102,3 Days to Kill,2014,kaggle,train
2001,We Own the Night,2007,kaggle,train
11516,Winged Migration,2001,kaggle,train
10025,Just My Luck,2006,kaggle,train
15198,"Mystery, Alaska",1999,kaggle,train
23172,The Spy Next Door,2010,kaggle,train
17834,A Simple Wish,1997,kaggle,train
10016,Ghosts of Mars,2001,kaggle,train
10317,Our Brand Is Crisis,2015,kaggle,train
58431,Pride and Prejudice and Zombies,2016,kaggle,train
9746,Kundun,1997,kaggle,train
13092,How to Lose Friends & Alienate People,2008,kaggle,train
59859,Kick-Ass 2,2013,kaggle,train
13495,Alatriste,2006,kaggle,train
254473,Brick Mansions,2014,kaggle,train
4964,Knocked Up,2007,kaggle,train
10024,My Sister's Keeper,2009,kaggle,train
13490,Welcome Home Roscoe Jenkins,2008,kaggle,train
1259,Notes on a Scandal,2006,kaggle,train
5125,Rendition,2007,kaggle,train
174,Star Trek VI: The Undiscovered Country,1991,kaggle,train
9437,Kiss the Girls,1997,kaggle,train
10188,The Sisterhood of the Traveling Pants 2,2008,kaggle,train
245,About a Boy,2002,kaggle,train
9825,Lake Placid,1999,kaggle,train
186,Lucky Number Slevin,2006,kaggle,train
61891,Anonymous,2011,kaggle,train
2666,Dark City,1998,kaggle,train
42807,The Newton Boys,1998,kaggle,train
28355,Case 39,2009,kaggle,train
8080,Suspect Zero,2004,kaggle,train
56288,Spy Kids: All the Time in the World,2011,kaggle,train
303858,Money Monster,2016,kaggle,train
16617,Mindhunters,2004,kaggle,train
8944,What Just Happened,2008,kaggle,train
14560,Paul Blart: Mall Cop,2009,kaggle,train
10330,Freaky Friday,2003,kaggle,train
6957,The 40 Year Old Virgin,2005,kaggle,train
1934,Shakespeare in Love,1998,kaggle,train
169917,A Walk Among the Tombstones,2014,kaggle,train
951,Kindergarten Cop,1990,kaggle,train
10189,Pineapple Express,2008,kaggle,train
9454,Ever After: A Cinderella Story,1998,kaggle,train
2055,Open Range,2003,kaggle,train
1551,Flatliners,1990,kaggle,train
11460,Red Eye,2005,kaggle,train
9358,Final Destination 2,2003,kaggle,train
134,"O Brother, Where Art Thou?",2000,kaggle,train
22894,Legion,2010,kaggle,train
134374,Pain & Gain,2013,kaggle,train
15028,Clockstoppers,2002,kaggle,train
7445,Brothers,2009,kaggle,train
17047,Agent Cody Banks 2: Destination London,2004,kaggle,train
62838,New Year's Eve,2011,kaggle,train
2057,Original Sin,2001,kaggle,train
70436,The Raven,2012,kaggle,train
16784,Welcome to Mooseport,2004,kaggle,train
8011,Highlander: The Final Dimension,1994,kaggle,train
36355,Flipper,1996,kaggle,train
238615,Self/less,2015,kaggle,train
1985,The Constant Gardener,2005,kaggle,train
615,The Passion of the Christ,2004,kaggle,train
788,Mrs. Doubtfire,1993,kaggle,train
13223,Gran Torino,2008,kaggle,train
10523,W.,2008,kaggle,train
8681,Taken,2008,kaggle,train
239571,The Best of Me,2014,kaggle,train
619,The Bodyguard,1992,kaggle,train
424,Schindler's List,1993,kaggle,train
50014,The Help,2011,kaggle,train
162903,The Fifth Estate,2013,kaggle,train
6466,Freddy vs. Jason,2003,kaggle,train
12589,Jimmy Neutron: Boy Genius,2001,kaggle,train
7191,Cloverfield,2008,kaggle,train
1497,Teenage Mutant Ninja Turtles II: The Secret of the Ooze,1991,kaggle,train
6977,No Country for Old Men,2007,kaggle,train
168530,Ride Along,2014,kaggle,train
634,Bridget Jones's Diary,2001,kaggle,train
392,Chocolat,2000,kaggle,train
10327,"Legally Blonde 2: Red, White & Blonde",2003,kaggle,train
88042,Parental Guidance,2012,kaggle,train
41630,No Strings Attached,2011,kaggle,train
11969,Tombstone,1993,kaggle,train
2085,Romeo Must Die,2000,kaggle,train
9286,Final Destination 3,2006,kaggle,train
77877,The Lucky One,2012,kaggle,train
1265,Bridge to Terabithia,2007,kaggle,train
866,Finding Neverland,2004,kaggle,train
75174,The Grey,2012,kaggle,train
11096,Hide and Seek,2005,kaggle,train
8699,Anchorman: The Legend of Ron Burgundy,2004,kaggle,train
769,GoodFellas,1990,kaggle,train
10923,Agent Cody Banks,2003,kaggle,train
11283,Nanny McPhee,2005,kaggle,train
77866,Contraband,2012,kaggle,train
7345,There Will Be Blood,2007,kaggle,train
12277,Undercover Brother,2002,kaggle,train
9779,The Sisterhood of the Traveling Pants,2005,kaggle,train
2140,Kiss of the Dragon,2001,kaggle,train
12620,The House Bunny,2008,kaggle,train
14177,Beauty Shop,2005,kaggle,train
198185,Million Dollar Arm,2014,kaggle,train
227156,The Giver,2014,kaggle,train
11351,Jeepers Creepers 2,2003,kaggle,train
10030,Good Luck Chuck,2007,kaggle,train
10623,Cradle 2 the Grave,2003,kaggle,train
590,The Hours,2002,kaggle,train
9655,She's the Man,2006,kaggle,train
1268,Mr. Bean's Holiday,2007,kaggle,train
11237,Anacondas: The Hunt for the Blood Orchid,2004,kaggle,train
190955,Blood Ties,2013,kaggle,train
5123,August Rush,2007,kaggle,train
4518,Elizabeth,1998,kaggle,train
11932,Bride of Chucky,1998,kaggle,train
6116,Spice World,1997,kaggle,train
57431,The Sitter,2011,kaggle,train
278,The Shawshank Redemption,1994,kaggle,train
9290,Crocodile Dundee in Los Angeles,2001,kaggle,train
11543,Kingpin,1996,kaggle,train
284536,The Gambler,2014,kaggle,train
152737,August: Osage County,2013,kaggle,train
13374,Ice Princess,2005,kaggle,train
8976,A Lot Like Love,2005,kaggle,train
319888,Eddie the Eagle,2016,kaggle,train
9469,He Got Game,1998,kaggle,train
1909,Don Juan DeMarco,1994,kaggle,train
22971,Dear John,2010,kaggle,train
34813,The Losers,2010,kaggle,train
46261,Don't Be Afraid of the Dark,2010,kaggle,train
10431,War,2007,kaggle,train
8051,Punch-Drunk Love,2002,kaggle,train
9352,EuroTrip,2004,kaggle,train
15487,The Greatest Game Ever Played,2005,kaggle,train
22825,The Box,2009,kaggle,train
1831,The Next Best Thing,2000,kaggle,train
43931,My Soul to Take,2010,kaggle,train
10591,The Girl Next Door,2004,kaggle,train
10861,Maximum Risk,1996,kaggle,train
276907,Legend,2015,kaggle,train
65055,Shark Night,2011,kaggle,train
200505,Draft Day,2014,kaggle,train
60309,The Conspirator,2010,kaggle,train
9787,Lords of Dogtown,2005,kaggle,train
293646,The 33,2015,kaggle,train
59440,Warrior,2011,kaggle,train
1770,Michael Collins,1996,kaggle,train
8988,Stop-Loss,2008,kaggle,train
15992,Abandon,2002,kaggle,train
17707,Brokedown Palace,1999,kaggle,train
77883,The Possession,2012,kaggle,train
40001,Mrs. Winterbourne,1996,kaggle,train
64639,Straw Dogs,2011,kaggle,train
9903,The Hoax,2006,kaggle,train
20766,The Road,2009,kaggle,train
9067,Tank Girl,1995,kaggle,train
8338,Blindness,2008,kaggle,train
168705,BloodRayne,2005,kaggle,train
72113,Carnage,2011,kaggle,train
22256,Without Limits,1998,kaggle,train
12404,Me and Orson Welles,2009,kaggle,train
152742,The Best Offer,2013,kaggle,train
11699,The Bad Lieutenant: Port of Call - New Orleans,2009,kaggle,train
48034,Little White Lies,2010,kaggle,train
36696,Space Dogs,2010,kaggle,train
109091,The Counselor,2013,kaggle,train
83770,On the Road,2012,kaggle,train
1246,Rocky Balboa,2006,kaggle,train
4233,Scream 2,1997,kaggle,train
174751,Jane Got a Gun,2016,kaggle,train
184098,Think Like a Man Too,2014,kaggle,train
2069,The Whole Nine Yards,2000,kaggle,train
11635,Old School,2003,kaggle,train
177,The Fisher King,1991,kaggle,train
3600,I Still Know What You Did Last Summer,1998,kaggle,train
2621,Return to Me,2000,kaggle,train
10358,Zack and Miri Make a Porno,2008,kaggle,train
10313,The Men Who Stare at Goats,2009,kaggle,train
13476,Win a Date with Tad Hamilton!,2004,kaggle,train
10208,Muppets from Space,1999,kaggle,train
20697,Ready to Rumble,2000,kaggle,train
20761,Play It to the Bone,1999,kaggle,train
70868,I Don't Know How She Does It,2011,kaggle,train
43593,Piranha 3D,2010,kaggle,train
40688,Meet the Deedles,1998,kaggle,train
26672,The Thief and the Cobbler,1993,kaggle,train
41283,Faster,2010,kaggle,train
4935,Howl's Moving Castle,2004,kaggle,train
19908,Zombieland,2009,kaggle,train
10663,The Waterboy,1998,kaggle,train
9737,Bad Boys,1995,kaggle,train
37137,The Naked Gun 2½: The Smell of Fear,1991,kaggle,train
9532,Final Destination,2000,kaggle,train
10316,The Ides of March,2011,kaggle,train
2787,Pitch Black,2000,kaggle,train
152601,Her,2013,kaggle,train
10866,Joy Ride,2001,kaggle,train
21349,Anywhere But Here,1999,kaggle,train
70435,Haywire,2011,kaggle,train
20024,The End of the Affair,1999,kaggle,train
2453,Harley Davidson and the Marlboro Man,1991,kaggle,train
6973,In the Valley of Elah,2007,kaggle,train
22215,Cheri,2009,kaggle,train
11632,Vanity Fair,2004,kaggle,train
30596,Bodyguards and Assassins,2009,kaggle,train
3021,1408,2007,kaggle,train
256917,The Water Diviner,2014,kaggle,train
251,Ghost,1990,kaggle,train
544,There's Something About Mary,1998,kaggle,train
11395,The Santa Clause,1994,kaggle,train
14635,The Rookie,2002,kaggle,train
13680,The Game Plan,2007,kaggle,train
688,The Bridges of Madison County,1995,kaggle,train
11090,The Animal,2001,kaggle,train
228194,The Hundred-Foot Journey,2014,kaggle,train
1642,The Net,1995,kaggle,train
10950,I Am Sam,2001,kaggle,train
235260,Son of God,2014,kaggle,train
277,Underworld,2003,kaggle,train
8999,Derailed,2005,kaggle,train
11323,The Informant!,2009,kaggle,train
11453,Deuce Bigalow: European Gigolo,2005,kaggle,train
146239,Delivery Man,2013,kaggle,train
10878,Saving Silverman,2001,kaggle,train
82650,Diary of a Wimpy Kid: Dog Days,2012,kaggle,train
2294,Jay and Silent Bob Strike Back,2001,kaggle,train
2176,The Glass House,2001,kaggle,train
270487,"Hail, Caesar!",2016,kaggle,train
204082,Homefront,2013,kaggle,train
24100,The Little Vampire,2000,kaggle,train
5550,RoboCop 3,1993,kaggle,train
287948,The Transporter Refueled,2015,kaggle,train
9075,Black Book,2006,kaggle,train
11661,Joyeux Noël,2005,kaggle,train
109513,Hit & Run,2012,kaggle,train
204922,Before I Go to Sleep,2014,kaggle,train
44113,Stone,2010,kaggle,train
164457,Out of the Furnace,2013,kaggle,train
4566,Michael Clayton,2007,kaggle,train
153158,Underdogs,2013,kaggle,train
81836,To Rome with Love,2012,kaggle,train
1499,Teenage Mutant Ninja Turtles III,1993,kaggle,train
20857,Hardball,2001,kaggle,train
82693,Silver Linings Playbook,2012,kaggle,train
1646,Freedom Writers,2007,kaggle,train
4108,The Transporter,2002,kaggle,train
8456,Never Back Down,2008,kaggle,train
7341,The Rage: Carrie 2,1999,kaggle,train
19255,Away We Go,2009,kaggle,train
10187,Swing Vote,2008,kaggle,train
31005,Moonlight Mile,2002,kaggle,train
50780,The Beaver,2011,kaggle,train
1946,eXistenZ,1999,kaggle,train
772,Home Alone 2: Lost in New York,1992,kaggle,train
9682,Pulse,2006,kaggle,train
10678,Bringing Down the House,2003,kaggle,train
274,The Silence of the Lambs,1991,kaggle,train
8872,Wayne's World,1992,kaggle,train
16290,Jackass 3D,2010,kaggle,train
14405,Beverly Hills Chihuahua,2008,kaggle,train
138843,The Conjuring,2013,kaggle,train
11637,Are We There Yet?,2005,kaggle,train
226486,Tammy,2014,kaggle,train
1584,School of Rock,2003,kaggle,train
9312,Mortal Kombat,1995,kaggle,train
12153,White Chicks,2004,kaggle,train
65057,The Descendants,2011,kaggle,train
76203,12 Years a Slave,2013,kaggle,train
13497,Drumline,2002,kaggle,train
35688,Why Did I Get Married Too?,2010,kaggle,train
162,Edward Scissorhands,1990,kaggle,train
296096,Me Before You,2016,kaggle,train
376659,Bad Moms,2016,kaggle,train
10073,Date Movie,2006,kaggle,train
16690,Return to Never Land,2002,kaggle,train
273895,Selma,2014,kaggle,train
14873,The Jungle Book 2,2003,kaggle,train
8968,Boogeyman,2005,kaggle,train
9963,Premonition,2007,kaggle,train
15655,The Tigger Movie,2000,kaggle,train
21208,Orphan,2009,kaggle,train
272878,Max,2015,kaggle,train
9760,Epic Movie,2007,kaggle,train
314365,Spotlight,2015,kaggle,train
13279,Lakeview Terrace,2008,kaggle,train
1975,The Grudge 2,2006,kaggle,train
33644,How Stella Got Her Groove Back,1998,kaggle,train
9895,Man of the Year,2006,kaggle,train
27579,The American,2010,kaggle,train
16052,Selena,1997,kaggle,train
40264,Vampires Suck,2010,kaggle,train
1164,Babel,2006,kaggle,train
239678,This Is Where I Leave You,2014,kaggle,train
14359,Doubt,2008,kaggle,train
3989,Team America: World Police,2004,kaggle,train
76617,Texas Chainsaw 3D,2013,kaggle,train
4258,Scary Movie 5,2013,kaggle,train
10139,Milk,2008,kaggle,train
335778,Risen,2016,kaggle,train
9645,Ghost Ship,2002,kaggle,train
55465,A Very Harold & Kumar Christmas,2011,kaggle,train
617,Wild Things,1998,kaggle,train
48289,The Debt,2010,kaggle,train
243,High Fidelity,2000,kaggle,train
8848,The Bank Job,2008,kaggle,train
38,Eternal Sunshine of the Spotless Mind,2004,kaggle,train
38303,You Again,2010,kaggle,train
1266,Street Kings,2008,kaggle,train
107985,The World's End,2013,kaggle,train
19901,Daybreakers,2009,kaggle,train
34016,She's Out of My League,2010,kaggle,train
59860,Monte Carlo,2011,kaggle,train
10069,Stay Alive,2006,kaggle,train
12819,Alpha and Omega,2010,kaggle,train
9954,The Covenant,2006,kaggle,train
25132,Shorts,2009,kaggle,train
577,To Die For,1995,kaggle,train
328387,Nerve,2016,kaggle,train
12690,Appaloosa,2008,kaggle,train
13596,My Best Friend's Girl,2008,kaggle,train
226857,Endless Love,2014,kaggle,train
22796,Simon Birch,1998,kaggle,train
2355,Reign Over Me,2007,kaggle,train
5915,Into the Wild,2007,kaggle,train
9842,School for Scoundrels,2006,kaggle,train
61012,Silent Hill: Revelation 3D,2012,kaggle,train
755,From Dusk Till Dawn,1996,kaggle,train
9470,Kung Fu Hustle,2004,kaggle,train
7979,The Kite Runner,2007,kaggle,train
470,21 Grams,2003,kaggle,train
15644,Paparazzi,2004,kaggle,train
9582,A Guy Thing,2003,kaggle,train
22074,Capitalism: A Love Story,2009,kaggle,train
290751,Secret in Their Eyes,2015,kaggle,train
13805,Disaster Movie,2008,kaggle,train
4597,Armored,2009,kaggle,train
9414,The Man Who Knew Too Little,1997,kaggle,train
63492,What's Your Number?,2011,kaggle,train
81796,Lockout,2012,kaggle,train
15092,Crank: High Voltage,2009,kaggle,train
15005,One Night with the King,2006,kaggle,train
8198,The Quiet American,2002,kaggle,train
6963,The Weather Man,2005,kaggle,train
15070,Undisputed,2002,kaggle,train
17134,12 Rounds,2009,kaggle,train
41402,Let Me In,2010,kaggle,train
146198,Triple 9,2016,kaggle,train
2639,Deconstructing Harry,1997,kaggle,train
295964,Burnt,2015,kaggle,train
11835,Death Sentence,2007,kaggle,train
14396,Code Name: The Cleaner,2007,kaggle,train
15673,Connie and Carla,2004,kaggle,train
171274,Inherent Vice,2014,kaggle,train
109417,Battle of the Year,2013,kaggle,train
13948,An American Carol,2008,kaggle,train
106747,Machete Kills,2013,kaggle,train
256962,Little Boy,2015,kaggle,train
48231,A Dangerous Method,2011,kaggle,train
3509,A Scanner Darkly,2006,kaggle,train
12142,Alone in the Dark,2005,kaggle,train
23367,Bandslam,2009,kaggle,train
241239,A Most Violent Year,2014,kaggle,train
3902,I'm Not There.,2007,kaggle,train
77948,The Cold Light of Day,2012,kaggle,train
21755,The Brothers Bloom,2008,kaggle,train
128,Princess Mononoke,1997,kaggle,train
16608,The Proposition,2005,kaggle,train
32316,Marci X,2003,kaggle,train
7299,Equilibrium,2002,kaggle,train
13405,The Children of Huang Shi,2008,kaggle,train
314385,By the Sea,2015,kaggle,train
43935,Dylan Dog: Dead of Night,2011,kaggle,train
199373,The Frozen Ground,2013,kaggle,train
581,Dances with Wolves,1990,kaggle,train
52449,Bad Teacher,2011,kaggle,train
11247,A Cinderella Story,2004,kaggle,train
4232,Scream,1996,kaggle,train
11377,House on Haunted Hill,1999,kaggle,train
41210,The Switch,2010,kaggle,train
12090,Just Married,2003,kaggle,train
62630,The Devil's Double,2011,kaggle,train
29427,The Crazies,2010,kaggle,train
129,Spirited Away,2001,kaggle,train
13523,Sex Drive,2008,kaggle,train
25195,Leap Year,2010,kaggle,train
50725,Take Me Home Tonight,2011,kaggle,train
73191,The Nutcracker,1993,kaggle,train
10065,The Amityville Horror,2005,kaggle,train
2757,Adaptation.,2002,kaggle,train
11683,Land of the Dead,2005,kaggle,train
1878,Fear and Loathing in Las Vegas,1998,kaggle,train
23082,The Invention of Lying,2009,kaggle,train
195589,Neighbors,2014,kaggle,train
854,The Mask,1994,kaggle,train
496,Borat: Cultural Learnings of America for Make Benefit Glorious Nation of Kazakhstan,2006,kaggle,train
8835,Legally Blonde,2001,kaggle,train
8643,The Exorcism of Emily Rose,2005,kaggle,train
10402,Deuce Bigalow: Male Gigolo,1999,kaggle,train
218043,Left Behind,2014,kaggle,train
21301,Barbershop 2:  Back in Business,2004,kaggle,train
10147,Bad Santa,2003,kaggle,train
816,Austin Powers: International Man of Mystery,1997,kaggle,train
302688,My Big Fat Greek Wedding 2,2016,kaggle,train
60307,Diary of a Wimpy Kid: Rodrick Rules,2011,kaggle,train
10625,Mean Girls,2004,kaggle,train
5279,Gosford Park,2001,kaggle,train
194662,Birdman,2014,kaggle,train
160588,Blue Jasmine,2013,kaggle,train
9829,United 93,2006,kaggle,train
10028,Honey,2003,kaggle,train
43959,Soul Surfer,2011,kaggle,train
25643,Love Happens,2009,kaggle,train
44115,127 Hours,2010,kaggle,train
10560,Center Stage,2000,kaggle,train
333348,Love the Coopers,2015,kaggle,train
20483,Catch That Kid,2004,kaggle,train
321697,Steve Jobs,2015,kaggle,train
2575,The Tailor of Panama,2001,kaggle,train
146227,Getaway,2013,kaggle,train
68924,The Ice Storm,1997,kaggle,train
253235,And So It Goes,2014,kaggle,train
522,Ed Wood,1994,kaggle,train
130150,Labor Day,2013,kaggle,train
12246,Mongol: The Rise of Genghis Khan,2007,kaggle,train
13809,RockNRolla,2008,kaggle,train
33870,Mao's Last Dancer,2009,kaggle,train
245703,Midnight Special,2016,kaggle,train
127560,The Railway Man,2013,kaggle,train
11468,Salton Sea,2002,kaggle,train
193613,Metallica: Through the Never,2013,kaggle,train
43434,Carlos,2010,kaggle,train
9389,Renaissance,2006,kaggle,train
75638,Red Lights,2012,kaggle,train
8363,Superbad,2007,kaggle,train
8328,Step Up 2: The Streets,2008,kaggle,train
10982,Hoodwinked!,2005,kaggle,train
205,Hotel Rwanda,2004,kaggle,train
1620,Hitman,2007,kaggle,train
175541,Black Nativity,2013,kaggle,train
241254,The Prince,2014,kaggle,train
3597,I Know What You Did Last Summer,1997,kaggle,train
193893,Let's Be Cops,2014,kaggle,train
9675,Sideways,2004,kaggle,train
9988,Beerfest,2006,kaggle,train
146304,The Best Man Holiday,2013,kaggle,train
7516,Smokin' Aces,2006,kaggle,train
41439,Saw: The Final Chapter,2010,kaggle,train
9429,A Night at the Roxbury,1998,kaggle,train
38117,Beastly,2011,kaggle,train
9792,The Hills Have Eyes,2006,kaggle,train
13960,ATL,2006,kaggle,train
114150,Pitch Perfect,2012,kaggle,train
26602,Summer Catch,2001,kaggle,train
26390,Brooklyn's Finest,2009,kaggle,train
109428,Evil Dead,2013,kaggle,train
23049,My Life in Ruins,2009,kaggle,train
9310,American Dreamz,2006,kaggle,train
7304,Running Scared,2006,kaggle,train
1491,The Illusionist,2006,kaggle,train
10629,Veronica Guerin,2003,kaggle,train
255343,Escobar: Paradise Lost,2014,kaggle,train
79694,The Apparition,2012,kaggle,train
18615,Fur: An Imaginary Portrait of Diane Arbus,2006,kaggle,train
4584,Sense and Sensibility,1995,kaggle,train
2977,Becoming Jane,2007,kaggle,train
10760,Sydney White,2007,kaggle,train
11093,House of Sand and Fog,2003,kaggle,train
8467,Dumb and Dumber,1994,kaggle,train
9285,Road Trip,2000,kaggle,train
74643,The Artist,2011,kaggle,train
13788,The Unborn,2009,kaggle,train
83666,Moonrise Kingdom,2012,kaggle,train
318850,The Young Messiah,2016,kaggle,train
1417,Pan's Labyrinth,2006,kaggle,train
16161,Baby Boy,2001,kaggle,train
49950,The Roommate,2011,kaggle,train
10956,Joe Dirt,2001,kaggle,train
9594,Double Impact,1991,kaggle,train
4638,Hot Fuzz,2007,kaggle,train
13972,The Women,2008,kaggle,train
5038,Vicky Cristina Barcelona,2008,kaggle,train
10571,Boys and Girls,2000,kaggle,train
19994,Jennifer's Body,2009,kaggle,train
25166,Drowning Mona,2000,kaggle,train
9800,Philadelphia,1993,kaggle,train
1090,The Thirteenth Floor,1999,kaggle,train
9781,Detroit Rock City,1999,kaggle,train
3877,Things We Lost in the Fire,2007,kaggle,train
8854,Steel,1997,kaggle,train
152599,The Immigrant,2013,kaggle,train
68727,Trance,2013,kaggle,train
12657,Soul Plane,2004,kaggle,train
8265,Welcome to the Sticks,2008,kaggle,train
34647,Enter the Void,2009,kaggle,train
28178,Hachi: A Dog's Tale,2009,kaggle,train
264656,The Homesman,2014,kaggle,train
18777,Slow Burn,2005,kaggle,train
771,Home Alone,1990,kaggle,train
146,"Crouching Tiger, Hidden Dragon",2000,kaggle,train
14,American Beauty,1999,kaggle,train
45269,The King's Speech,2010,kaggle,train
33196,Tidal Wave,2009,kaggle,train
205596,The Imitation Game,2014,kaggle,train
33217,Diary of a Wimpy Kid,2010,kaggle,train
132232,Mama,2013,kaggle,train
208134,Bad Grandpa,2013,kaggle,train
1165,The Queen,2006,kaggle,train
17202,Why Did I Get Married?,2007,kaggle,train
65086,The Woman in Black,2012,kaggle,train
10053,When a Stranger Calls,2006,kaggle,train
11870,Big Fat Liar,2002,kaggle,train
586,Wag the Dog,1997,kaggle,train
18736,The Lizzie McGuire Movie,2003,kaggle,train
134411,Snitch,2013,kaggle,train
287903,Krampus,2015,kaggle,train
9276,The Faculty,1998,kaggle,train
2142,Cop Land,1997,kaggle,train
11397,Not Another Teen Movie,2001,kaggle,train
77016,End of Watch,2012,kaggle,train
11478,The Skulls,2000,kaggle,train
266856,The Theory of Everything,2014,kaggle,train
10564,Where the Heart Is,2000,kaggle,train
24150,Halloween II,2009,kaggle,train
228970,Wild,2014,kaggle,train
18405,The Last House on the Left,2009,kaggle,train
6961,The Wedding Date,2005,kaggle,train
11442,Halloween: Resurrection,2002,kaggle,train
14047,The Great Debaters,2007,kaggle,train
64690,Drive,2011,kaggle,train
11132,Confessions of a Teenage Drama Queen,2004,kaggle,train
17127,The Object of My Affection,1998,kaggle,train
1562,28 Weeks Later,2007,kaggle,train
232679,When the Game Stands Tall,2014,kaggle,train
17880,Because of Winn-Dixie,2005,kaggle,train
14736,Love & Basketball,2000,kaggle,train
23706,All About Steve,2009,kaggle,train
9100,The Craft,1996,kaggle,train
116,Match Point,2005,kaggle,train
1245,The Remains of the Day,1993,kaggle,train
4995,Boogie Nights,1997,kaggle,train
14012,Flicka,2006,kaggle,train
12212,Urban Legends: Final Cut,2000,kaggle,train
8975,The Marine,2006,kaggle,train
342521,Keanu,2016,kaggle,train
45272,Country Strong,2010,kaggle,train
9424,Disturbing Behavior,1998,kaggle,train
97367,The Place Beyond the Pines,2013,kaggle,train
254904,The November Man,2014,kaggle,train
12162,The Hurt Locker,2008,kaggle,train
64689,Killing Them Softly,2012,kaggle,train
157849,A Most Wanted Man,2014,kaggle,train
37003,U2 3D,2007,kaggle,train
12211,Highlander: Endgame,2000,kaggle,train
51828,One Day,2011,kaggle,train
22798,Whip It,2009,kaggle,train
7501,Knockaround Guys,2001,kaggle,train
97430,The Man with the Iron Fists,2012,kaggle,train
12257,Home Fries,1998,kaggle,train
14024,Raise Your Voice,2004,kaggle,train
115,The Big Lebowski,1998,kaggle,train
7874,Black Snake Moan,2006,kaggle,train
4911,Dark Blue,2002,kaggle,train
1988,A Mighty Heart,2007,kaggle,train
16222,Whatever It Takes,2000,kaggle,train
9557,Boat Trip,2002,kaggle,train
8321,In Bruges,2008,kaggle,train
10186,The Rocker,2008,kaggle,train
25704,Post Grad,2009,kaggle,train
133694,Promised Land,2012,kaggle,train
19265,Whatever Works,2009,kaggle,train
36047,The In Crowd,2000,kaggle,train
8053,The Three Burials of Melquiades Estrada,2005,kaggle,train
5236,Kiss Kiss Bang Bang,2005,kaggle,train
6552,Idle Hands,1999,kaggle,train
1018,Mulholland Drive,2001,kaggle,train
42188,Never Let Me Go,2010,kaggle,train
6687,Transsiberian,2008,kaggle,train
8461,Funny Games,2007,kaggle,train
10045,District B13,2004,kaggle,train
400,Things to Do in Denver When You're Dead,1995,kaggle,train
253450,The Assassin,2015,kaggle,train
16353,Ong Bak 2,2008,kaggle,train
23759,Centurion,2010,kaggle,train
10185,The Midnight Meat Train,2008,kaggle,train
172391,Khumba,2013,kaggle,train
137,Groundhog Day,1993,kaggle,train
264999,Magic Mike XXL,2015,kaggle,train
454,Romeo + Juliet,1996,kaggle,train
53457,Sarah's Key,2010,kaggle,train
33,Unforgiven,1992,kaggle,train
1951,Manderlay,2005,kaggle,train
12405,Slumdog Millionaire,2008,kaggle,train
114,Pretty Woman,1990,kaggle,train
864,Cool Runnings,1993,kaggle,train
14435,My Bloody Valentine,2009,kaggle,train
1931,Stomp the Yard,2007,kaggle,train
9877,Urban Legend,1998,kaggle,train
12227,White Fang,1991,kaggle,train
71688,The Iron Lady,2011,kaggle,train
8291,Poetic Justice,1993,kaggle,train
13950,All About the Benjamins,2002,kaggle,train
12158,Vampire in Brooklyn,1995,kaggle,train
12403,A Perfect Getaway,2009,kaggle,train
34563,Our Family Wedding,2010,kaggle,train
10368,Tea with Mussolini,1999,kaggle,train
14434,I Think I Love My Wife,2007,kaggle,train
11470,Jason X,2001,kaggle,train
24940,Head Over Heels,2001,kaggle,train
82679,Fun Size,2012,kaggle,train
2013,The Diving Bell and the Butterfly,2007,kaggle,train
1440,Little Children,2006,kaggle,train
18041,Gossip,2000,kaggle,train
87729,Jefferson in Paris,1995,kaggle,train
43949,Flipped,2010,kaggle,train
142,Brokeback Mountain,2005,kaggle,train
10712,Far from Heaven,2002,kaggle,train
243938,Hot Tub Time Machine 2,2015,kaggle,train
10876,Quills,2000,kaggle,train
86838,Seven Psychopaths,2012,kaggle,train
613,Downfall,2004,kaggle,train
1913,The Sea Inside,2004,kaggle,train
97370,Under the Skin,2014,kaggle,train
70829,The Last Godfather,2010,kaggle,train
54518,Justin Bieber: Never Say Never,2011,kaggle,train
44214,Black Swan,2010,kaggle,train
9816,Save the Last Dance,2001,kaggle,train
339984,Miracles from Heaven,2016,kaggle,train
8859,"Dude, Where’s My Car?",2000,kaggle,train
239563,St. Vincent,2014,kaggle,train
222899,About Last Night,2014,kaggle,train
4951,10 Things I Hate About You,1999,kaggle,train
332567,The Shallows,2016,kaggle,train
1954,The Butterfly Effect,2004,kaggle,train
22345,Baby Geniuses,1999,kaggle,train
9448,The Big Hit,1998,kaggle,train
11186,Child's Play 2,1990,kaggle,train
136835,No Good Deed,2014,kaggle,train
5876,The Mist,2007,kaggle,train
264660,Ex Machina,2015,kaggle,train
492,Being John Malkovich,1999,kaggle,train
238603,Earth to Echo,2014,kaggle,train
10691,Crazy/Beautiful,2001,kaggle,train
1251,Letters from Iwo Jima,2006,kaggle,train
5172,The Astronaut Farmer,2006,kaggle,train
58680,Woo,1998,kaggle,train
264644,Room,2015,kaggle,train
11592,Serial Mom,1994,kaggle,train
16406,Dick,1999,kaggle,train
3682,54,1998,kaggle,train
107811,21 & Over,2013,kaggle,train
2266,"Paris, je t'aime",2006,kaggle,train
144340,Admission,2013,kaggle,train
28211,Chloe,2009,kaggle,train
47502,Faithful,1996,kaggle,train
9950,Find Me Guilty,2006,kaggle,train
84892,The Perks of Being a Wallflower,2012,kaggle,train
24227,Excessive Force,1993,kaggle,train
9672,Infamous,2006,kaggle,train
157544,The Vatican Tapes,2015,kaggle,train
59678,Attack the Block,2011,kaggle,train
158011,The Call,2013,kaggle,train
8952,I Love You Phillip Morris,2009,kaggle,train
13435,Antwone Fisher,2002,kaggle,train
319,True Romance,1993,kaggle,train
9504,Glengarry Glen Ross,1992,kaggle,train
26688,Sorority Row,2009,kaggle,train
6615,Lars and the Real Girl,2007,kaggle,train
14574,The Boy in the Striped Pyjamas,2008,kaggle,train
16,Dancer in the Dark,2000,kaggle,train
21612,The Funeral,1996,kaggle,train
36691,Solitary Man,2009,kaggle,train
23631,Machete,2010,kaggle,train
45324,Casino Jack,2010,kaggle,train
56601,The Perfect Game,2010,kaggle,train
2105,American Pie,1999,kaggle,train
126319,Ernest & Celestine,2012,kaggle,train
67660,Think Like a Man,2012,kaggle,train
10611,Barbershop,2002,kaggle,train
3049,Ace Ventura: Pet Detective,1994,kaggle,train
75674,Act of Valor,2012,kaggle,train
9762,Step Up,2006,kaggle,train
184,Jackie Brown,1997,kaggle,train
13335,Harold & Kumar Escape from Guantanamo Bay,2008,kaggle,train
76726,Chronicle,2012,kaggle,train
17130,Crossroads,2002,kaggle,train
57214,Project X,2012,kaggle,train
9357,One Hour Photo,2002,kaggle,train
13812,Quarantine,2008,kaggle,train
9030,The Eye,2008,kaggle,train
19084,Johnson Family Vacation,2004,kaggle,train
8386,How High,2001,kaggle,train
1360,Frida,2002,kaggle,train
101267,Katy Perry: Part of Me,2012,kaggle,train
222935,The Fault in Our Stars,2014,kaggle,train
10220,Rounders,1998,kaggle,train
11601,Stir of Echoes,1999,kaggle,train
205220,Philomena,2013,kaggle,train
14191,Aquamarine,2006,kaggle,train
286565,Paper Towns,2015,kaggle,train
129670,Nebraska,2013,kaggle,train
34549,Max Keeble's Big Move,2001,kaggle,train
57157,Young Adult,2011,kaggle,train
1948,Crank,2006,kaggle,train
46889,Living Out Loud,1998,kaggle,train
60599,Arbitrage,2012,kaggle,train
227719,Project Almanac,2015,kaggle,train
12088,Fortress,1992,kaggle,train
14799,For Your Consideration,2006,kaggle,train
7510,Running with Scissors,2006,kaggle,train
31246,From Justin to Kelly,2003,kaggle,train
61752,Girl 6,1996,kaggle,train
10362,Two Lovers,2008,kaggle,train
1255,The Host,2006,kaggle,train
179144,The Great Beauty,2013,kaggle,train
86825,Stoker,2013,kaggle,train
844,2046,2004,kaggle,train
38448,Ondine,2009,kaggle,train
327,Brother,2000,kaggle,train
21345,City of Life and Death,2009,kaggle,train
173931,Legend of a Rabbit,2011,kaggle,train
61984,Space Battleship Yamato,2010,kaggle,train
236751,Heaven is for Real,2014,kaggle,train
107,Snatch,2000,kaggle,train
291870,Dirty Grandpa,2016,kaggle,train
45317,The Fighter,2010,kaggle,train
12094,Jackass Number Two,2006,kaggle,train
10377,My Cousin Vinny,1992,kaggle,train
249164,If I Stay,2014,kaggle,train
1817,Phone Booth,2002,kaggle,train
10229,A Walk to Remember,2002,kaggle,train
687,Dead Man Walking,1995,kaggle,train
796,Cruel Intentions,1999,kaggle,train
22804,Saw VI,2009,kaggle,train
12837,The Secret Life of Bees,2008,kaggle,train
17708,Corky Romano,2001,kaggle,train
13937,Raising Cain,1992,kaggle,train
167073,Brooklyn,2015,kaggle,train
14369,Out Cold,2001,kaggle,train
16888,The Ladies Man,2000,kaggle,train
121826,Quartet,2012,kaggle,train
10646,Tomcats,2001,kaggle,train
12149,Frailty,2001,kaggle,train
304357,Woman in Gold,2015,kaggle,train
20009,Slackers,2002,kaggle,train
1587,What's Eating Gilbert Grape,1993,kaggle,train
30973,The Visual Bible: The Gospel of John,2003,kaggle,train
63020,The Perez Family,1995,kaggle,train
86829,Inside Llewyn Davis,2013,kaggle,train
13888,Return to the Blue Lagoon,1991,kaggle,train
11917,Saw V,2008,kaggle,train
14395,Kabhi Alvida Naa Kehna,2006,kaggle,train
24137,An Ideal Husband,1999,kaggle,train
13067,In the Land of Women,2007,kaggle,train
96399,For Greater Glory - The True Story of Cristiada,2012,kaggle,train
489,Good Will Hunting,1997,kaggle,train
214,Saw III,2006,kaggle,train
1588,Bring It On,2000,kaggle,train
316727,The Purge: Election Year,2016,kaggle,train
10314,She's All That,1999,kaggle,train
663,Saw IV,2007,kaggle,train
11804,White Noise,2005,kaggle,train
16781,Madea's Family Reunion,2006,kaggle,train
10414,The Mighty Ducks,1992,kaggle,train
1970,The Grudge,2004,kaggle,train
9614,Happy Gilmore,1996,kaggle,train
8922,Jeepers Creepers,2001,kaggle,train
74534,The Best Exotic Marigold Hotel,2011,kaggle,train
19405,Recess: School's Out,2001,kaggle,train
321258,The Boy,2016,kaggle,train
44040,Devil,2010,kaggle,train
10426,Friday After Next,2002,kaggle,train
280092,Insidious: Chapter 3,2015,kaggle,train
10163,The Lawnmower Man,1992,kaggle,train
12182,Nick and Norah's Infinite Playlist,2008,kaggle,train
1832,Dogma,1999,kaggle,train
26352,A Low Down Dirty Shame,1994,kaggle,train
20616,Swimfan,2002,kaggle,train
9794,Employee of the Month,2006,kaggle,train
15037,Can't Hardly Wait,1998,kaggle,train
294272,Pete's Dragon,2016,kaggle,train
283445,Sinister 2,2015,kaggle,train
88036,Sparkle,2012,kaggle,train
22824,The Fourth Kind,2009,kaggle,train
11545,Rushmore,1998,kaggle,train
42684,Skyline,2010,kaggle,train
268238,The Second Best Exotic Marigold Hotel,2015,kaggle,train
41823,Mo' Better Blues,1990,kaggle,train
9362,Tremors,1990,kaggle,train
9902,Wrong Turn,2003,kaggle,train
9455,The Corruptor,1999,kaggle,train
103731,Mud,2013,kaggle,train
10090,Reno 911!: Miami,2007,kaggle,train
75900,My Week with Marilyn,2011,kaggle,train
9515,The Matador,2005,kaggle,train
328425,The Gift,2015,kaggle,train
1542,Office Space,1999,kaggle,train
10490,Drop Dead Gorgeous,1999,kaggle,train
87093,Big Eyes,2014,kaggle,train
10029,Very Bad Things,1998,kaggle,train
37931,MacGruber,2010,kaggle,train
87818,Movie 43,2013,kaggle,train
88005,Seeking a Friend for the End of the World,2012,kaggle,train
73,American History X,1998,kaggle,train
14283,The Red Violin,1998,kaggle,train
209403,Bad Words,2013,kaggle,train
7942,"Run, Fatboy, Run",2007,kaggle,train
253331,Black or White,2014,kaggle,train
9952,Rescue Dawn,2006,kaggle,train
256924,Danny Collins,2015,kaggle,train
82532,"Jeff, Who Lives at Home",2011,kaggle,train
2088,Romeo Is Bleeding,1993,kaggle,train
10388,The Limey,1999,kaggle,train
1640,Crash,2004,kaggle,train
25520,The House of Mirth,2000,kaggle,train
329440,The Forest,2016,kaggle,train
252512,While We're Young,2015,kaggle,train
55720,A Better Life,2011,kaggle,train
29076,Gun Shy,2000,kaggle,train
68812,The Iceman,2012,kaggle,train
73567,Killer Joe,2011,kaggle,train
41479,The Joneses,2009,kaggle,train
1989,My Blueberry Nights,2007,kaggle,train
12779,Swept Away,2002,kaggle,train
13191,"War, Inc.",2008,kaggle,train
101173,Coriolanus,2011,kaggle,train
16614,Adventureland,2009,kaggle,train
9700,The Lost City,2005,kaggle,train
10471,Next Friday,2000,kaggle,train
86837,Amour,2012,kaggle,train
219,Volver,2006,kaggle,train
62215,Melancholia,2011,kaggle,train
27586,The Runaways,2010,kaggle,train
40794,Loose Cannons,2010,kaggle,train
9400,Set It Off,1996,kaggle,train
16162,The Best Man,1999,kaggle,train
2359,Sicko,2007,kaggle,train
238636,The Purge: Anarchy,2014,kaggle,train
11282,Harold & Kumar Go to White Castle,2004,kaggle,train
14181,Boiler Room,2000,kaggle,train
9656,Black Christmas,2006,kaggle,train
1619,The Way of the Gun,2000,kaggle,train
9685,Igby Goes Down,2002,kaggle,train
14425,PCU,1994,kaggle,train
15568,Gracie,2007,kaggle,train
67675,Glee: The Concert Movie,2011,kaggle,train
250349,Barbecue,2014,kaggle,train
39806,Princess Kaiulani,2010,kaggle,train
17926,Undiscovered,2005,kaggle,train
13483,Awake,2007,kaggle,train
25196,Crazy Heart,2009,kaggle,train
175528,Baggage Claim,2013,kaggle,train
16727,The Namesake,2006,kaggle,train
272693,The DUFF,2015,kaggle,train
10696,Glitter,2001,kaggle,train
29963,Bright Star,2009,kaggle,train
26022,My Name Is Khan,2010,kaggle,train
152747,All Is Lost,2013,kaggle,train
62676,Limbo,1999,kaggle,train
1116,The Wind That Shakes the Barley,2006,kaggle,train
185008,Yeh Jawaani Hai Deewani,2013,kaggle,train
680,Pulp Fiction,1994,kaggle,train
242582,Nightcrawler,2014,kaggle,train
11217,Club Dread,2004,kaggle,train
773,Little Miss Sunshine,2006,kaggle,train
170,28 Days Later,2002,kaggle,train
37964,Brown Sugar,2002,kaggle,train
40807,50/50,2011,kaggle,train
225565,That Awkward Moment,2014,kaggle,train
11596,New Nightmare,1994,kaggle,train
14429,Drive Me Crazy,1999,kaggle,train
13751,Akeelah and the Bee,2006,kaggle,train
9490,Half Baked,1998,kaggle,train
14536,New in Town,2009,kaggle,train
1359,American Psycho,2000,kaggle,train
9962,The Good Girl,2002,kaggle,train
15049,Bon Cop Bad Cop,2006,kaggle,train
22821,The Boondock Saints II: All Saints Day,2009,kaggle,train
37735,Easy A,2010,kaggle,train
10873,Shadow of the Vampire,2000,kaggle,train
51588,Prom,2011,kaggle,train
291270,Anomalisa,2015,kaggle,train
44009,Another Year,2010,kaggle,train
13154,Showdown in Little Tokyo,1991,kaggle,train
43923,It's Kind of a Funny Story,2010,kaggle,train
26306,Prefontaine,1997,kaggle,train
198277,Begin Again,2013,kaggle,train
7870,Down in the Valley,2005,kaggle,train
44147,Wild Target,2010,kaggle,train
49081,The Rocket: The Legend of Rocket Richard,2005,kaggle,train
302,Swimming Pool,2003,kaggle,train
33542,Rumble in the Bronx,1995,kaggle,train
9388,Thank You for Smoking,2005,kaggle,train
1691,Hostel: Part II,2007,kaggle,train
24684,An Education,2009,kaggle,train
2610,Shopgirl,2005,kaggle,train
11022,Narc,2002,kaggle,train
34341,Men with Brooms,2002,kaggle,train
36046,The Work and the Glory,2004,kaggle,train
12569,Extract,2009,kaggle,train
73873,Albert Nobbs,2011,kaggle,train
7735,The Wave,2008,kaggle,train
301365,The Neon Demon,2016,kaggle,train
25941,Harry Brown,2009,kaggle,train
7326,Juno,2007,kaggle,train
19913,(500) Days of Summer,2009,kaggle,train
713,The Piano,1993,kaggle,train
77930,Magic Mike,2012,kaggle,train
57119,Jumping the Broom,2011,kaggle,train
3291,"Good Night, and Good Luck.",2005,kaggle,train
398,Capote,2005,kaggle,train
8068,Desperado,1995,kaggle,train
79316,Devil's Due,2014,kaggle,train
2074,Flirting with Disaster,1996,kaggle,train
308639,Dope,2015,kaggle,train
22314,In Too Deep,1999,kaggle,train
2662,House of 1000 Corpses,2003,kaggle,train
12573,A Serious Man,2009,kaggle,train
241771,Beyond the Lights,2014,kaggle,train
14578,Outside Providence,1999,kaggle,train
16651,The Other Side of Heaven,2001,kaggle,train
4251,Veer-Zaara,2004,kaggle,train
14112,Auto Focus,2002,kaggle,train
71859,We Need to Talk About Kevin,2011,kaggle,train
30128,I Hope They Serve Beer in Hell,2009,kaggle,train
306745,Freeheld,2015,kaggle,train
110402,Hard to Be a God,2013,kaggle,train
164372,The Snow Queen,2012,kaggle,train
13001,Stargate: The Ark of Truth,2008,kaggle,train
9571,Dazed and Confused,1993,kaggle,train
82505,House at the End of the Street,2012,kaggle,train
46738,Incendies,2010,kaggle,train
250546,Annabelle,2014,kaggle,train
650,Boyz n the Hood,1991,kaggle,train
9430,Go,1999,kaggle,train
8998,Friends with Money,2006,kaggle,train
76025,Shame,2011,kaggle,train
4836,Layer Cake,2004,kaggle,train
14631,The Work and the Glory II: American Zion,2005,kaggle,train
87499,The East,2013,kaggle,train
18923,A Home at the End of the World,2004,kaggle,train
28089,The Messenger,2009,kaggle,train
338,"Good bye, Lenin!",2003,kaggle,train
2293,Mallrats,1995,kaggle,train
1777,Fahrenheit 9/11,2004,kaggle,train
16158,The Wood,1999,kaggle,train
629,The Usual Suspects,1995,kaggle,train
11452,National Lampoon’s Van Wilder,2002,kaggle,train
12163,The Wrestler,2008,kaggle,train
14144,Daddy Day Camp,2007,kaggle,train
10622,Mr. Nice Guy,1997,kaggle,train
13370,A Mighty Wind,2003,kaggle,train
10215,Sliding Doors,1998,kaggle,train
25066,Tales from the Hood,1995,kaggle,train
1523,The Last King of Scotland,2006,kaggle,train
92591,Bernie,2012,kaggle,train
57612,Dolphins and Whales: Tribes of the Ocean,2008,kaggle,train
15256,200 Cigarettes,1999,kaggle,train
83686,The Words,2012,kaggle,train
28053,City Island,2009,kaggle,train
67913,The Guard,2011,kaggle,train
13991,College,2008,kaggle,train
1443,The Virgin Suicides,1999,kaggle,train
231576,Wish I Was Here,2014,kaggle,train
16172,Simply Irresistible,1999,kaggle,train
15797,Only the Strong,1993,kaggle,train
13537,Shattered Glass,2003,kaggle,train
20794,Novocaine,2001,kaggle,train
13990,The Wackness,2008,kaggle,train
27549,Beastmaster 2: Through the Portal of Time,1991,kaggle,train
1555,The Spanish Apartment,2002,kaggle,train
16564,Winter in Wartime,2008,kaggle,train
8982,The Protector,2005,kaggle,train
455,Bend It Like Beckham,2002,kaggle,train
14351,Crossover,2006,kaggle,train
10664,[REC]²,2009,kaggle,train
321,Mambo Italiano,2003,kaggle,train
4997,Wonderland,2003,kaggle,train
7913,Rang De Basanti,2006,kaggle,train
230266,Miss Julie,2014,kaggle,train
215,Saw II,2005,kaggle,train
333371,10 Cloverfield Lane,2016,kaggle,train
9012,Jackass: The Movie,2002,kaggle,train
345911,Lights Out,2016,kaggle,train
72571,Paranormal Activity 3,2011,kaggle,train
242512,Ouija,2014,kaggle,train
211954,Instructions Not Included,2013,kaggle,train
82990,Paranormal Activity 4,2012,kaggle,train
11284,Freddy's Dead: The Final Nightmare,1991,kaggle,train
504,Monster,2003,kaggle,train
227348,Paranormal Activity: The Marked Ones,2014,kaggle,train
152532,Dallas Buyers Club,2013,kaggle,train
243940,The Lazarus Effect,2015,kaggle,train
77,Memento,2000,kaggle,train
157547,Oculus,2013,kaggle,train
2295,Clerks II,2006,kaggle,train
71,Billy Elliot,2000,kaggle,train
147773,The Way Way Back,2013,kaggle,train
59968,Our Idiot Brother,2011,kaggle,train
323677,Race,2016,kaggle,train
256274,"As Above, So Below",2014,kaggle,train
284293,Still Alice,2014,kaggle,train
8346,My Big Fat Greek Wedding,2002,kaggle,train
122081,Spring Breakers,2013,kaggle,train
10987,Halloween: The Curse of Michael Myers,1995,kaggle,train
1391,Y Tu Mamá También,2001,kaggle,train
747,Shaun of the Dead,2004,kaggle,train
26748,Lone Star,1996,kaggle,train
50357,Apollo 18,2011,kaggle,train
13090,Sunshine Cleaning,2008,kaggle,train
192141,No Escape,2015,kaggle,train
351819,Fifty Shades of Black,2016,kaggle,train
11042,The Barbarian Invasions,2003,kaggle,train
15745,Made,2001,kaggle,train
17431,Moon,2009,kaggle,train
78394,Sea Rex 3D: Journey to a Prehistoric World,2010,kaggle,train
10217,The Sweet Hereafter,1997,kaggle,train
46332,Of Gods and Men,2010,kaggle,train
13996,Bottle Shock,2008,kaggle,train
1024,Heavenly Creatures,1994,kaggle,train
343795,90 Minutes in Heaven,2015,kaggle,train
45658,Everything Must Go,2010,kaggle,train
16148,Zero Effect,1998,kaggle,train
4553,The Machinist,2004,kaggle,train
245916,Kill the Messenger,2014,kaggle,train
27585,Rabbit Hole,2010,kaggle,train
1415,Party Monster,2003,kaggle,train
313922,Green Room,2016,kaggle,train
199933,Atlas Shrugged Part III: Who is John Galt?,2014,kaggle,train
13685,Bottle Rocket,1996,kaggle,train
46838,Tucker and Dale vs Evil,2010,kaggle,train
298312,The Visit,2015,kaggle,train
11600,Redacted,2007,kaggle,train
31175,Soul Kitchen,2009,kaggle,train
12498,Sling Blade,1996,kaggle,train
1690,Hostel,2005,kaggle,train
64720,Take Shelter,2011,kaggle,train
77987,Only God Forgives,2013,kaggle,train
712,Four Weddings and a Funeral,1994,kaggle,train
1429,25th Hour,2002,kaggle,train
9303,Bound,1996,kaggle,train
641,Requiem for a Dream,2000,kaggle,train
252680,Moms' Night Out,2014,kaggle,train
141,Donnie Darko,2001,kaggle,train
39800,Life During Wartime,2009,kaggle,train
36419,After.Life,2010,kaggle,train
375290,Airlift,2016,kaggle,train
116613,The Sweeney,2012,kaggle,train
1088,Whale Rider,2003,kaggle,train
3040,Night Watch,2004,kaggle,train
11386,The Crying Game,1992,kaggle,train
153,Lost in Translation,2003,kaggle,train
1365,Monster's Ball,2001,kaggle,train
451,Leaving Las Vegas,1995,kaggle,train
241251,The Boy Next Door,2015,kaggle,train
39781,The Kids Are All Right,2010,kaggle,train
146203,The Last Exorcism Part II,2013,kaggle,train
85350,Boyhood,2014,kaggle,train
512,Scoop,2006,kaggle,train
13408,The Wash,2001,kaggle,train
47816,3 Strikes,2000,kaggle,train
9809,Let's Go to Prison,2006,kaggle,train
5,Four Rooms,1995,kaggle,train
11013,Secretary,2002,kaggle,train
8141,You Kill Me,2007,kaggle,train
48572,Red State,2011,kaggle,train
14517,Mirrormask,2005,kaggle,train
157847,Joe,2014,kaggle,train
81390,A Lonely Place to Die,2011,kaggle,train
37495,Four Lions,2010,kaggle,train
8618,The History Boys,2006,kaggle,train
9427,The Full Monty,1997,kaggle,train
10634,Friday,1995,kaggle,train
9516,Menace II Society,1993,kaggle,train
310131,The Witch,2016,kaggle,train
11363,She's the One,1996,kaggle,train
3033,Gods and Monsters,1998,kaggle,train
25376,The Secret in Their Eyes,2009,kaggle,train
46146,Troll Hunter,2010,kaggle,train
1667,March of the Penguins,2005,kaggle,train
50839,Margin Call,2011,kaggle,train
13973,Choke,2008,kaggle,train
244786,Whiplash,2014,kaggle,train
598,City of God,2002,kaggle,train
11129,Human Traffic,1999,kaggle,train
103663,The Hunt,2012,kaggle,train
55347,Beginners,2010,kaggle,train
627,Trainspotting,1996,kaggle,train
41436,Paranormal Activity 2,2010,kaggle,train
1430,Bowling for Columbine,2002,kaggle,train
158015,The Purge,2013,kaggle,train
82507,Sinister,2012,kaggle,train
20337,Martin Lawrence Live: Runteldat,2002,kaggle,train
20737,Air Bud,1997,kaggle,train
10991,Pokémon: Spell of the Unknown,2000,kaggle,train
34086,Spaced Invaders,1990,kaggle,train
10285,Jason Goes to Hell: The Final Friday,1993,kaggle,train
292,Dave Chappelle's Block Party,2005,kaggle,train
132344,Before Midnight,2013,kaggle,train
44634,Woman Thou Art Loosed,2004,kaggle,train
10557,East Is East,1999,kaggle,train
28005,Kama Sutra - A Tale of Love,1996,kaggle,train
18892,Jawbreaker,1999,kaggle,train
549,Basquiat,1996,kaggle,train
868,Tsotsi,2005,kaggle,train
10683,Happiness,1998,kaggle,train
246403,Tusk,2014,kaggle,train
670,Oldboy,2003,kaggle,train
49010,Hobo with a Shotgun,2011,kaggle,train
24469,Fish Tank,2009,kaggle,train
84174,Bachelorette,2012,kaggle,train
234212,Demonic,2015,kaggle,train
666,Central Station,1998,kaggle,train
10476,Hustle & Flow,2005,kaggle,train
13025,Diary of the Dead,2007,kaggle,train
209274,Ida,2013,kaggle,train
291,Riding Giants,2004,kaggle,train
14139,Timecrimes,2007,kaggle,train
139038,A Haunted House,2013,kaggle,train
126509,2016: Obama's America,2012,kaggle,train
401,Garden State,2004,kaggle,train
76,Before Sunrise,1995,kaggle,train
84329,Robot & Frank,2012,kaggle,train
157386,The Spectacular Now,2013,kaggle,train
49471,Get on the Bus,1996,kaggle,train
11798,This Is England,2006,kaggle,train
8329,[REC],2007,kaggle,train
270303,It Follows,2015,kaggle,train
226,Boys Don't Cry,1999,kaggle,train
92182,Silent House,2011,kaggle,train
582,The Lives of Others,2006,kaggle,train
72213,Courageous,2011,kaggle,train
9662,The Triplets of Belleville,2003,kaggle,train
80,Before Sunset,2004,kaggle,train
55,Amores perros,2000,kaggle,train
11023,Thirteen,2003,kaggle,train
39013,Winter's Bone,2010,kaggle,train
44639,Inside Job,2010,kaggle,train
301351,We Are Your Friends,2015,kaggle,train
7873,Harsh Times,2005,kaggle,train
331190,Captive,2015,kaggle,train
15186,Full Frontal,2002,kaggle,train
1378,Shortbus,2006,kaggle,train
8885,Waltz with Bashir,2008,kaggle,train
48382,"The Book of Mormon Movie, Volume 1: The Journey",2003,kaggle,train
12901,No End in Sight,2007,kaggle,train
250124,The Diary of a Teenage Girl,2015,kaggle,train
12228,Inside Deep Throat,2005,kaggle,train
42889,The Virginity Hit,2010,kaggle,train
20653,Roadside Romeo,2008,kaggle,train
13075,Sherrybaby,2006,kaggle,train
26388,Buried,2010,kaggle,train
38358,The Last Exorcism,2010,kaggle,train
84175,Beasts of the Southern Wild,2012,kaggle,train
50875,Higher Ground,2011,kaggle,train
104,Run Lola Run,1998,kaggle,train
43947,I Spit on Your Grave,2010,kaggle,train
24066,"Happy, Texas",1999,kaggle,train
191714,The Lunchbox,2013,kaggle,train
10758,Waitress,2007,kaggle,train
9344,Kids,1995,kaggle,train
10707,The Squid and the Whale,2005,kaggle,train
15647,Kissing Jessica Stein,2001,kaggle,train
9464,Buffalo '66,1998,kaggle,train
49018,Insidious,2010,kaggle,train
17113,The Ballad of Jack and Rose,2005,kaggle,train
129139,The To Do List,2013,kaggle,train
104755,The Lords of Salem,2012,kaggle,train
100,"Lock, Stock and Two Smoking Barrels",1998,kaggle,train
25784,Journey from the Fall,2006,kaggle,train
176,Saw,2004,kaggle,train
39939,Super Troopers,2001,kaggle,train
176124,Home Run,2013,kaggle,train
500,Reservoir Dogs,1992,kaggle,train
13064,Airborne,1993,kaggle,train
7553,Waiting...,2005,kaggle,train
94329,The Raid,2011,kaggle,train
277685,Unfriended,2015,kaggle,train
347126,God's Not Dead 2,2016,kaggle,train
10092,Cry_Wolf,2005,kaggle,train
10643,Godzilla 2000,1999,kaggle,train
46705,Blue Valentine,2010,kaggle,train
546,Transamerica,2005,kaggle,train
76487,The Devil Inside,2012,kaggle,train
1781,An Inconvenient Truth,2006,kaggle,train
171424,The Green Inferno,2014,kaggle,train
113947,The Sessions,2012,kaggle,train
32456,Two Girls and a Guy,1997,kaggle,train
13508,Who Killed the Electric Car?,2006,kaggle,train
22597,The Broken Hearts Club: A Romantic Comedy,2000,kaggle,train
26791,Brigham City,2001,kaggle,train
56666,Fiza,2000,kaggle,train
2009,"4 Months, 3 Weeks and 2 Days",2007,kaggle,train
2652,Hard Candy,2005,kaggle,train
15708,Latter Days,2003,kaggle,train
84200,"For a Good Time, Call...",2012,kaggle,train
47889,Ruby in Paradise,1993,kaggle,train
25461,Raising Victor Vargas,2002,kaggle,train
14451,Dead Snow,2009,kaggle,train
84332,Safety Not Guaranteed,2012,kaggle,train
14275,Hoop Dreams,1994,kaggle,train
18734,L.I.E.,2001,kaggle,train
7859,Half Nelson,2006,kaggle,train
9029,What Happens in Vegas,2008,kaggle,train
339408,The Birth of a Nation,2016,kaggle,train
242095,The Signal,2014,kaggle,train
181808,Star Wars: The Last Jedi,2017,tmdb_api,train
321612,Beauty and the Beast,2017,tmdb_api,train
337339,The Fate of the Furious,2017,tmdb_api,train
324852,Despicable Me 3,2017,tmdb_api,train
353486,Jumanji: Welcome to the Jungle,2017,tmdb_api,train
315635,Spider-Man: Homecoming,2017,tmdb_api,train
452557,Wolf Warrior 2,2017,tmdb_api,train
283995,Guardians of the Galaxy Vol. 2,2017,tmdb_api,train
284053,Thor: Ragnarok,2017,tmdb_api,train
297762,Wonder Woman,2017,tmdb_api,train
354912,Coco,2017,tmdb_api,train
166426,Pirates of the Caribbean: Dead Men Tell No Tales,2017,tmdb_api,train
346364,It,2017,tmdb_api,train
141052,Justice League,2017,tmdb_api,train
263115,Logan,2017,tmdb_api,train
335988,Transformers: The Last Knight,2017,tmdb_api,train
293167,Kong: Skull Island,2017,tmdb_api,train
374720,Dunkirk,2017,tmdb_api,train
295693,The Boss Baby,2017,tmdb_api,train
281338,War for the Planet of the Apes,2017,tmdb_api,train
316029,The Greatest Showman,2017,tmdb_api,train
343668,Kingsman: The Golden Circle,2017,tmdb_api,train
282035,The Mummy,2017,tmdb_api,train
260514,Cars 3,2017,tmdb_api,train
341174,Fifty Shades Darker,2017,tmdb_api,train
392044,Murder on the Orient Express,2017,tmdb_api,train
47971,xXx: Return of Xander Cage,2017,tmdb_api,train
406997,Wonder,2017,tmdb_api,train
324849,The Lego Batman Movie,2017,tmdb_api,train
396422,Annabelle: Creation,2017,tmdb_api,train
364689,Ferdinand,2017,tmdb_api,train
346648,Paddington 2,2017,tmdb_api,train
350312,Bāhubali 2: The Conclusion,2017,tmdb_api,train
381288,Split,2017,tmdb_api,train
335984,Blade Runner 2049,2017,tmdb_api,train
419430,Get Out,2017,tmdb_api,train
383785,Kung Fu Yoga,2017,tmdb_api,train
435800,Journey to the West: The Demons Strike Back,2017,tmdb_api,train
126889,Alien: Covenant,2017,tmdb_api,train
339403,Baby Driver,2017,tmdb_api,train
339964,Valerian and the City of a Thousand Planets,2017,tmdb_api,train
274855,Geostorm,2017,tmdb_api,train
378236,The Emoji Movie,2017,tmdb_api,train
381289,A Dog's Purpose,2017,tmdb_api,train
137116,Smurfs: The Lost Village,2017,tmdb_api,train
399055,The Shape of Water,2017,tmdb_api,train
353616,Pitch Perfect 3,2017,tmdb_api,train
419680,Daddy's Home 2,2017,tmdb_api,train
446354,The Post,2017,tmdb_api,train
339846,Baywatch,2017,tmdb_api,train
390043,The Hitman's Bodyguard,2017,tmdb_api,train
324552,John Wick: Chapter 2,2017,tmdb_api,train
315837,Ghost in the Shell,2017,tmdb_api,train
359940,"Three Billboards Outside Ebbing, Missouri",2017,tmdb_api,train
399404,Darkest Hour,2017,tmdb_api,train
274857,King Arthur: Legend of the Sword,2017,tmdb_api,train
379149,The Foreigner,2017,tmdb_api,train
305470,Power Rangers,2017,tmdb_api,train
417870,Girls Trip,2017,tmdb_api,train
337170,American Made,2017,tmdb_api,train
431530,A Bad Moms Christmas,2017,tmdb_api,train
397567,Along with the Gods: The Two Worlds,2017,tmdb_api,train
440021,Happy Death Day,2017,tmdb_api,train
268531,Captain Underpants: The First Epic Movie,2017,tmdb_api,train
274862,The Lego Ninjago Movie,2017,tmdb_api,train
353491,The Dark Tower,2017,tmdb_api,train
298250,Jigsaw,2017,tmdb_api,train
395992,Life,2017,tmdb_api,train
341013,Atomic Blonde,2017,tmdb_api,train
345938,The Shack,2017,tmdb_api,train
496230,Heartthrob,2017,tmdb_api,train
449927,Chasing the Dragon,2017,tmdb_api,train
441909,Tiger Zinda Hai,2017,tmdb_api,train
353070,Going in Style,2017,tmdb_api,train
14564,Rings,2017,tmdb_api,train
437068,A Taxi Driver,2017,tmdb_api,train
391713,Lady Bird,2017,tmdb_api,train
335777,The Nut Job 2: Nutty by Nature,2017,tmdb_api,train
415842,American Assassin,2017,tmdb_api,train
423899,Victoria & Abdul,2017,tmdb_api,train
355547,The Star,2017,tmdb_api,train
290512,The Mountain Between Us,2017,tmdb_api,train
403119,47 Meters Down,2017,tmdb_api,train
417678,"Everything, Everything",2017,tmdb_api,train
335360,My Little Pony: The Movie,2017,tmdb_api,train
462677,Doraemon: Nobita's Great Adventure in the Antarctic Kachi Kochi,2017,tmdb_api,train
373569,Snatched,2017,tmdb_api,train
396371,Molly's Game,2017,tmdb_api,train
1325448,Hævn 2,2017,tmdb_api,train
446791,All the Money in the World,2017,tmdb_api,train
416477,The Big Sick,2017,tmdb_api,train
434119,Confidential Assignment,2017,tmdb_api,train
402529,All Eyez on Me,2017,tmdb_api,train
301337,Downsizing,2017,tmdb_api,train
994849,Attaly Battaly,2017,tmdb_api,train
389015,"I, Tonya",2017,tmdb_api,train
479718,The Outlaws,2017,tmdb_api,train
456570,Hindi Medium,2017,tmdb_api,train
437103,1987: When the Day Comes,2017,tmdb_api,train
399170,Logan Lucky,2017,tmdb_api,train
459202,Boo 2! A Madea Halloween,2017,tmdb_api,train
400617,Phantom Thread,2017,tmdb_api,train
397422,Rough Night,2017,tmdb_api,train
413644,The Son of Bigfoot,2017,tmdb_api,train
436391,The Battleship Island,2017,tmdb_api,train
400710,Flatliners,2017,tmdb_api,train
395834,Wind River,2017,tmdb_api,train
381283,mother!,2017,tmdb_api,train
372343,The Snowman,2017,tmdb_api,train
398818,Call Me by Your Name,2017,tmdb_api,train
455714,Bad Genius,2017,tmdb_api,train
339877,Loving Vincent,2017,tmdb_api,train
180863,T2 Trainspotting,2017,tmdb_api,train
345922,Fist Fight,2017,tmdb_api,train
339988,The Circle,2017,tmdb_api,train
400928,Gifted,2017,tmdb_api,train
417830,Diary of a Wimpy Kid: The Long Haul,2017,tmdb_api,train
472123,Golmaal Again,2017,tmdb_api,train
384680,Hostiles,2017,tmdb_api,train
293768,Kidnap,2017,tmdb_api,train
382597,R.A.I.D. Special Unit,2017,tmdb_api,train
456565,Judwaa 2,2017,tmdb_api,train
345914,The House,2017,tmdb_api,train
452773,"Tad, the Lost Explorer, and the Secret of King Midas",2017,tmdb_api,train
324542,Sleepless,2017,tmdb_api,train
471968,The Last Warrior,2017,tmdb_api,train
994307,Weld Batenha,2017,tmdb_api,train
665531,Celebrity Marriage,2017,tmdb_api,train
411088,The Invisible Guest,2017,tmdb_api,train
371638,The Disaster Artist,2017,tmdb_api,train
398929,Alibi.com,2017,tmdb_api,train
406990,What Happened to Monday,2017,tmdb_api,train
399019,The Beguiled,2017,tmdb_api,train
427900,Home Again,2017,tmdb_api,train
441894,Baadshaho,2017,tmdb_api,train
417644,CHiPs,2017,tmdb_api,train
292280,The Bye Bye Man,2017,tmdb_api,train
340837,A Cure for Wellness,2017,tmdb_api,train
289222,The Zookeeper's Wife,2017,tmdb_api,train
395991,Only the Brave,2017,tmdb_api,train
354861,Father Figures,2017,tmdb_api,train
402897,The Death of Stalin,2017,tmdb_api,train
432068,C'est la vie!,2017,tmdb_api,train
407448,Detroit,2017,tmdb_api,train
336000,The Glass Castle,2017,tmdb_api,train
472454,Ayla: The Daughter of War,2017,tmdb_api,train
438731,Vivegam,2017,tmdb_api,train
340613,The Wife,2017,tmdb_api,train
401513,Attraction,2017,tmdb_api,train
418078,It Comes at Night,2017,tmdb_api,train
453191,The Big Bad Fox and Other Tales,2017,tmdb_api,train
424998,The Case for Christ,2017,tmdb_api,train
418437,Unforgettable,2017,tmdb_api,train
456048,The Humanity Bureau,2017,tmdb_api,train
425336,Loving Pablo,2017,tmdb_api,train
397538,Borg vs McEnroe,2017,tmdb_api,train
397837,Before I Fall,2017,tmdb_api,train
400728,Unknown Soldier,2017,tmdb_api,train
426030,Finding Your Feet,2017,tmdb_api,train
429189,Wonder Wheel,2017,tmdb_api,train
441906,Jab Harry Met Sejal,2017,tmdb_api,train
462883,Woody Woodpecker,2017,tmdb_api,train
430424,See You Up There,2017,tmdb_api,train
354556,Guardians,2017,tmdb_api,train
397415,Vengeance: A Love Story,2017,tmdb_api,train
365942,The Space Between Us,2017,tmdb_api,train
440597,Wish Upon,2017,tmdb_api,train
454776,Fukrey Returns,2017,tmdb_api,train
441875,Toilet: A Love Story,2017,tmdb_api,train
438740,Salyut-7,2017,tmdb_api,train
460486,Our President,2017,tmdb_api,train
413362,"Roman J. Israel, Esq.",2017,tmdb_api,train
413884,Half Girlfriend,2017,tmdb_api,train
395458,Suburbicon,2017,tmdb_api,train
369192,Battle of the Sexes,2017,tmdb_api,train
401285,Jagga Jasoos,2017,tmdb_api,train
448779,The Jungle Bunch,2017,tmdb_api,train
399366,Marrowbone,2017,tmdb_api,train
444539,The Bookshop,2017,tmdb_api,train
434395,Gautamiputra Satakarni,2017,tmdb_api,train
341006,The Belko Experiment,2017,tmdb_api,train
394117,The Florida Project,2017,tmdb_api,train
404733,Overdrive,2017,tmdb_api,train
430474,Deep,2017,tmdb_api,train
398924,A Bag of Marbles,2017,tmdb_api,train
399057,The Killing of a Sacred Deer,2017,tmdb_api,train
415381,Furious,2017,tmdb_api,train
494971,Ang Panday,2017,tmdb_api,train
392982,Marshall,2017,tmdb_api,train
347629,Thank You for Your Service,2017,tmdb_api,train
440642,The Spacewalker,2017,tmdb_api,train
428658,The Great Father,2017,tmdb_api,train
435577,The 12th Man,2017,tmdb_api,train
398181,You Were Never Really Here,2017,tmdb_api,train
257785,Tulip Fever,2017,tmdb_api,train
449262,Çalgı Çengi: We Are Two,2017,tmdb_api,train
471892,Shubh Mangal Saavdhan,2017,tmdb_api,train
314095,The Lost City of Z,2017,tmdb_api,train
395993,Stronger,2017,tmdb_api,train
483165,The Fixies: Top Secret,2017,tmdb_api,train
450322,The Man Who Invented Christmas,2017,tmdb_api,train
435410,Shatamanam Bhavati,2017,tmdb_api,train
467106,Bareilly Ki Barfi,2017,tmdb_api,train
473234,Arjun Reddy,2017,tmdb_api,train
464458,Ittefaq,2017,tmdb_api,train
452394,Manje Bistre,2017,tmdb_api,train
428642,Ezra,2017,tmdb_api,train
451945,BPM (Beats per Minute),2017,tmdb_api,train
437297,"Lord, Give Me Patience",2017,tmdb_api,train
439154,The Midwife,2017,tmdb_api,train
480881,Let There Be Light,2017,tmdb_api,train
408266,Birth of the Dragon,2017,tmdb_api,train
411019,I Am Not Your Negro,2017,tmdb_api,train
496681,Amazon Obhijaan,2017,tmdb_api,train
417489,Bon Cop Bad Cop 2,2017,tmdb_api,train
467649,Fidaa,2017,tmdb_api,train
422715,The Bride,2017,tmdb_api,train
467634,Football or Me,2017,tmdb_api,train
333384,Lowriders,2017,tmdb_api,train
299536,Avengers: Infinity War,2018,tmdb_api,calibration
284054,Black Panther,2018,tmdb_api,calibration
351286,Jurassic World: Fallen Kingdom,2018,tmdb_api,calibration
260513,Incredibles 2,2018,tmdb_api,calibration
297802,Aquaman,2018,tmdb_api,calibration
424694,Bohemian Rhapsody,2018,tmdb_api,calibration
335983,Venom,2018,tmdb_api,calibration
353081,Mission: Impossible - Fallout,2018,tmdb_api,calibration
383498,Deadpool 2,2018,tmdb_api,calibration
338952,Fantastic Beasts: The Crimes of Grindelwald,2018,tmdb_api,calibration
363088,Ant-Man and the Wasp,2018,tmdb_api,calibration
333339,Ready Player One,2018,tmdb_api,calibration
460555,Operation Red Sea,2018,tmdb_api,calibration
360920,The Grinch,2018,tmdb_api,calibration
505513,Detective Chinatown 2,2018,tmdb_api,calibration
345940,The Meg,2018,tmdb_api,calibration
404368,Ralph Breaks the Internet,2018,tmdb_api,calibration
400155,Hotel Transylvania 3: Summer Vacation,2018,tmdb_api,calibration
424783,Bumblebee,2018,tmdb_api,calibration
332562,A Star Is Born,2018,tmdb_api,calibration
427641,Rampage,2018,tmdb_api,calibration
458423,Mamma Mia! Here We Go Again,2018,tmdb_api,calibration
324857,Spider-Man: Into the Spider-Verse,2018,tmdb_api,calibration
348350,Solo: A Star Wars Story,2018,tmdb_api,calibration
337167,Fifty Shades Freed,2018,tmdb_api,calibration
439079,The Nun,2018,tmdb_api,calibration
381719,Peter Rabbit,2018,tmdb_api,calibration
400650,Mary Poppins Returns,2018,tmdb_api,calibration
447332,A Quiet Place,2018,tmdb_api,calibration
490132,Green Book,2018,tmdb_api,calibration
447200,Skyscraper,2018,tmdb_api,calibration
402900,Ocean's Eight,2018,tmdb_api,calibration
268896,Pacific Rim: Uprising,2018,tmdb_api,calibration
336843,Maze Runner: The Death Cure,2018,tmdb_api,calibration
338970,Tomb Raider,2018,tmdb_api,calibration
424139,Halloween,2018,tmdb_api,calibration
455207,Crazy Rich Asians,2018,tmdb_api,calibration
480530,Creed II,2018,tmdb_api,calibration
446894,Smallfoot,2018,tmdb_api,calibration
420814,Christopher Robin,2018,tmdb_api,calibration
345887,The Equalizer 2,2018,tmdb_api,calibration
504172,The Mule,2018,tmdb_api,calibration
426543,The Nutcracker and the Four Realms,2018,tmdb_api,calibration
406563,Insidious: The Last Key,2018,tmdb_api,calibration
346910,The Predator,2018,tmdb_api,calibration
463272,Johnny English Strikes Again,2018,tmdb_api,calibration
401981,Red Sparrow,2018,tmdb_api,calibration
442249,The First Purge,2018,tmdb_api,calibration
407451,A Wrinkle in Time,2018,tmdb_api,calibration
463821,The House with a Clock in Its Walls,2018,tmdb_api,calibration
503314,Dragon Ball Super: Broly,2018,tmdb_api,calibration
491418,Instant Family,2018,tmdb_api,calibration
399035,The Commuter,2018,tmdb_api,calibration
289930,Forever Young,2018,tmdb_api,calibration
445571,Game Night,2018,tmdb_api,calibration
437543,The Monkey King 3,2018,tmdb_api,calibration
373449,2.0,2018,tmdb_api,calibration
518068,Along with the Gods: The Last 49 Days,2018,tmdb_api,calibration
369972,First Man,2018,tmdb_api,calibration
502682,Book Club,2018,tmdb_api,calibration
399360,Alpha,2018,tmdb_api,calibration
484247,A Simple Favor,2018,tmdb_api,calibration
375262,The Favourite,2018,tmdb_api,calibration
460019,Truth or Dare,2018,tmdb_api,calibration
460668,I Feel Pretty,2018,tmdb_api,calibration
437557,Blockers,2018,tmdb_api,calibration
487558,BlacKkKlansman,2018,tmdb_api,calibration
442062,Goosebumps 2: Haunted Halloween,2018,tmdb_api,calibration
463319,Shadow,2018,tmdb_api,calibration
454619,Overboard,2018,tmdb_api,calibration
370567,Sherlock Gnomes,2018,tmdb_api,calibration
493922,Hereditary,2018,tmdb_api,calibration
375588,Robin Hood,2018,tmdb_api,calibration
470878,I Can Only Imagine,2018,tmdb_api,calibration
428078,Mortal Engines,2018,tmdb_api,calibration
432527,Padmaavat,2018,tmdb_api,calibration
449443,Den of Thieves,2018,tmdb_api,calibration
497333,Code Blue: The Movie,2018,tmdb_api,calibration
429197,Vice,2018,tmdb_api,calibration
401469,Widows,2018,tmdb_api,calibration
400535,Sicario: Day of the Soldado,2018,tmdb_api,calibration
489999,Searching,2018,tmdb_api,calibration
455980,Tag,2018,tmdb_api,calibration
527729,Asterix: The Secret of the Magic Potion,2018,tmdb_api,calibration
399174,Isle of Dogs,2018,tmdb_api,calibration
503616,Second Act,2018,tmdb_api,calibration
429351,12 Strong,2018,tmdb_api,calibration
496328,Sanju,2018,tmdb_api,calibration
449176,"Love, Simon",2018,tmdb_api,calibration
347375,Mile 22,2018,tmdb_api,calibration
517814,Capernaum,2018,tmdb_api,calibration
434355,Taxi 5,2018,tmdb_api,calibration
399796,Life of the Party,2018,tmdb_api,calibration
429300,Adrift,2018,tmdb_api,calibration
453201,The 15:17 to Paris,2018,tmdb_api,calibration
458594,Peppermint,2018,tmdb_api,calibration
387592,Early Man,2018,tmdb_api,calibration
474395,Teen Titans Go! To the Movies,2018,tmdb_api,calibration
439015,Slender Man,2018,tmdb_api,calibration
567604,Once Upon a Deadpool,2018,tmdb_api,calibration
497814,Breaking In,2018,tmdb_api,calibration
424619,The Magic Tuche,2018,tmdb_api,calibration
457136,Mary Queen of Scots,2018,tmdb_api,calibration
416234,Winchester,2018,tmdb_api,calibration
300668,Annihilation,2018,tmdb_api,calibration
434555,The Possession of Hannah Grace,2018,tmdb_api,calibration
486898,Long Day's Journey Into Night,2018,tmdb_api,calibration
438799,Overlord,2018,tmdb_api,calibration
535389,The Great Battle,2018,tmdb_api,calibration
445651,The Darkest Minds,2018,tmdb_api,calibration
493620,Aiyaary,2018,tmdb_api,calibration
426563,Holmes & Watson,2018,tmdb_api,calibration
534780,Andhadhun,2018,tmdb_api,calibration
547654,Badhaai Ho,2018,tmdb_api,calibration
425148,Show Dogs,2018,tmdb_api,calibration
339380,On the Basis of Sex,2018,tmdb_api,calibration
506750,Tanks for Stalin,2018,tmdb_api,calibration
505954,T-34,2018,tmdb_api,calibration
498248,Mia and the White Lion,2018,tmdb_api,calibration
446807,The Girl in the Spider's Web,2018,tmdb_api,calibration
470044,The Hate U Give,2018,tmdb_api,calibration
464502,Acrimony,2018,tmdb_api,calibration
395990,Death Wish,2018,tmdb_api,calibration
501987,Bharat Ane Nenu,2018,tmdb_api,calibration
434358,Belle and Sebastian 3: The Last Chapter,2018,tmdb_api,calibration
454992,The Spy Who Dumped Me,2018,tmdb_api,calibration
454293,Night School,2018,tmdb_api,calibration
430040,The Hurricane Heist,2018,tmdb_api,calibration
371608,The Strangers: Prey at Night,2018,tmdb_api,calibration
446021,Bad Times at the El Royale,2018,tmdb_api,calibration
451915,Beautiful Boy,2018,tmdb_api,calibration
399402,Hunter Killer,2018,tmdb_api,calibration
50022,Super Troopers 2,2018,tmdb_api,calibration
544627,Dark Figure of Crime,2018,tmdb_api,calibration
514619,Nobody's Fool,2018,tmdb_api,calibration
505262,My Hero Academia: Two Heroes,2018,tmdb_api,calibration
412988,The Happytime Murders,2018,tmdb_api,calibration
419478,Midnight Sun,2018,tmdb_api,calibration
476968,"Paul, Apostle of Christ",2018,tmdb_api,calibration
438808,White Boy Rick,2018,tmdb_api,calibration
493623,Hichki,2018,tmdb_api,calibration
394741,Stan & Ollie,2018,tmdb_api,calibration
530254,The Witch: Part 1. The Subversion,2018,tmdb_api,calibration
491629,Raazi,2018,tmdb_api,calibration
447856,Pad Man,2018,tmdb_api,calibration
442064,Proud Mary,2018,tmdb_api,calibration
533991,Stree,2018,tmdb_api,calibration
465914,If Beale Street Could Talk,2018,tmdb_api,calibration
500475,SuperFly,2018,tmdb_api,calibration
456929,Champions,2018,tmdb_api,calibration
483189,Veere Di Wedding,2018,tmdb_api,calibration
459008,Kaala,2018,tmdb_api,calibration
459616,The Brand New Adventures of Aladdin,2018,tmdb_api,calibration
440298,Cold War,2018,tmdb_api,calibration
424781,Sorry to Bother You,2018,tmdb_api,calibration
429476,Hell Fest,2018,tmdb_api,calibration
503838,Raid,2018,tmdb_api,calibration
401545,Everybody Knows,2018,tmdb_api,calibration
432301,Chappaquiddick,2018,tmdb_api,calibration
474335,Uncle Drew,2018,tmdb_api,calibration
440471,Escape Plan 2: Hades,2018,tmdb_api,calibration
493551,Operation Finale,2018,tmdb_api,calibration
500664,Upgrade,2018,tmdb_api,calibration
505058,Unfriended: Dark Web,2018,tmdb_api,calibration
417261,Forever My Girl,2018,tmdb_api,calibration
1415752,Hævn 3,2018,tmdb_api,calibration
528372,Muslum,2018,tmdb_api,calibration
467660,Unsane,2018,tmdb_api,calibration
492459,Dilan 1990,2018,tmdb_api,calibration
489925,Eighth Grade,2018,tmdb_api,calibration
315064,Animal Crackers,2018,tmdb_api,calibration
440161,The Sisters Brothers,2018,tmdb_api,calibration
351044,Welcome to Marwen,2018,tmdb_api,calibration
504080,Dhadak,2018,tmdb_api,calibration
492452,Ben Is Back,2018,tmdb_api,calibration
457915,Superlopez,2018,tmdb_api,calibration
406761,Hotel Artemis,2018,tmdb_api,calibration
418879,The Current War,2018,tmdb_api,calibration
483347,Little Women,2018,tmdb_api,calibration
534313,Racetime,2018,tmdb_api,calibration
407439,Mary Magdalene,2018,tmdb_api,calibration
459713,Mahanati,2018,tmdb_api,calibration
429203,The Old Man & the Gun,2018,tmdb_api,calibration
340022,Gringo,2018,tmdb_api,calibration
507505,El Angel,2018,tmdb_api,calibration
465136,Every Day,2018,tmdb_api,calibration
564145,The Snow Queen: Mirror Lands,2018,tmdb_api,calibration
425505,Kin,2018,tmdb_api,calibration
496334,Batti Gul Meter Chalu,2018,tmdb_api,calibration
518590,Three Heroes: The Heiress to the Throne,2018,tmdb_api,calibration
437586,mid90s,2018,tmdb_api,calibration
354279,Charming,2018,tmdb_api,calibration
486078,Il vegetale,2018,tmdb_api,calibration
454545,"Help, I Shrunk My Parents",2018,tmdb_api,calibration
300681,Replicas,2018,tmdb_api,calibration
419743,Disobedience,2018,tmdb_api,calibration
446696,Life Itself,2018,tmdb_api,calibration
361292,Suspiria,2018,tmdb_api,calibration
472451,Boy Erased,2018,tmdb_api,calibration
430727,303 Squadron,2018,tmdb_api,calibration
443408,Asura,2018,tmdb_api,calibration
454286,God's Not Dead: A Light in Darkness,2018,tmdb_api,calibration
457435,Return of the Hero,2018,tmdb_api,calibration
477510,Dog Days,2018,tmdb_api,calibration
546230,Paskal,2018,tmdb_api,calibration
837690,The Great Seven,2018,tmdb_api,calibration
491584,Burning,2018,tmdb_api,calibration
506680,Unbroken: Path to Redemption,2018,tmdb_api,calibration
461649,Pari,2018,tmdb_api,calibration
532868,Death of a Nation,2018,tmdb_api,calibration
471507,Destroyer,2018,tmdb_api,calibration
398173,The House That Jack Built,2018,tmdb_api,calibration
517508,Hello Guru Prema Kosame,2018,tmdb_api,calibration
473149,Traffik,2018,tmdb_api,calibration
454283,Action Point,2018,tmdb_api,calibration
474392,Samson,2018,tmdb_api,calibration
433694,Sgt. Stubby: An American Hero,2018,tmdb_api,calibration
423612,Never Look Away,2018,tmdb_api,calibration
467632,Bad Samaritan,2018,tmdb_api,calibration
299534,Avengers: Endgame,2019,tmdb_api,calibration
420818,The Lion King,2019,tmdb_api,calibration
330457,Frozen II,2019,tmdb_api,calibration
429617,Spider-Man: Far From Home,2019,tmdb_api,calibration
299537,Captain Marvel,2019,tmdb_api,calibration
475557,Joker,2019,tmdb_api,calibration
181812,Star Wars: The Rise of Skywalker,2019,tmdb_api,calibration
301528,Toy Story 4,2019,tmdb_api,calibration
420817,Aladdin,2019,tmdb_api,calibration
512200,Jumanji: The Next Level,2019,tmdb_api,calibration
384018,Fast & Furious Presents: Hobbs & Shaw,2019,tmdb_api,calibration
615453,Ne Zha,2019,tmdb_api,calibration
166428,How to Train Your Dragon: The Hidden World,2019,tmdb_api,calibration
420809,Maleficent: Mistress of Evil,2019,tmdb_api,calibration
474350,It Chapter Two,2019,tmdb_api,calibration
447404,Pokémon Detective Pikachu,2019,tmdb_api,calibration
530915,1917,2019,tmdb_api,calibration
412117,The Secret Life of Pets 2,2019,tmdb_api,calibration
399579,Alita: Battle Angel,2019,tmdb_api,calibration
466272,Once Upon a Time... in Hollywood,2019,tmdb_api,calibration
373571,Godzilla: King of the Monsters,2019,tmdb_api,calibration
287947,Shazam!,2019,tmdb_api,calibration
329996,Dumbo,2019,tmdb_api,calibration
331482,Little Women,2019,tmdb_api,calibration
458156,John Wick: Chapter 3 - Parabellum,2019,tmdb_api,calibration
546554,Knives Out,2019,tmdb_api,calibration
290859,Terminator: Dark Fate,2019,tmdb_api,calibration
496243,Parasite,2019,tmdb_api,calibration
458723,Us,2019,tmdb_api,calibration
575219,Pegasus,2019,tmdb_api,calibration
479455,Men in Black: International,2019,tmdb_api,calibration
320288,Dark Phoenix,2019,tmdb_api,calibration
450465,Glass,2019,tmdb_api,calibration
449924,Ip Man 4: The Finale,2019,tmdb_api,calibration
521029,Annabelle Comes Home,2019,tmdb_api,calibration
359724,Ford v Ferrari,2019,tmdb_api,calibration
481084,The Addams Family,2019,tmdb_api,calibration
280217,The Lego Movie 2: The Second Part,2019,tmdb_api,calibration
535544,Downton Abbey,2019,tmdb_api,calibration
568160,Weathering with You,2019,tmdb_api,calibration
431580,Abominable,2019,tmdb_api,calibration
453405,Gemini Man,2019,tmdb_api,calibration
431693,Spies in Disguise,2019,tmdb_api,calibration
504608,Rocketman,2019,tmdb_api,calibration
540901,Hustlers,2019,tmdb_api,calibration
601493,The Climbers,2019,tmdb_api,calibration
522681,Escape Room,2019,tmdb_api,calibration
515195,Yesterday,2019,tmdb_api,calibration
423204,Angel Has Fallen,2019,tmdb_api,calibration
454640,The Angry Birds Movie 2,2019,tmdb_api,calibration
419704,Ad Astra,2019,tmdb_api,calibration
522162,Midway,2019,tmdb_api,calibration
440472,The Upside,2019,tmdb_api,calibration
567646,Extreme Job,2019,tmdb_api,calibration
480414,The Curse of La Llorona,2019,tmdb_api,calibration
338967,Zombieland: Double Tap,2019,tmdb_api,calibration
549053,Last Christmas,2019,tmdb_api,calibration
499701,Dora and the Lost City of Gold,2019,tmdb_api,calibration
400157,Wonder Park,2019,tmdb_api,calibration
157433,Pet Sematary,2019,tmdb_api,calibration
521777,Good Boys,2019,tmdb_api,calibration
575138,The New King of Comedy,2019,tmdb_api,calibration
417384,Scary Stories to Tell in the Dark,2019,tmdb_api,calibration
449562,The Hustle,2019,tmdb_api,calibration
449985,Triple Threat,2019,tmdb_api,calibration
527641,Five Feet Apart,2019,tmdb_api,calibration
511987,Crawl,2019,tmdb_api,calibration
522938,Rambo: Last Blood,2019,tmdb_api,calibration
534490,Avengement,2019,tmdb_api,calibration
505436,Serial (Bad) Weddings 2,2019,tmdb_api,calibration
515001,Jojo Rabbit,2019,tmdb_api,calibration
522518,A Dog's Journey,2019,tmdb_api,calibration
536869,Cats,2019,tmdb_api,calibration
438650,Cold Pursuit,2019,tmdb_api,calibration
464504,A Madea Family Funeral,2019,tmdb_api,calibration
458897,Charlie's Angels,2019,tmdb_api,calibration
501170,Doctor Sleep,2019,tmdb_api,calibration
487297,What Men Want,2019,tmdb_api,calibration
572164,EXIT,2019,tmdb_api,calibration
537915,After,2019,tmdb_api,calibration
554241,Playing with Fire,2019,tmdb_api,calibration
501907,A Beautiful Day in the Neighborhood,2019,tmdb_api,calibration
585268,War,2019,tmdb_api,calibration
512196,Happy Death Day 2U,2019,tmdb_api,calibration
573699,White Snake,2019,tmdb_api,calibration
525661,Bombshell,2019,tmdb_api,calibration
581387,Ashfall,2019,tmdb_api,calibration
502416,Ma,2019,tmdb_api,calibration
567609,Ready or Not,2019,tmdb_api,calibration
577328,Kabir Singh,2019,tmdb_api,calibration
456740,Hellboy,2019,tmdb_api,calibration
454292,Saaho,2019,tmdb_api,calibration
586863,Les Misérables,2019,tmdb_api,calibration
512895,Lady and the Tramp,2019,tmdb_api,calibration
575828,Son of a Rich,2019,tmdb_api,calibration
522212,Just Mercy,2019,tmdb_api,calibration
473033,Uncut Gems,2019,tmdb_api,calibration
535292,21 Bridges,2019,tmdb_api,calibration
465086,The Grudge,2019,tmdb_api,calibration
514439,Breakthrough,2019,tmdb_api,calibration
449563,Isn't It Romantic,2019,tmdb_api,calibration
530385,Midsommar,2019,tmdb_api,calibration
599975,Countdown,2019,tmdb_api,calibration
536743,Queen & Slim,2019,tmdb_api,calibration
480105,47 Meters Down: Uncaged,2019,tmdb_api,calibration
533642,Child's Play,2019,tmdb_api,calibration
611594,Mission Mangal,2019,tmdb_api,calibration
524247,The Intruder,2019,tmdb_api,calibration
1332955,明明就是喜欢我,2019,tmdb_api,calibration
620683,My Mom Is a Character 3,2019,tmdb_api,calibration
445629,Fighting with My Family,2019,tmdb_api,calibration
491283,Judy,2019,tmdb_api,calibration
527776,Overcomer,2019,tmdb_api,calibration
519010,Pain and Glory,2019,tmdb_api,calibration
611748,Housefull 4,2019,tmdb_api,calibration
292011,Richard Jewell,2019,tmdb_api,calibration
511322,The Good Liar,2019,tmdb_api,calibration
522924,The Art of Racing in the Rain,2019,tmdb_api,calibration
531309,Brightburn,2019,tmdb_api,calibration
454458,UglyDolls,2019,tmdb_api,calibration
576121,Total Dhamaal,2019,tmdb_api,calibration
513045,Stuber,2019,tmdb_api,calibration
454294,The Kid Who Would Be King,2019,tmdb_api,calibration
484641,Anna,2019,tmdb_api,calibration
541487,Maharshi,2019,tmdb_api,calibration
596650,Chhichhore,2019,tmdb_api,calibration
491625,Gully Boy,2019,tmdb_api,calibration
458253,Missing Link,2019,tmdb_api,calibration
554596,"No manches, Frida 2: paraíso destruido",2019,tmdb_api,calibration
581528,"The Gangster, the Cop, the Devil",2019,tmdb_api,calibration
505600,Booksmart,2019,tmdb_api,calibration
579230,Bala,2019,tmdb_api,calibration
475303,A Rainy Day in New York,2019,tmdb_api,calibration
463257,The Peanut Butter Falcon,2019,tmdb_api,calibration
565310,The Farewell,2019,tmdb_api,calibration
578189,Black and Blue,2019,tmdb_api,calibration
523172,Late Night,2019,tmdb_api,calibration
576071,Unplanned,2019,tmdb_api,calibration
486131,Shaft,2019,tmdb_api,calibration
532671,The Prodigy,2019,tmdb_api,calibration
399121,An Officer and a Spy,2019,tmdb_api,calibration
551808,Black Christmas,2019,tmdb_api,calibration
504562,Motherless Brooklyn,2019,tmdb_api,calibration
503919,The Lighthouse,2019,tmdb_api,calibration
534259,Blinded by the Light,2019,tmdb_api,calibration
508763,A Dog's Way Home,2019,tmdb_api,calibration
526050,Little,2019,tmdb_api,calibration
413518,Pinocchio,2019,tmdb_api,calibration
559957,Shanghai Fortress,2019,tmdb_api,calibration
416144,Hotel Mumbai,2019,tmdb_api,calibration
366668,Playmobil: The Movie,2019,tmdb_api,calibration
487680,The Kitchen,2019,tmdb_api,calibration
587272,Father There Is Only One,2019,tmdb_api,calibration
535581,The Dead Don't Die,2019,tmdb_api,calibration
500852,Miss Bala,2019,tmdb_api,calibration
452832,Serenity,2019,tmdb_api,calibration
595975,La Belle Époque,2019,tmdb_api,calibration
552178,Dark Waters,2019,tmdb_api,calibration
619265,The Cabin House,2019,tmdb_api,calibration
484468,The Wolf's Call,2019,tmdb_api,calibration
542921,While at War,2019,tmdb_api,calibration
449998,The Invincible Dragon,2019,tmdb_api,calibration
554753,Mirreyes vs Godínez,2019,tmdb_api,calibration
574370,I Can Quit Whenever I Want,2019,tmdb_api,calibration
569106,Mamangam,2019,tmdb_api,calibration
520900,The Personal History of David Copperfield,2019,tmdb_api,calibration
577970,Dilan 1991,2019,tmdb_api,calibration
486589,Red Shoes and the Seven Dwarfs,2019,tmdb_api,calibration
628770,Sons Of Apollo: Live With The Plovdiv Psychotic Symphony,2019,tmdb_api,calibration
613853,Venky Mama,2019,tmdb_api,calibration
471707,Corpus Christi,2019,tmdb_api,calibration
531428,Portrait of a Lady on Fire,2019,tmdb_api,calibration
609108,iSmart Shankar,2019,tmdb_api,calibration
620725,Jexi,2019,tmdb_api,calibration
429471,Captive State,2019,tmdb_api,calibration
591101,Mardaani 2,2019,tmdb_api,calibration
428045,Iron Mask,2019,tmdb_api,calibration
468224,Tolkien,2019,tmdb_api,calibration
606952,The Goddess of Fortune,2019,tmdb_api,calibration
639999,Ejen Ali: The Movie,2019,tmdb_api,calibration
582206,The Best Is Yet to Come,2019,tmdb_api,calibration
508791,The Sun Is Also a Star,2019,tmdb_api,calibration
613349,A Good Doctor,2019,tmdb_api,calibration
621191,Blue Story,2019,tmdb_api,calibration
592739,"Cetto c'è, senzadubbiamente",2019,tmdb_api,calibration
539651,Don't Let Go,2019,tmdb_api,calibration
581933,Natasaarvabhowma,2019,tmdb_api,calibration
592336,Don't Stop Me Now,2019,tmdb_api,calibration
411728,The Professor and the Madman,2019,tmdb_api,calibration
517093,Balkan Line,2019,tmdb_api,calibration
567973,Furie,2019,tmdb_api,calibration
532938,The Shiny Shrimps,2019,tmdb_api,calibration
403300,A Hidden Life,2019,tmdb_api,calibration
613674,F.C. De Kampioenen 4: Viva Boma!,2019,tmdb_api,calibration
441384,The Beach Bum,2019,tmdb_api,calibration
606943,Ittymaani: Made In China,2019,tmdb_api,calibration
535845,Brian Banks,2019,tmdb_api,calibration
516700,Gundala,2019,tmdb_api,calibration
603552,Ardaas Karaan,2019,tmdb_api,calibration
575359,Odessa,2019,tmdb_api,calibration
635302,Demon Slayer -Kimetsu no Yaiba- The Movie: Mugen Train,2020,tmdb_api,train
508935,The Eight Hundred,2020,tmdb_api,train
38700,Bad Boys for Life,2020,tmdb_api,train
577922,Tenet,2020,tmdb_api,train
454626,Sonic the Hedgehog,2020,tmdb_api,train
448119,Dolittle,2020,tmdb_api,train
559974,Shock Wave 2,2020,tmdb_api,train
529203,The Croods: A New Age,2020,tmdb_api,train
495764,Birds of Prey (and the Fantabulous Emancipation of One Harley Quinn),2020,tmdb_api,train
464052,Wonder Woman 1984,2020,tmdb_api,train
570670,The Invisible Man,2020,tmdb_api,train
508439,Onward,2020,tmdb_api,train
508442,Soul,2020,tmdb_api,train
522627,The Gentlemen,2020,tmdb_api,train
481848,The Call of the Wild,2020,tmdb_api,train
695297,Khobz Khabzteh,2020,tmdb_api,train
337401,Mulan,2020,tmdb_api,train
524047,Greenland,2020,tmdb_api,train
593402,Tolo Tolo,2020,tmdb_api,train
539537,Fantasy Island,2020,tmdb_api,train
446893,Trolls World Tour,2020,tmdb_api,train
340102,The New Mutants,2020,tmdb_api,train
584850,Tanhaji: The Unsung Warrior,2020,tmdb_api,train
613504,After We Collided,2020,tmdb_api,train
607313,Sarileru Neekevvaru,2020,tmdb_api,train
425001,The War with Grandpa,2020,tmdb_api,train
581392,Peninsula,2020,tmdb_api,train
458576,Monster Hunter,2020,tmdb_api,train
443791,Underwater,2020,tmdb_api,train
338762,Bloodshot,2020,tmdb_api,train
625568,Unhinged,2020,tmdb_api,train
581526,Deliver Us from Evil,2020,tmdb_api,train
628241,Ala Vaikunthapurramuloo,2020,tmdb_api,train
514207,Invasion,2020,tmdb_api,train
385103,Scoob!,2020,tmdb_api,train
589754,The Last Warrior: Root of Evil,2020,tmdb_api,train
526019,Like a Boss,2020,tmdb_api,train
556678,Emma.,2020,tmdb_api,train
542224,Gretel & Hansel,2020,tmdb_api,train
580175,Another Round,2020,tmdb_api,train
600354,The Father,2020,tmdb_api,train
589049,The Photograph,2020,tmdb_api,train
582014,Promising Young Woman,2020,tmdb_api,train
555974,Brahms: The Boy II,2020,tmdb_api,train
492611,The Turning,2020,tmdb_api,train
594669,Baaghi 3,2020,tmdb_api,train
551804,Freaky,2020,tmdb_api,train
651881,Bye Bye Morons,2020,tmdb_api,train
585244,I Still Believe,2020,tmdb_api,train
668742,Father There Is Only One 2,2020,tmdb_api,train
529485,The Way Back,2020,tmdb_api,train
614696,#Alive,2020,tmdb_api,train
571384,Come Play,2020,tmdb_api,train
585257,Fire,2020,tmdb_api,train
581032,News of the World,2020,tmdb_api,train
644712,Street Dancer 3D,2020,tmdb_api,train
514847,The Hunt,2020,tmdb_api,train
665358,Uriyadi,2020,tmdb_api,train
661043,Malang,2020,tmdb_api,train
613377,30 Days Max,2020,tmdb_api,train
702525,Bigfoot Family,2020,tmdb_api,train
575089,One Second,2020,tmdb_api,train
566927,Impractical Jokers: The Movie,2020,tmdb_api,train
592834,My Spy,2020,tmdb_api,train
430155,Coma,2020,tmdb_api,train
664413,365 Days,2020,tmdb_api,train
830704,Antarctica,2020,tmdb_api,train
671047,Les Blagues de Toto,2020,tmdb_api,train
576987,(UN)Ideal Man,2020,tmdb_api,train
575718,Secret Zoo,2020,tmdb_api,train
596161,Let Him Go,2020,tmdb_api,train
627290,Antebellum,2020,tmdb_api,train
523366,Dragon Rider,2020,tmdb_api,train
642657,Milea,2020,tmdb_api,train
616180,Jim Button and the Wild 13,2020,tmdb_api,train
501979,Bill & Ted Face the Music,2020,tmdb_api,train
466622,The Rhythm Section,2020,tmdb_api,train
546121,Run,2020,tmdb_api,train
575463,Mama Weed,2020,tmdb_api,train
668435,Thappad,2020,tmdb_api,train
665488,Divorce Club,2020,tmdb_api,train
400160,The SpongeBob Movie: Sponge on the Run,2020,tmdb_api,train
516632,The Empty Man,2020,tmdb_api,train
587496,The Rental,2020,tmdb_api,train
726739,Cats & Dogs 3: Paws Unite,2020,tmdb_api,train
659731,Varane Avashyamund,2020,tmdb_api,train
637202,Fate/Grand Order the Movie: Divine Realm of the Round Table: Camelot 1 Wandering; Agateram,2020,tmdb_api,train
659959,Summer of 85,2020,tmdb_api,train
480857,Radioactive,2020,tmdb_api,train
630220,18 Presents,2020,tmdb_api,train
606149,Captain Sabertooth and the Magical Diamond,2020,tmdb_api,train
442065,The Last Full Measure,2020,tmdb_api,train
539181,Relic,2020,tmdb_api,train
550231,The Secret: Dare to Dream,2020,tmdb_api,train
523781,Words on Bathroom Walls,2020,tmdb_api,train
601297,My Cousin,2020,tmdb_api,train
647745,The Morning After,2020,tmdb_api,train
590995,The Craft: Legacy,2020,tmdb_api,train
579583,The King of Staten Island,2020,tmdb_api,train
531876,The Outpost,2020,tmdb_api,train
632322,All My Life,2020,tmdb_api,train
587792,Palm Springs,2020,tmdb_api,train
552269,Joe Bell,2020,tmdb_api,train
602211,Fatman,2020,tmdb_api,train
592279,Kalashnikov AK-47,2020,tmdb_api,train
451184,Wasp Network,2020,tmdb_api,train
619918,Ella Bella Bingo,2020,tmdb_api,train
441130,Wolfwalkers,2020,tmdb_api,train
678391,HIT: The First Case,2020,tmdb_api,train
659764,Love Likes Coincidences 2,2020,tmdb_api,train
669665,Our Father,2020,tmdb_api,train
590223,Love and Monsters,2020,tmdb_api,train
601844,Becky,2020,tmdb_api,train
548473,Color Out of Space,2020,tmdb_api,train
721625,Songbird,2020,tmdb_api,train
595931,The Climb,2020,tmdb_api,train
531499,The Tax Collector,2020,tmdb_api,train
435615,Possessor,2020,tmdb_api,train
429422,Capone,2020,tmdb_api,train
457335,Guns Akimbo,2020,tmdb_api,train
684684,Shortcut,2020,tmdb_api,train
718840,A Nice Girl Like You,2020,tmdb_api,train
531900,Block Z,2020,tmdb_api,train
663870,Riders of Justice,2020,tmdb_api,train
619592,Force of Nature,2020,tmdb_api,train
615115,The Secrets We Keep,2020,tmdb_api,train
634649,Spider-Man: No Way Home,2021,tmdb_api,train
779029,The Battle at Lake Changjin,2021,tmdb_api,train
758891,"Hi, Mom",2021,tmdb_api,train
370172,No Time to Die,2021,tmdb_api,train
385128,F9,2021,tmdb_api,train
602666,Detective Chinatown 3,2021,tmdb_api,train
580489,Venom: Let There Be Carnage,2021,tmdb_api,train
399566,Godzilla vs. Kong,2021,tmdb_api,train
566525,Shang-Chi and the Legend of the Ten Rings,2021,tmdb_api,train
438631,Dune,2021,tmdb_api,train
438695,Sing 2,2021,tmdb_api,train
524434,Eternals,2021,tmdb_api,train
497698,Black Widow,2021,tmdb_api,train
550988,Free Guy,2021,tmdb_api,train
520763,A Quiet Place Part II,2021,tmdb_api,train
591273,Fear Street: 1994,2021,tmdb_api,train
568124,Encanto,2021,tmdb_api,train
337404,Cruella,2021,tmdb_api,train
869724,"My Country, My Parents",2021,tmdb_api,train
451048,Jungle Cruise,2021,tmdb_api,train
423108,The Conjuring: The Devil Made Me Do It,2021,tmdb_api,train
425909,Ghostbusters: Afterlife,2021,tmdb_api,train
503736,Army of the Dead,2021,tmdb_api,train
436969,The Suicide Squad,2021,tmdb_api,train
379686,Space Jam: A New Legacy,2021,tmdb_api,train
624860,The Matrix Resurrections,2021,tmdb_api,train
644495,House of Gucci,2021,tmdb_api,train
522478,Peter Rabbit 2: The Runaway,2021,tmdb_api,train
459151,The Boss Baby: Family Business,2021,tmdb_api,train
675445,PAW Patrol: The Movie,2021,tmdb_api,train
587807,Tom & Jerry,2021,tmdb_api,train
610253,Halloween Kills,2021,tmdb_api,train
895435,Be Somebody,2021,tmdb_api,train
527774,Raya and the Last Dragon,2021,tmdb_api,train
476669,The King's Man,2021,tmdb_api,train
585245,Clifford the Big Red Dog,2021,tmdb_api,train
637649,Wrath of Man,2021,tmdb_api,train
283566,Evangelion: 3.0+1.0 Thrice Upon a Time,2021,tmdb_api,train
631843,Old,2021,tmdb_api,train
460465,Mortal Kombat,2021,tmdb_api,train
565028,Candyman,2021,tmdb_api,train
602223,The Forever Purge,2021,tmdb_api,train
511809,West Side Story,2021,tmdb_api,train
522931,Hitman's Wife's Bodyguard,2021,tmdb_api,train
585216,Escape Room: Tournament of Champions,2021,tmdb_api,train
482321,Ron's Gone Wrong,2021,tmdb_api,train
615457,Nobody,2021,tmdb_api,train
482373,Don't Breathe 2,2021,tmdb_api,train
508943,Luca,2021,tmdb_api,train
777270,Belfast,2021,tmdb_api,train
796499,Army of Thieves,2021,tmdb_api,train
542178,"The French Dispatch of the Liberty, Kansas Evening Sun",2021,tmdb_api,train
690957,Pushpa: The Rise,2021,tmdb_api,train
467909,In the Heights,2021,tmdb_api,train
637693,Spirit Untamed,2021,tmdb_api,train
460458,Resident Evil: Welcome to Raccoon City,2021,tmdb_api,train
602734,Spiral: From the Book of Saw,2021,tmdb_api,train
597208,Nightmare Alley,2021,tmdb_api,train
581734,Nomadland,2021,tmdb_api,train
614917,King Richard,2021,tmdb_api,train
568620,Snake Eyes: G.I. Joe Origins,2021,tmdb_api,train
592508,Sooryavanshi,2021,tmdb_api,train
619778,Malignant,2021,tmdb_api,train
718032,Licorice Pizza,2021,tmdb_api,train
592863,Respect,2021,tmdb_api,train
632357,The Unholy,2021,tmdb_api,train
617653,The Last Duel,2021,tmdb_api,train
602269,The Little Things,2021,tmdb_api,train
598014,The Last Warrior: Emissary of Darkness,2021,tmdb_api,train
714869,Serial (Bad) Weddings 3,2021,tmdb_api,train
673309,American Underdog,2021,tmdb_api,train
412656,Chaos Walking,2021,tmdb_api,train
601337,83,2021,tmdb_api,train
716612,Spencer,2021,tmdb_api,train
578701,Those Who Wish Me Dead,2021,tmdb_api,train
766798,Parallel Mothers,2021,tmdb_api,train
634528,The Marksman,2021,tmdb_api,train
576845,Last Night in Soho,2021,tmdb_api,train
793937,The School of the Magical Animals,2021,tmdb_api,train
744275,After We Fell,2021,tmdb_api,train
616651,Stillwater,2021,tmdb_api,train
567690,Dear Evan Hansen,2021,tmdb_api,train
577242,Kaamelott: The First Chapter,2021,tmdb_api,train
559907,The Green Knight,2021,tmdb_api,train
516329,Antlers,2021,tmdb_api,train
579047,Reminiscence,2021,tmdb_api,train
623135,Sinkhole,2021,tmdb_api,train
787459,"Dad, I'm Sorry",2021,tmdb_api,train
749274,Cry Macho,2021,tmdb_api,train
547565,The Night House,2021,tmdb_api,train
758866,Drive My Car,2021,tmdb_api,train
780382,The Wolf and the Lion,2021,tmdb_api,train
588228,The Tomorrow War,2021,tmdb_api,train
645689,The Duke,2021,tmdb_api,train
604563,OSS 117: From Africa with Love,2021,tmdb_api,train
524369,The Many Saints of Newark,2021,tmdb_api,train
655082,Eiffel,2021,tmdb_api,train
602463,Hostage: Missing Celebrity,2021,tmdb_api,train
615643,Minari,2021,tmdb_api,train
660120,The Worst Person in the World,2021,tmdb_api,train
498402,Aline,2021,tmdb_api,train
588921,Ainbo: Spirit of the Amazon,2021,tmdb_api,train
663260,Black Box,2021,tmdb_api,train
800823,The Kids Are Alright: Destination Asturias,2021,tmdb_api,train
630004,The Vault,2021,tmdb_api,train
660000,Lost Illusions,2021,tmdb_api,train
745611,Delicious,2021,tmdb_api,train
646207,The Ice Road,2021,tmdb_api,train
879337,Honsla Rakh,2021,tmdb_api,train
738652,Copshop,2021,tmdb_api,train
501841,A Journal for Jordan,2021,tmdb_api,train
809717,Moonbound,2021,tmdb_api,train
891170,Halwasa,2021,tmdb_api,train
589761,Chernobyl: Abyss,2021,tmdb_api,train
603206,Dream Horse,2021,tmdb_api,train
583406,Judas and the Black Messiah,2021,tmdb_api,train
730047,Cyrano,2021,tmdb_api,train
733982,It's me against you - The mystery of the spellbound school,2021,tmdb_api,train
884452,The Ambush,2021,tmdb_api,train
630240,Titane,2021,tmdb_api,train
668640,Official Competition,2021,tmdb_api,train
635731,Pig,2021,tmdb_api,train
529106,Major Grom: Plague Doctor,2021,tmdb_api,train
632617,C'mon C'mon,2021,tmdb_api,train
597890,Voyagers,2021,tmdb_api,train
754067,Vicky and Her Mystery,2021,tmdb_api,train
573164,An Egg Rescue,2021,tmdb_api,train
642684,Operation Portugal,2021,tmdb_api,train
424277,Annette,2021,tmdb_api,train
608980,Three Floors,2021,tmdb_api,train
694103,Roohi,2021,tmdb_api,train
539565,Zola,2021,tmdb_api,train
525660,Dynasty Warriors,2021,tmdb_api,train
571468,Freaks Out,2021,tmdb_api,train
788929,Lamb,2021,tmdb_api,train
593395,Diabolik,2021,tmdb_api,train
623511,The Burning Sea,2021,tmdb_api,train
454527,Benedetta,2021,tmdb_api,train
763329,Red Rocket,2021,tmdb_api,train
764686,The Divide,2021,tmdb_api,train
662745,Monica and Friends: Lessons,2021,tmdb_api,train
638965,Mandibles,2021,tmdb_api,train
806218,Camellia Sisters 5 - Living Like Royalty,2021,tmdb_api,train
513310,Boss Level,2021,tmdb_api,train
776503,CODA,2021,tmdb_api,train
712454,The Summit of the Gods,2021,tmdb_api,train
786170,The Guardian,2021,tmdb_api,train
659988,Madeleine Collins,2021,tmdb_api,train
611408,Do You Do You Saint-Tropez,2021,tmdb_api,train
773303,Zombie Reddy,2021,tmdb_api,train
602334,France,2021,tmdb_api,train
793285,God's Not Dead: We The People,2021,tmdb_api,train
774456,Garcia & Garcia,2021,tmdb_api,train
749004,Petite Maman,2021,tmdb_api,train
574060,Gunpowder Milkshake,2021,tmdb_api,train
477044,Bergman Island,2021,tmdb_api,train
890135,jansankhya,2021,tmdb_api,train
833753,Child of Nature,2021,tmdb_api,train
607430,Nine Days,2021,tmdb_api,train
800497,Werewolves Within,2021,tmdb_api,train
597840,Pinocchio: A True Story,2021,tmdb_api,train
728118,"Quo Vadis, Aida?",2021,tmdb_api,train
646380,Don't Look Up,2021,tmdb_api,train
680813,Flee,2021,tmdb_api,train
554230,The Lost Daughter,2021,tmdb_api,train
76600,Avatar: The Way of Water,2022,tmdb_api,calibration
361743,Top Gun: Maverick,2022,tmdb_api,calibration
507086,Jurassic World Dominion,2022,tmdb_api,calibration
453395,Doctor Strange in the Multiverse of Madness,2022,tmdb_api,calibration
438148,Minions: The Rise of Gru,2022,tmdb_api,calibration
505642,Black Panther: Wakanda Forever,2022,tmdb_api,calibration
414906,The Batman,2022,tmdb_api,calibration
616037,Thor: Love and Thunder,2022,tmdb_api,calibration
928123,The Battle at Lake Changjin II: Water Gate Bridge,2022,tmdb_api,calibration
315162,Puss in Boots: The Last Wish,2022,tmdb_api,calibration
338953,Fantastic Beasts: The Secrets of Dumbledore,2022,tmdb_api,calibration
335787,Uncharted,2022,tmdb_api,calibration
675353,Sonic the Hedgehog 2,2022,tmdb_api,calibration
436270,Black Adam,2022,tmdb_api,calibration
916224,Suzume,2022,tmdb_api,calibration
614934,Elvis,2022,tmdb_api,calibration
945664,Lighting Up the Stars,2022,tmdb_api,calibration
629542,The Bad Guys,2022,tmdb_api,calibration
718930,Bullet Train,2022,tmdb_api,calibration
718789,Lightyear,2022,tmdb_api,calibration
882598,Smile,2022,tmdb_api,calibration
539681,DC League of Super-Pets,2022,tmdb_api,calibration
752623,The Lost City,2022,tmdb_api,calibration
536554,M3GAN,2022,tmdb_api,calibration
762504,Nope,2022,tmdb_api,calibration
800939,Ticket to Paradise,2022,tmdb_api,calibration
526896,Morbius,2022,tmdb_api,calibration
579974,RRR,2022,tmdb_api,calibration
756999,The Black Phone,2022,tmdb_api,calibration
682507,Where the Crawdads Sing,2022,tmdb_api,calibration
545611,Everything Everywhere All at Once,2022,tmdb_api,calibration
646385,Scream,2022,tmdb_api,calibration
505026,Death on the Nile,2022,tmdb_api,calibration
937278,A Man Called Otto,2022,tmdb_api,calibration
830784,"Lyle, Lyle, Crocodile",2022,tmdb_api,calibration
616820,Halloween Ends,2022,tmdb_api,calibration
619803,The Roundup,2022,tmdb_api,calibration
724495,The Woman King,2022,tmdb_api,calibration
820446,Downton Abbey: A New Era,2022,tmdb_api,calibration
587412,K.G.F: Chapter 2,2022,tmdb_api,calibration
619730,Don't Worry Darling,2022,tmdb_api,calibration
626735,Dog,2022,tmdb_api,calibration
649781,40-45 Spektakel-Musical,2022,tmdb_api,calibration
656663,Jackass Forever,2022,tmdb_api,calibration
593643,The Menu,2022,tmdb_api,calibration
899112,Violent Night,2022,tmdb_api,calibration
629176,Samaritan,2022,tmdb_api,calibration
877269,Strange World,2022,tmdb_api,calibration
639933,The Northman,2022,tmdb_api,calibration
406759,Moonfall,2022,tmdb_api,calibration
615777,Babylon,2022,tmdb_api,calibration
858485,Kantara,2022,tmdb_api,calibration
696157,Whitney Houston: I Wanna Dance with Somebody,2022,tmdb_api,calibration
660046,Ponniyin Selvan: Part I,2022,tmdb_api,calibration
714888,Argentina 1985,2022,tmdb_api,calibration
785084,The Whale,2022,tmdb_api,calibration
760741,Beast,2022,tmdb_api,calibration
522016,The 355,2022,tmdb_api,calibration
743563,Vikram,2022,tmdb_api,calibration
763285,Ambulance,2022,tmdb_api,calibration
674324,The Banshees of Inisherin,2022,tmdb_api,calibration
804095,The Fabelmans,2022,tmdb_api,calibration
913290,Barbarian,2022,tmdb_api,calibration
615904,Marry Me,2022,tmdb_api,calibration
366672,Paws of Fury: The Legend of Hank,2022,tmdb_api,calibration
1029827,Drishyam 2,2022,tmdb_api,calibration
668482,Roald Dahl's Matilda the Musical,2022,tmdb_api,calibration
634429,Shin Ultraman,2022,tmdb_api,calibration
504827,The Bob's Burgers Movie,2022,tmdb_api,calibration
830788,The Invitation,2022,tmdb_api,calibration
676701,Tad the Lost Explorer and the Emerald Tablet,2022,tmdb_api,calibration
695962,Bhool Bhulaiyaa 2,2022,tmdb_api,calibration
664469,Amsterdam,2022,tmdb_api,calibration
648579,The Unbearable Weight of Massive Talent,2022,tmdb_api,calibration
817758,TÁR,2022,tmdb_api,calibration
664332,Gangubai Kathiawadi,2022,tmdb_api,calibration
497828,Triangle of Sadness,2022,tmdb_api,calibration
766475,See How They Run,2022,tmdb_api,calibration
508947,Turning Red,2022,tmdb_api,calibration
1035264,"KKN: Curse of the Dancing Village - Luwih Dowo, Luwih Medeni",2022,tmdb_api,calibration
653851,Devotion,2022,tmdb_api,calibration
638985,KKN: Curse of the Dancing Village,2022,tmdb_api,calibration
809140,Father Stu,2022,tmdb_api,calibration
988595,Mat Kilau,2022,tmdb_api,calibration
676710,The Amazing Maurice,2022,tmdb_api,calibration
640484,Valimai,2022,tmdb_api,calibration
556694,Three Thousand Years of Longing,2022,tmdb_api,calibration
744276,After Ever Happy,2022,tmdb_api,calibration
626872,Emergency Declaration,2022,tmdb_api,calibration
800383,Beast,2022,tmdb_api,calibration
736732,Broker,2022,tmdb_api,calibration
832544,Stealing Raden Saleh,2022,tmdb_api,calibration
1047431,Prancer: A Christmas Tale,2022,tmdb_api,calibration
585083,Hotel Transylvania: Transformania,2022,tmdb_api,calibration
823951,November,2022,tmdb_api,calibration
985939,Fall,2022,tmdb_api,calibration
802065,F3: Fun and Frustration,2022,tmdb_api,calibration
601635,Laal Singh Chaddha,2022,tmdb_api,calibration
823625,Blacklight,2022,tmdb_api,calibration
791177,Bones and All,2022,tmdb_api,calibration
532710,Firestarter,2022,tmdb_api,calibration
661374,Glass Onion: A Knives Out Mystery,2022,tmdb_api,calibration
614939,Bros,2022,tmdb_api,calibration
760104,X,2022,tmdb_api,calibration
925786,Satan's Slaves 2: Communion,2022,tmdb_api,calibration
840326,Sisu,2022,tmdb_api,calibration
888234,Dhamaka,2022,tmdb_api,calibration
520023,Bodies Bodies Bodies,2022,tmdb_api,calibration
837881,She Said,2022,tmdb_api,calibration
818397,Memory,2022,tmdb_api,calibration
824281,Easter Sunday,2022,tmdb_api,calibration
601796,Alienoid,2022,tmdb_api,calibration
894803,Sita Ramam,2022,tmdb_api,calibration
854239,Till,2022,tmdb_api,calibration
814757,Empire of Light,2022,tmdb_api,calibration
771077,Rise,2022,tmdb_api,calibration
780609,Men,2022,tmdb_api,calibration
799177,Bhediya,2022,tmdb_api,calibration
778855,Chickenhare and the Hamster of Darkness,2022,tmdb_api,calibration
591120,The Pirates: The Last Royal Treasure,2022,tmdb_api,calibration
848685,The Beasts,2022,tmdb_api,calibration
949423,Pearl,2022,tmdb_api,calibration
760161,Orphan: First Kill,2022,tmdb_api,calibration
698508,Redeeming Love,2022,tmdb_api,calibration
863530,Thallumaala,2022,tmdb_api,calibration
777245,Women Talking,2022,tmdb_api,calibration
865498,The New Toy,2022,tmdb_api,calibration
760099,Living,2022,tmdb_api,calibration
869626,Marcel the Shell with Shoes On,2022,tmdb_api,calibration
892515,Masquerade,2022,tmdb_api,calibration
615952,Armageddon Time,2022,tmdb_api,calibration
864761,Nna Thaan Case Kodu,2022,tmdb_api,calibration
717728,Jeepers Creepers: Reborn,2022,tmdb_api,calibration
752564,Maigret,2022,tmdb_api,calibration
919573,The Innocent,2022,tmdb_api,calibration
811945,HIT: The 2nd Case,2022,tmdb_api,calibration
635891,Clerks III,2022,tmdb_api,calibration
749026,Vysehrad: Fylm,2022,tmdb_api,calibration
624091,Sri Asih,2022,tmdb_api,calibration
819876,Crimes of the Future,2022,tmdb_api,calibration
551271,Medieval,2022,tmdb_api,calibration
799876,The Outfit,2022,tmdb_api,calibration
607145,Rocketry: The Nambi Effect,2022,tmdb_api,calibration
898230,The Snow Queen and the Princess,2022,tmdb_api,calibration
839738,"Me, Myself & I: Lost in Time",2022,tmdb_api,calibration
788977,Cairo Conspiracy,2022,tmdb_api,calibration
807356,Watcher,2022,tmdb_api,calibration
589759,The Nutcracker and the Magic Flute,2022,tmdb_api,calibration
804251,Alcarràs,2022,tmdb_api,calibration
888321,Corsage,2022,tmdb_api,calibration
728878,The Time of Secrets,2022,tmdb_api,calibration
770724,L'immensità,2022,tmdb_api,calibration
947938,Dolphin Boy,2022,tmdb_api,calibration
799155,Attack,2022,tmdb_api,calibration
811211,The Young Lovers,2022,tmdb_api,calibration
735697,Incredible But True,2022,tmdb_api,calibration
245842,The King's Daughter,2022,tmdb_api,calibration
862965,Emily the Criminal,2022,tmdb_api,calibration
1051180,Mechamato Movie,2022,tmdb_api,calibration
751237,Umma,2022,tmdb_api,calibration
852438,Final Cut,2022,tmdb_api,calibration
947507,Just Super,2022,tmdb_api,calibration
810389,The Visitor from the Future,2022,tmdb_api,calibration
955569,Arthur: Malediction,2022,tmdb_api,calibration
960258,Shark Bait,2022,tmdb_api,calibration
661791,The Grandmother,2022,tmdb_api,calibration
931176,Ah Girls Go Army,2022,tmdb_api,calibration
346698,Barbie,2023,tmdb_api,test
502356,The Super Mario Bros. Movie,2023,tmdb_api,test
872585,Oppenheimer,2023,tmdb_api,test
447365,Guardians of the Galaxy Vol. 3,2023,tmdb_api,test
385687,Fast X,2023,tmdb_api,test
569094,Spider-Man: Across the Spider-Verse,2023,tmdb_api,test
842675,The Wandering Earth II,2023,tmdb_api,test
787699,Wonka,2023,tmdb_api,test
575264,Mission: Impossible - Dead Reckoning Part One,2023,tmdb_api,test
447277,The Little Mermaid,2023,tmdb_api,test
976573,Elemental,2023,tmdb_api,test
640146,Ant-Man and the Wasp: Quantumania,2023,tmdb_api,test
603692,John Wick: Chapter 4,2023,tmdb_api,test
667538,Transformers: Rise of the Beasts,2023,tmdb_api,test
572802,Aquaman and the Lost Kingdom,2023,tmdb_api,test
615656,Meg 2: The Trench,2023,tmdb_api,test
335977,Indiana Jones and the Dial of Destiny,2023,tmdb_api,test
856289,Creation of the Gods I: Kingdom of Storms,2023,tmdb_api,test
695721,The Hunger Games: The Ballad of Songbirds & Snakes,2023,tmdb_api,test
1108211,Lost in the Stars,2023,tmdb_api,test
940551,Migration,2023,tmdb_api,test
507089,Five Nights at Freddy's,2023,tmdb_api,test
508883,The Boy and the Heron,2023,tmdb_api,test
677179,Creed III,2023,tmdb_api,test
298618,The Flash,2023,tmdb_api,test
968051,The Nun II,2023,tmdb_api,test
1160164,TAYLOR SWIFT | THE ERAS TOUR,2023,tmdb_api,test
1022796,Wish,2023,tmdb_api,test
678512,Sound of Freedom,2023,tmdb_api,test
753342,Napoleon,2023,tmdb_api,test
1072790,Anyone but You,2023,tmdb_api,test
901362,Trolls Band Together,2023,tmdb_api,test
493529,Dungeons & Dragons: Honor Among Thieves,2023,tmdb_api,test
609681,The Marvels,2023,tmdb_api,test
893723,PAW Patrol: The Mighty Movie,2023,tmdb_api,test
926393,The Equalizer 3,2023,tmdb_api,test
614479,Insidious: The Red Door,2023,tmdb_api,test
614930,Teenage Mutant Ninja Turtles: Mutant Mayhem,2023,tmdb_api,test
934433,Scream VI,2023,tmdb_api,test
466420,Killers of the Flower Moon,2023,tmdb_api,test
713704,Evil Dead Rise,2023,tmdb_api,test
807172,The Exorcist: Believer,2023,tmdb_api,test
872906,Jawan,2023,tmdb_api,test
667717,Deep Sea,2023,tmdb_api,test
594767,Shazam! Fury of the Gods,2023,tmdb_api,test
565770,Blue Beetle,2023,tmdb_api,test
864692,Pathaan,2023,tmdb_api,test
951491,Saw X,2023,tmdb_api,test
980489,Gran Turismo,2023,tmdb_api,test
945729,A Haunting in Venice,2023,tmdb_api,test
1076500,The Volunteers: To the War,2023,tmdb_api,test
792307,Poor Things,2023,tmdb_api,test
616747,Haunted Mansion,2023,tmdb_api,test
940721,Godzilla Minus One,2023,tmdb_api,test
781732,Animal,2023,tmdb_api,test
670292,The Creator,2023,tmdb_api,test
945703,Post Truth,2023,tmdb_api,test
751171,Chebi: My Fluffy Friend,2023,tmdb_api,test
1008042,Talk to Me,2023,tmdb_api,test
964980,Air,2023,tmdb_api,test
804150,Cocaine Bear,2023,tmdb_api,test
770906,Salaar: Part 1 - Ceasefire,2023,tmdb_api,test
884605,No Hard Feelings,2023,tmdb_api,test
532408,The Boogeyman,2023,tmdb_api,test
758323,The Pope's Exorcist,2023,tmdb_api,test
646389,Plane,2023,tmdb_api,test
1073486,Vaalvi,2023,tmdb_api,test
949229,Leo,2023,tmdb_api,test
558915,The Color Purple,2023,tmdb_api,test
1227361,恋爱代理人,2023,tmdb_api,test
700391,65,2023,tmdb_api,test
1062807,SPY x FAMILY CODE: White,2023,tmdb_api,test
631842,Knock at the Cabin,2023,tmdb_api,test
823452,The Boys in the Boat,2023,tmdb_api,test
734253,Adipurush,2023,tmdb_api,test
747188,Asteroid City,2023,tmdb_api,test
816904,Mummies,2023,tmdb_api,test
467244,The Zone of Interest,2023,tmdb_api,test
719256,Jesus Revolution,2023,tmdb_api,test
906221,Magic Mike's Last Dance,2023,tmdb_api,test
1026227,There's Still Tomorrow,2023,tmdb_api,test
720557,Tiger 3,2023,tmdb_api,test
739405,Operation Fortune: Ruse de Guerre,2023,tmdb_api,test
768362,Missing,2023,tmdb_api,test
1071215,Thanksgiving,2023,tmdb_api,test
643215,Asterix & Obelix: The Middle Kingdom,2023,tmdb_api,test
1040148,"Ruby Gillman, Teenage Kraken",2023,tmdb_api,test
1185743,Renaissance: A Film by Beyoncé,2023,tmdb_api,test
840430,The Holdovers,2023,tmdb_api,test
496450,"Miraculous: Ladybug & Cat Noir, The Movie",2023,tmdb_api,test
850165,The Iron Claw,2023,tmdb_api,test
858082,Ponniyin Selvan: Part II,2023,tmdb_api,test
365620,Ferrari,2023,tmdb_api,test
299054,Expend4bles,2023,tmdb_api,test
915935,Anatomy of a Fall,2023,tmdb_api,test
660360,Noryang: Deadly Sea,2023,tmdb_api,test
912908,Strays,2023,tmdb_api,test
796185,The Three Musketeers: D'Artagnan,2023,tmdb_api,test
1020006,Priscilla,2023,tmdb_api,test
942922,80 for Brady,2023,tmdb_api,test
666277,Past Lives,2023,tmdb_api,test
888710,OMG 2,2023,tmdb_api,test
982271,Book Club: The Next Chapter,2023,tmdb_api,test
649609,Renfield,2023,tmdb_api,test
904557,Thunivu,2023,tmdb_api,test
976893,Perfect Days,2023,tmdb_api,test
866440,2018,2023,tmdb_api,test
1056360,American Fiction,2023,tmdb_api,test
882569,Guy Ritchie's The Covenant,2023,tmdb_api,test
555285,"Are You There God? It's Me, Margaret.",2023,tmdb_api,test
1058694,Radical,2023,tmdb_api,test
845111,The Three Musketeers: Milady,2023,tmdb_api,test
635910,The Last Voyage of the Demeter,2023,tmdb_api,test
930564,Saltburn,2023,tmdb_api,test
792293,Dumb Money,2023,tmdb_api,test
762430,Retribution,2023,tmdb_api,test
1008392,The Blackening,2023,tmdb_api,test
1052433,Love Reset,2023,tmdb_api,test
829051,About My Father,2023,tmdb_api,test
621587,Next Goal Wins,2023,tmdb_api,test
459003,Mavka: The Forest Song,2023,tmdb_api,test
1032194,The Blind,2023,tmdb_api,test
1161406,Mastaney,2023,tmdb_api,test
536437,Hypnotic,2023,tmdb_api,test
805785,Fukrey 3,2023,tmdb_api,test
864168,Joy Ride,2023,tmdb_api,test
814215,Sam Bahadur,2023,tmdb_api,test
983883,Marry My Dead Body,2023,tmdb_api,test
967582,3 Days Max,2023,tmdb_api,test
960876,Dunki,2023,tmdb_api,test
1001026,Open Season,2023,tmdb_api,test
994108,All of Us Strangers,2023,tmdb_api,test
823482,Dream Scenario,2023,tmdb_api,test
921452,Jeanne du Barry,2023,tmdb_api,test
814776,Bottoms,2023,tmdb_api,test
986280,Fallen Leaves,2023,tmdb_api,test
798286,Beau Is Afraid,2023,tmdb_api,test
1108658,The Shift,2023,tmdb_api,test
1414502,"La Drogue 2, Duel de Guimbarde",2023,tmdb_api,test
1162322,After Death,2023,tmdb_api,test
987895,Maaveeran,2023,tmdb_api,test
1074049,A Moroccan Affair,2023,tmdb_api,test
820525,After Everything,2023,tmdb_api,test
977506,The Crime Is Mine,2023,tmdb_api,test
1164370,Neru,2023,tmdb_api,test
709631,Cobweb,2023,tmdb_api,test
734002,The Peasants,2023,tmdb_api,test
990326,A Guilty Conscience,2023,tmdb_api,test
758336,Love Again,2023,tmdb_api,test
717930,Kandahar,2023,tmdb_api,test
989596,The Braid,2023,tmdb_api,test
1068452,Hi Nanna,2023,tmdb_api,test
943134,The Animal Kingdom,2023,tmdb_api,test
897087,Freelance,2023,tmdb_api,test
779816,White Bird,2023,tmdb_api,test
859235,Coup de chance,2023,tmdb_api,test
1092329,Journey to Bethlehem,2023,tmdb_api,test
1016346,MR-9: Do or Die,2023,tmdb_api,test
965791,A Difficult Year,2023,tmdb_api,test
455476,Knights of the Zodiac,2023,tmdb_api,test
1072176,Malbatt: Misi Bakara,2023,tmdb_api,test
1016121,Beautiful Disaster,2023,tmdb_api,test
925263,A Brighter Tomorrow,2023,tmdb_api,test
965489,Kushi,2023,tmdb_api,test
844417,Marlowe,2023,tmdb_api,test
823598,The Goldfinger,2023,tmdb_api,test
795087,Kubi,2023,tmdb_api,test
964960,The Taste of Things,2023,tmdb_api,test
913673,Nefarious,2023,tmdb_api,test
955659,Me contro Te: Il film - Missione giungla,2023,tmdb_api,test
989672,Just the Two of Us,2023,tmdb_api,test
667216,Infinity Pool,2023,tmdb_api,test
956964,Consent,2023,tmdb_api,test
1147386,ONEMANSHOW: The Movie,2023,tmdb_api,test
838240,Robot Dreams,2023,tmdb_api,test
1052865,A Thousand Days,2023,tmdb_api,test
855117,King of Kotha,2023,tmdb_api,test
753336,Origin,2023,tmdb_api,test
986054,Theater Camp,2023,tmdb_api,test
972230,Maybe I Do,2023,tmdb_api,test
839369,May December,2023,tmdb_api,test
812635,Chevalier,2023,tmdb_api,test
801112,Kidnapped,2023,tmdb_api,test
944401,Dogman,2023,tmdb_api,test
1047016,The Commander,2023,tmdb_api,test
269509,The Canterville Ghost,2023,tmdb_api,test
809787,Mafia Mamma,2023,tmdb_api,test
1118824,Mallari,2023,tmdb_api,test
978870,Last Night of Amore,2023,tmdb_api,test
878361,Big George Foreman,2023,tmdb_api,test
1008903,Left Behind: Rise of the Antichrist,2023,tmdb_api,test
983044,The Arctic Convoy,2023,tmdb_api,test
934506,A Real Job,2023,tmdb_api,test
1022789,Inside Out 2,2024,tmdb_api,test
533535,Deadpool & Wolverine,2024,tmdb_api,test
1241982,Moana 2,2024,tmdb_api,test
519182,Despicable Me 4,2024,tmdb_api,test
402431,Wicked,2024,tmdb_api,test
762509,Mufasa: The Lion King,2024,tmdb_api,test
693134,Dune: Part Two,2024,tmdb_api,test
823464,Godzilla x Kong: The New Empire,2024,tmdb_api,test
1011985,Kung Fu Panda 4,2024,tmdb_api,test
939243,Sonic the Hedgehog 3,2024,tmdb_api,test
912649,Venom: The Last Dance,2024,tmdb_api,test
1228891,Pegasus 2,2024,tmdb_api,test
558449,Gladiator II,2024,tmdb_api,test
917496,Beetlejuice Beetlejuice,2024,tmdb_api,test
1229349,Yolo,2024,tmdb_api,test
573435,Bad Boys: Ride or Die,2024,tmdb_api,test
653346,Kingdom of the Planet of the Apes,2024,tmdb_api,test
495278,Limonov: The Ballad,2024,tmdb_api,test
718821,Twisters,2024,tmdb_api,test
1079091,It Ends with Us,2024,tmdb_api,test
945961,Alien: Romulus,2024,tmdb_api,test
1184918,The Wild Robot,2024,tmdb_api,test
1228564,Boonie Bears: Time Twist,2024,tmdb_api,test
762441,A Quiet Place: Day One,2024,tmdb_api,test
748783,The Garfield Movie,2024,tmdb_api,test
857598,Pushpa 2 - The Rule,2024,tmdb_api,test
516729,Paddington in Peru,2024,tmdb_api,test
889737,Joker: Folie à Deux,2024,tmdb_api,test
967847,Ghostbusters: Frozen Empire,2024,tmdb_api,test
639720,IF,2024,tmdb_api,test
845781,Red One,2024,tmdb_api,test
426063,Nosferatu,2024,tmdb_api,test
746036,The Fall Guy,2024,tmdb_api,test
802219,Bob Marley: One Love,2024,tmdb_api,test
786892,Furiosa: A Mad Max Saga,2024,tmdb_api,test
866398,The Beekeeper,2024,tmdb_api,test
801688,Kalki 2898-AD,2024,tmdb_api,test
661539,A Complete Unknown,2024,tmdb_api,test
1100782,Smile 2,2024,tmdb_api,test
698687,Transformers One,2024,tmdb_api,test
1128650,The Prosecutor,2024,tmdb_api,test
1226578,Longlegs,2024,tmdb_api,test
929590,Civil War,2024,tmdb_api,test
974576,Conclave,2024,tmdb_api,test
1278101,Big World,2024,tmdb_api,test
673593,Mean Girls,2024,tmdb_api,test
634492,Madame Web,2024,tmdb_api,test
1012201,HAIKYU!! The Dumpster Battle,2024,tmdb_api,test
831815,Saving Bikini Bottom: The Sandy Cheeks Movie,2024,tmdb_api,test
848538,Argylle,2024,tmdb_api,test
923667,Twilight of the Warriors: Walled In,2024,tmdb_api,test
937287,Challengers,2024,tmdb_api,test
1034541,Terrifier 3,2024,tmdb_api,test
1152014,A Little Something Extra,2024,tmdb_api,test
1032823,Trap,2024,tmdb_api,test
933260,The Substance,2024,tmdb_api,test
1114513,Speak No Evil,2024,tmdb_api,test
1084736,The Count of Monte Cristo,2024,tmdb_api,test
1103621,How to Make Millions Before Grandma Dies,2024,tmdb_api,test
539972,Kraven the Hunter,2024,tmdb_api,test
1097549,Babygirl,2024,tmdb_api,test
1064213,Anora,2024,tmdb_api,test
1072342,Night Swim,2024,tmdb_api,test
437342,The First Omen,2024,tmdb_api,test
1138194,Heretic,2024,tmdb_api,test
1086747,The Watchers,2024,tmdb_api,test
998846,Back to Black,2024,tmdb_api,test
549509,The Brutalist,2024,tmdb_api,test
719221,Tarot,2024,tmdb_api,test
1010600,The Strangers: Chapter 1,2024,tmdb_api,test
1129608,The Greatest of All Time,2024,tmdb_api,test
840705,Blink Twice,2024,tmdb_api,test
980599,Bhool Bhulaiyaa 3,2024,tmdb_api,test
1004096,Son of a Rich 2,2024,tmdb_api,test
1014214,Singham Again,2024,tmdb_api,test
1125311,Imaginary,2024,tmdb_api,test
1111873,Abigail,2024,tmdb_api,test
956842,Fly Me to the Moon,2024,tmdb_api,test
1160956,Panda Plan,2024,tmdb_api,test
618588,Arthur the King,2024,tmdb_api,test
784651,Fighter,2024,tmdb_api,test
1186532,The Forge,2024,tmdb_api,test
1206617,The Best Christmas Pageant Ever,2024,tmdb_api,test
927342,Amaran,2024,tmdb_api,test
932086,Horizon: An American Saga - Chapter 1,2024,tmdb_api,test
1100099,We Live in Time,2024,tmdb_api,test
1000837,I'm Still Here,2024,tmdb_api,test
1008409,The Bikeriders,2024,tmdb_api,test
959604,Beating Hearts,2024,tmdb_api,test
1041613,Immaculate,2024,tmdb_api,test
560016,Monkey Man,2024,tmdb_api,test
1179316,The Bremen Town Musicians,2024,tmdb_api,test
365177,Borderlands,2024,tmdb_api,test
826510,Harold and the Purple Crayon,2024,tmdb_api,test
1228475,Finist. The First Warrior,2024,tmdb_api,test
1093966,Vettaiyan,2024,tmdb_api,test
647245,Reagan,2024,tmdb_api,test
799583,The Ministry of Ungentlemanly Warfare,2024,tmdb_api,test
586353,The Master and Margarita,2024,tmdb_api,test
975773,Wicked Little Letters,2024,tmdb_api,test
1000866,The Marching Band,2024,tmdb_api,test
1013850,A Real Pain,2024,tmdb_api,test
957452,The Crow,2024,tmdb_api,test
799766,Better Man,2024,tmdb_api,test
1023922,MaXXXine,2024,tmdb_api,test
814889,Never Let Go,2024,tmdb_api,test
1088514,The Room Next Door,2024,tmdb_api,test
1106739,Juror #2,2024,tmdb_api,test
1115009,Unsung Hero,2024,tmdb_api,test
1217690,Homestead,2024,tmdb_api,test
868660,Guntur Kaaram,2024,tmdb_api,test
839033,The Lord of the Rings: The War of the Rohirrim,2024,tmdb_api,test
975056,Cabrini,2024,tmdb_api,test
974036,Ordinary Angels,2024,tmdb_api,test
472221,The Goat Life,2024,tmdb_api,test
732698,Guest from the Future,2024,tmdb_api,test
823219,Flow,2024,tmdb_api,test
1182047,The Apprentice,2024,tmdb_api,test
938614,Late Night with the Devil,2024,tmdb_api,test
1029955,Kinds of Kindness,2024,tmdb_api,test
974950,Emilia Pérez,2024,tmdb_api,test
1187058,Munjya,2024,tmdb_api,test
1242372,Escape from the 21st Century,2024,tmdb_api,test
940139,Here,2024,tmdb_api,test
870360,The Day the Earth Blew Up: A Looney Tunes Movie,2024,tmdb_api,test
1136418,Raayan,2024,tmdb_api,test
592831,Megalopolis,2024,tmdb_api,test
1099413,The Rogue's Trial,2024,tmdb_api,test
921436,Escape,2024,tmdb_api,test
1233531,Article 370,2024,tmdb_api,test
1062215,Afraid,2024,tmdb_api,test
743203,The Flying Ship,2024,tmdb_api,test
948549,Love Lies Bleeding,2024,tmdb_api,test
1209574,Sheriff,2024,tmdb_api,test
646683,The Exorcism,2024,tmdb_api,test
1051891,Thelma,2024,tmdb_api,test
1102493,Small Things Like These,2024,tmdb_api,test
1320637,Am I Racist?,2024,tmdb_api,test
1079244,Bonhoeffer: Pastor. Spy. Assassin,2024,tmdb_api,test
936622,Bade Miyan Chote Miyan,2024,tmdb_api,test
622792,Kanguva,2024,tmdb_api,test
1194915,Saripodhaa Sanivaaram,2024,tmdb_api,test
1242526,Sound of Hope: The Story of Possum Trot,2024,tmdb_api,test
1186350,Marco,2024,tmdb_api,test
1236419,Piece by Piece,2024,tmdb_api,test
1109255,Parthenope,2024,tmdb_api,test
1120911,Saturday Night,2024,tmdb_api,test
1166133,Bramayugam,2024,tmdb_api,test
993784,Lisa Frankenstein,2024,tmdb_api,test
1187619,Shaitaan,2024,tmdb_api,test
1025125,Kishkindha Kaandam,2024,tmdb_api,test
984101,Bad Newz,2024,tmdb_api,test
1251621,Waves,2024,tmdb_api,test
610219,The Fire Inside,2024,tmdb_api,test
957304,Drive-Away Dolls,2024,tmdb_api,test
1283816,How Could I Live Without You?,2024,tmdb_api,test
1093971,Srikanth,2024,tmdb_api,test
1094605,The Duel,2024,tmdb_api,test
811941,Devara: Part 1,2024,tmdb_api,test
969492,Land of Bad,2024,tmdb_api,test
1083241,Baby John,2024,tmdb_api,test
1437699,Swifterbant FunkyTown,2024,tmdb_api,test
869291,Cuckoo,2024,tmdb_api,test
1241592,Khel Khel Mein,2024,tmdb_api,test
790462,I.S.S.,2024,tmdb_api,test
1278263,The Seed of the Sacred Fig,2024,tmdb_api,test
1115623,The Last Kumite,2024,tmdb_api,test
1192195,Riviera Revenge,2024,tmdb_api,test
1235499,The Last Showgirl,2024,tmdb_api,test
726139,Project Silence,2024,tmdb_api,test
588648,Dragonkeeper,2024,tmdb_api,test
976584,The Book of Clarence,2024,tmdb_api,test
1201015,Madgaon Express,2024,tmdb_api,test
1697543,Rhett & Link's Wonderhole,2024,tmdb_api,test
507241,The Killer's Game,2024,tmdb_api,test
1208850,Conquer: Lahad Datu,2024,tmdb_api,test
980477,Ne Zha 2,2025,tmdb_api,test
1084242,Zootopia 2,2025,tmdb_api,test
83533,Avatar: Fire and Ash,2025,tmdb_api,test
552524,Lilo & Stitch,2025,tmdb_api,test
950387,A Minecraft Movie,2025,tmdb_api,test
1234821,Jurassic World Rebirth,2025,tmdb_api,test
1311031,Demon Slayer: Kimetsu no Yaiba Infinity Castle,2025,tmdb_api,test
1087192,How to Train Your Dragon,2025,tmdb_api,test
911430,F1,2025,tmdb_api,test
1061474,Superman,2025,tmdb_api,test
575265,Mission: Impossible - The Final Reckoning,2025,tmdb_api,test
967941,Wicked: For Good,2025,tmdb_api,test
617126,The Fantastic 4: First Steps,2025,tmdb_api,test
1038392,The Conjuring: Last Rites,2025,tmdb_api,test
1500536,Dead to Rights,2025,tmdb_api,test
822119,Captain America: Brave New World,2025,tmdb_api,test
1368166,The Housemaid,2025,tmdb_api,test
986056,Thunderbolts*,2025,tmdb_api,test
1233413,Sinners,2025,tmdb_api,test
574475,Final Destination Bloodlines,2025,tmdb_api,test
1078605,Weapons,2025,tmdb_api,test
425274,Now You See Me: Now You Don't,2025,tmdb_api,test
1175942,The Bad Guys 2,2025,tmdb_api,test
1228246,Five Nights at Freddy's 2,2025,tmdb_api,test
1054867,One Battle After Another,2025,tmdb_api,test
447273,Snow White,2025,tmdb_api,test
1317288,Marty Supreme,2025,tmdb_api,test
1218925,Chainsaw Man - The Movie: Reze Arc,2025,tmdb_api,test
1242898,Predator: Badlands,2025,tmdb_api,test
1155281,Creation of the Gods II: Demon Force,2025,tmdb_api,test
991494,The SpongeBob Movie: Search for SquarePants,2025,tmdb_api,test
1022787,Elio,2025,tmdb_api,test
1125257,Freakier Friday,2025,tmdb_api,test
1100988,28 Years Later,2025,tmdb_api,test
774370,Dog Man,2025,tmdb_api,test
533533,TRON: Ares,2025,tmdb_api,test
1272149,Bridget Jones: Mad About the Boy,2025,tmdb_api,test
541671,Ballerina,2025,tmdb_api,test
1291608,Dhurandhar,2025,tmdb_api,test
1234731,Anaconda,2025,tmdb_api,test
1379266,Kokuho,2025,tmdb_api,test
696506,Mickey 17,2025,tmdb_api,test
1197137,Black Phone 2,2025,tmdb_api,test
936108,Smurfs,2025,tmdb_api,test
1011477,Karate Kid: Legends,2025,tmdb_api,test
1136867,Materialists,2025,tmdb_api,test
1289936,Downton Abbey: The Grand Finale,2025,tmdb_api,test
858024,Hamnet,2025,tmdb_api,test
1377650,Boonie Bears: Future Reborn,2025,tmdb_api,test
870028,The Accountant²,2025,tmdb_api,test
1035259,The Naked Gun,2025,tmdb_api,test
1087891,The Amateur,2025,tmdb_api,test
1328803,Prisoner of War,2025,tmdb_api,test
1083637,Kantara - A Legend: Chapter 1,2025,tmdb_api,test
1327862,Regretting You,2025,tmdb_api,test
1197306,A Working Man,2025,tmdb_api,test
1167307,David,2025,tmdb_api,test
1196943,Chhaava,2025,tmdb_api,test
1181107,The King of Kings,2025,tmdb_api,test
1280282,Gabby's Dollhouse: The Movie,2025,tmdb_api,test
1472638,Buen Camino,2025,tmdb_api,test
798645,The Running Man,2025,tmdb_api,test
1124620,The Monkey,2025,tmdb_api,test
1083433,I Know What You Did Last Summer,2025,tmdb_api,test
1241634,Saiyaara,2025,tmdb_api,test
604079,The Long Walk,2025,tmdb_api,test
604685,Den of Thieves 2: Pantera,2025,tmdb_api,test
1153399,Coolie,2025,tmdb_api,test
1371185,Song Sung Blue,2025,tmdb_api,test
1232546,Until Dawn,2025,tmdb_api,test
1139695,She's Got No Name,2025,tmdb_api,test
1267905,The Roses,2025,tmdb_api,test
1280672,One of Them Days,2025,tmdb_api,test
1305653,Rescue at Dongji,2025,tmdb_api,test
1693620,VIDEOMINUTO,2025,tmdb_api,test
1126166,Flight Risk,2025,tmdb_api,test
1230368,Springsteen: Deliver Me from Nowhere,2025,tmdb_api,test
1408208,Exit 8,2025,tmdb_api,test
1233575,Black Bag,2025,tmdb_api,test
701387,Bugonia,2025,tmdb_api,test
1007734,Nobody 2,2025,tmdb_api,test
1246049,Dracula,2025,tmdb_api,test
658224,"The Wizard of the Emerald City, Part I",2025,tmdb_api,test
1137350,The Phoenician Scheme,2025,tmdb_api,test
639988,No Other Choice,2025,tmdb_api,test
1151031,Bring Her Back,2025,tmdb_api,test
1071585,M3GAN 2.0,2025,tmdb_api,test
650524,Back to the Past,2025,tmdb_api,test
1214931,Nuremberg,2025,tmdb_api,test
1084199,Companion,2025,tmdb_api,test
710295,Wolf Man,2025,tmdb_api,test
1383072,Mahavatar Narsimha,2025,tmdb_api,test
1241436,Warfare,2025,tmdb_api,test
1242419,Roofman,2025,tmdb_api,test
1242011,Together,2025,tmdb_api,test
1195506,Novocaine,2025,tmdb_api,test
1290190,Lokah Chapter 1: Chandra,2025,tmdb_api,test
1302916,Heart Eyes,2025,tmdb_api,test
1259102,Eternity,2025,tmdb_api,test
1245993,Caught Stealing,2025,tmdb_api,test
627336,L2: Empuraan,2025,tmdb_api,test
1146210,Housefull 5,2025,tmdb_api,test
1249213,Drop,2025,tmdb_api,test
986097,HIM,2025,tmdb_api,test
1468704,Red Rain,2025,tmdb_api,test
1259024,Good Bad Ugly,2025,tmdb_api,test
1114967,Good Fortune,2025,tmdb_api,test
1380405,The Chosen: Last Supper,2025,tmdb_api,test
972533,Last Breath,2025,tmdb_api,test
1257960,Sikandar,2025,tmdb_api,test
803796,KPop Demon Hunters,2025,tmdb_api,test
1137179,Yadang: The Snitch,2025,tmdb_api,test
1124566,Sentimental Value,2025,tmdb_api,test
1244944,The Woman in the Yard,2025,tmdb_api,test
1241921,A Big Bold Beautiful Journey,2025,tmdb_api,test
1010756,The Strangers: Chapter 2,2025,tmdb_api,test
811944,Game Changer,2025,tmdb_api,test
1312157,Somebody to Love,2025,tmdb_api,test
760329,The Smashing Machine,2025,tmdb_api,test
556574,Hamilton,2025,tmdb_api,test
1208735,Thandel,2025,tmdb_api,test
842924,The Life of Chuck,2025,tmdb_api,test
1220564,The Secret Agent,2025,tmdb_api,test
1226406,Love Hurts,2025,tmdb_api,test
1278164,Blood Brothers: Bara Naga,2025,tmdb_api,test
1239655,Friendship,2025,tmdb_api,test
1153714,Death of a Unicorn,2025,tmdb_api,test
949716,Vidaamuyarchi,2025,tmdb_api,test
1317149,I Swear,2025,tmdb_api,test
1380682,The Last Rodeo,2025,tmdb_api,test
1219555,More Beautiful,2025,tmdb_api,test
793058,Hi-Five,2025,tmdb_api,test
1060046,HIT: The Third Case,2025,tmdb_api,test
1357359,Ejen Ali: The Movie 2,2025,tmdb_api,test
713364,Clown in a Cornfield,2025,tmdb_api,test
1273049,Dragon,2025,tmdb_api,test
648878,Eddington,2025,tmdb_api,test
1427833,A Mouse Hunt for Christmas,2025,tmdb_api,test
478798,Sons of the Neon Night,2025,tmdb_api,test
1306845,Jaat,2025,tmdb_api,test
1325678,Sarah's Oil,2025,tmdb_api,test
1265827,Retro,2025,tmdb_api,test
1140535,Presence,2025,tmdb_api,test
1471345,Homo Argentum,2025,tmdb_api,test
1319969,Sketch,2025,tmdb_api,test
1151272,Sirāt,2025,tmdb_api,test
1013601,The Alto Knights,2025,tmdb_api,test
1140498,Is This Thing On?,2025,tmdb_api,test
1223601,Sisu: Road to Revenge,2025,tmdb_api,test
1456349,It Was Just an Accident,2025,tmdb_api,test
1265063,After the Hunt,2025,tmdb_api,test
1285965,Dangerous Animals,2025,tmdb_api,test
1205229,Night of the Zoopocalypse,2025,tmdb_api,test
937941,Shelby Oaks,2025,tmdb_api,test
1093237,Hurry Up Tomorrow,2025,tmdb_api,test
765897,The Unbreakable Boy,2025,tmdb_api,test
1196791,Soul on Fire,2025,tmdb_api,test
1149504,Honey Don't!,2025,tmdb_api,test
1198208,Veera Dheera Sooran: Part 2,2025,tmdb_api,test
1659775,The Wallpaper,2025,tmdb_api,test
1290954,Rekhachithram,2025,tmdb_api,test
1195430,Deva,2025,tmdb_api,test
1287141,Pillion,2025,tmdb_api,test
1376879,Tunnels: Sun in the Dark,2025,tmdb_api,test
1214130,Stitch Head,2025,tmdb_api,test
1173720,Hobal,2025,tmdb_api,test
1380415,The Last Supper,2025,tmdb_api,test
1288072,Keeper,2025,tmdb_api,test
1443940,Truth & Treason,2025,tmdb_api,test
1327145,Graduation Heist,2025,tmdb_api,test
757725,Shadow Force,2025,tmdb_api,test
1284120,The Ugly Stepsister,2025,tmdb_api,test
944931,Heidi: Rescue of the Lynx,2025,tmdb_api,test
1365302,"Chavín de Huántar, el rescate del siglo",2025,tmdb_api,test
896536,The Legend of Ochi,2025,tmdb_api,test
324544,In the Lost Lands,2025,tmdb_api,test
1083968,Locked,2025,tmdb_api,test
804370,Arco,2025,tmdb_api,test
1206008,Ella McCay,2025,tmdb_api,test
1135303,The Senior,2025,tmdb_api,test
1568668,Roi Roi Binale,2025,tmdb_api,test
1226863,The Super Mario Galaxy Movie,2026,tmdb_api,test
687163,Project Hail Mary,2026,tmdb_api,test
1462229,Pegasus 3,2026,tmdb_api,test
1327819,Hoppers,2026,tmdb_api,test
1316092,“Wuthering Heights”,2026,tmdb_api,test
1159559,Scream 7,2026,tmdb_api,test
1305781,Blades of the Guardians,2026,tmdb_api,test
1297842,GOAT,2026,tmdb_api,test
1582770,Dhurandhar: The Revenge,2026,tmdb_api,test
1325734,The Drama,2026,tmdb_api,test
1321179,The King's Warden,2026,tmdb_api,test
1198994,Send Help,2026,tmdb_api,test
1367642,Reminders of Him,2026,tmdb_api,test
1168190,The Wrecking Crew,2026,tmdb_api,test
1171145,Crime 101,2026,tmdb_api,test
1272837,28 Years Later: The Bone Temple,2026,tmdb_api,test
1236153,Mercy,2026,tmdb_api,test
1290821,Shelter,2026,tmdb_api,test
1116201,Iron Lung,2026,tmdb_api,test
680493,Return to Silent Hill,2026,tmdb_api,test
840464,Greenland 2: Migration,2026,tmdb_api,test
1266127,Ready or Not: Here I Come,2026,tmdb_api,test
1315303,Primate,2026,tmdb_api,test
1439713,Mana ShankaraVaraPrasad Garu,2026,tmdb_api,test
1291335,Solo Mio,2026,tmdb_api,test
1159831,The Bride!,2026,tmdb_api,test
1455079,"You, Me & Tuscany",2026,tmdb_api,test
1145899,Marsupilami,2026,tmdb_api,test
467905,How to Make a Killing,2026,tmdb_api,test
1336770,Vaazha II,2026,tmdb_api,test
1213898,Border 2,2026,tmdb_api,test
1022453,The Rajasaab,2026,tmdb_api,test
1292695,They Will Kill You,2026,tmdb_api,test
1405769,I Can Only Imagine 2,2026,tmdb_api,test
1461254,Salmokji: Whispering Water,2026,tmdb_api,test
1413097,Melania,2026,tmdb_api,test
1528577,Bunny!!,2026,tmdb_api,test
1110034,Kraken,2026,tmdb_api,test
1551507,The Wedding,2026,tmdb_api,test
1268127,Humint,2026,tmdb_api,test
1010755,The Strangers: Chapter 3,2026,tmdb_api,test
1119449,"Good Luck, Have Fun, Don't Die",2026,tmdb_api,test
1523145,Your Heart Will Be Broken,2026,tmdb_api,test
1542352,Youth,2026,tmdb_api,test
1275574,O'Romeo,2026,tmdb_api,test
965483,Parasakthi,2026,tmdb_api,test
1154538,Nirvanna the Band the Show the Movie,2026,tmdb_api,test
1422562,The Moment,2026,tmdb_api,test
1193501,Whistle,2026,tmdb_api,test
1146058,The Pout-Pout Fish,2026,tmdb_api,test
1088548,Bitter Christmas,2026,tmdb_api,test
696393,Cold Storage,2026,tmdb_api,test
1242265,Fuze,2026,tmdb_api,test
855435,Faces of Death,2026,tmdb_api,test
1107166,Psycho Killer,2026,tmdb_api,test
1263012,Dead Man's Wire,2026,tmdb_api,test
1307373,Wasteman,2026,tmdb_api,test
1125701,Midwinter Break,2026,tmdb_api,test
1509579,Gayong 2,2026,tmdb_api,test
1168719,Silent Friend,2026,tmdb_api,test
